"SMILES","label","Split"
"Oc1c(I)cc(Cl)c2cccnc12","0","train"
"CCNC(=NCCSCc1ncccc1Br)NC#N","0","train"
"CS(=O)(=O)N(CCO)c1c(Cl)c(Cl)cc2[nH]c(=O)c(=O)[nH]c12","0","train"
"COc1cc(C2c3cc4c(cc3C(OC3OC5COC(C)OC5C(O)C3O)C3COC(=O)C23)OCO4)cc(OC)c1O","0","train"
"COC1(NC(=O)C2SC(=C(C(N)=O)C(=O)O)S2)C(=O)N2C(C(=O)O)=C(CSc3nnnn3C)CSC21","0","train"
"CO[C@@]1(NC(=O)C2SC(=C(C(N)=O)C(=O)O)S2)C(=O)N2C(C(=O)O)=C(CSc3nnnn3C)CS[C@@H]21","0","train"
"c1ccc(NC2=NCCN2)cc1","0","train"
"CN1Cc2c(-c3noc(C(C)(O)CO)n3)ncn2-c2cccc(Cl)c2C1=O","0","train"
"CN1Cc2c(-c3noc(C(C)(CO)CO)n3)ncn2-c2cccc(Cl)c2C1=O","0","train"
"CN1Cc2c(-c3noc(C(C)(O)O)n3)ncn2-c2cccc(Cl)c2C1=O","0","train"
"CN1Cc2c(-c3noc([C@](C)(O)CO)n3)ncn2-c2cccc(Cl)c2C1=O","0","train"
"CCOC(=O)N1CSCC1C(=O)O","0","train"
"O=C1c2c(O)cc(O)cc2CC(c2ccc(O)c(O)c2)C1O","0","train"
"OC[C@H]1O[C@H](O[C@]2(CO)O[C@H](CO)[C@@H](O)[C@@H]2O)[C@H](O)[C@@H](O)[C@@H]1O","0","train"
"C=CCc1cccc(/C=N\NC(=O)CN2CCN(Cc3ccc(S(N)(=O)=O)cc3)CC2)c1O","0","train"
"OCC(O)C(O)C(O)C(O)CO","0","train"
"CC(=O)Nc1cccc(-c2csc(N=C(N)N)n2)c1","0","train"
"O=C(O)c1nc2ccc(C(F)(F)F)cc2nc1NCc1ccc(C(F)(F)F)cc1","0","train"
"CC(=O)NC1C(O)OC(COS(=O)(=O)O)C(OC2OC(COS(=O)(=O)O)C(O)C(O)C2O)C1O","0","train"
"CN=C(NC#N)Nc1cccc(-c2csc(N=C(N)N)n2)c1","0","train"
"NC(N)=Nc1nc(-c2ccc(O)c(O)c2)cs1","0","train"
"CC(C)CC(=O)c1ccc(OCCCCOc2ccc3ccc(=O)oc3c2)cc1O","0","train"
"CO[C@H]1/C=C/O[C@@]2(C)Oc3c(C)c(O)c4c(O)c(c(/C=N/N5CCN(C)CC5)c(O)c4c3C2=O)NC(=O)C/C(C)=C\C=C\[C@@H](C)C(O)[C@@H](C)[C@H](O)[C@H](C)[C@H](OC(C)=O)[C@@H]1C","0","train"
"COc1cc([C@@H]2c3cc4c(cc3[C@@H](O[C@@H]3O[C@@H]5CO[C@@H](C)O[C@H]5[C@H](O)[C@H]3O)[C@H]3COC(=O)[C@H]23)OCO4)cc(OC)c1O","0","train"
"Cc1ccc(NC(=O)c2ccc(CN3CCN(C)CC3)cc2)cc1Nc1nccc(-c2cccnc2)n1","0","train"
"CN[C@H]1C(=O)N[C@@H]2Cc3ccc(cc3)Oc3cc4cc(c3O[C@@H]3O[C@H](CO)[C@@H](O)[C@H](O)[C@H]3NC(=O)CCCCCCCCC(C)C)Oc3ccc(cc3Cl)[C@@H](O)[C@@H]3NC(=O)[C@H](NC(=O)[C@@H]4NC(=O)[C@@H](NC2=O)c2cc(cc(O)c2Cl)Oc2cc1ccc2O)c1ccc(O)c(c1)-c1c(O[C@H]2O[C@H](CO)[C@@H](O)[C@H](O)[C@@H]2O)cc(O)cc1[C@@H](C(=O)NCCCN(C)C)NC3=O","0","train"
"Cc1nnc2n1-c1ccc(Cl)cc1C(c1ccccc1)=NC2O","0","train"
"CN=C(NC#N)NCCSCC1=NC=NC1C","0","train"
"CN=C(NC#N)NCCSCc1nc[nH]c1C","0","train"
"CC1(C(=O)O)CCC2(C)CCC3(C)C(=CC(=O)C4C5(C)CCC(O)C(C)(C)C5CCC43C)C2C1","0","train"
"CCCc1nc(C)c2c(=O)[nH]c(-c3cc(S(=O)(=O)N4CCN(CC)CC4)ccc3OCC)nn12","0","train"
"CCCn1c(=O)c2[nH]c(C3CCC(=O)C3)nc2n(CCC)c1=O","0","train"
"CCCn1c(=O)c2[nH]c([C@H]3CCC(=O)C3)nc2n(CCC)c1=O","0","train"
"COC(=O)Nc1nc2ccc(C(=O)N3CCN(c4ccccn4)CC3)cc2[nH]1","0","train"
"NCc1c[n+]2ccccc2[nH]1","0","train"
"Cc1ccccc1N=C1N(C)CCN1C","0","train"
"Cc1ccccc1NC1=NCCN1","0","train"
"CC(C)c1c(C(=O)Nc2ccccc2)c(-c2ccccc2)c(-c2ccc(F)cc2)n1CC[C@@H](O)C[C@@H](O)CC(=O)O","0","train"
"CN1[C@H]2CC[C@H]1[C@@H](CC(=O)O)[C@@H](OC(=O)c1ccccc1)C2","0","train"
"CN1Cc2c(-c3noc(C(C)(C)O)n3)ncn2-c2cccc(Cl)c2C1=O","0","train"
"CN(C)Cc1ccc(CSCCNc2nc(=O)c(Cc3ccc4ccccc4c3)c[nH]2)o1","0","train"
"COc1ccc(NS(=O)(=O)c2sc3ccc(Cl)cc3c2C)cc1N1CCNCC1","0","train"
"COc1ccc2c(c1)c(CC(=O)O)c(C)n2C(=O)c1ccc(Cl)cc1","0","train"
"Cc1ccc(N=C2N(C)CCN2C)c(C)c1","0","train"
"Cc1ccc(NC2=NCCN2)c(C)c1","0","train"
"Cc1nc(Nc2ncc(C(=O)Nc3c(Cl)cccc3Cl)s2)cc(N2CCN(CCO)CC2)n1","0","train"
"N#CC(c1ccc(Cl)cc1)c1c(Cl)cc(-n2ncc(=O)[nH]c2=O)cc1Cl","0","train"
"NCC1(Cc2noc(=O)[nH]2)CCCCC1","0","train"
"NCCc1nc(-c2ccccc2)cs1","0","train"
"Nc1nc(NCCc2ccc(O)cc2)nc2nc(-c3ccco3)nn12","0","train"
"O=c1[nH]cnc2c1ncn2[C@@H]1CC[C@H](CO)O1","0","train"
"O=c1[nH]cnc2c1ncn2[C@H]1CC[C@@H](CO)O1","0","train"
"OCc1nnc2n1-c1ccc(Cl)cc1C(c1ccccc1)=NC2","0","train"
"COc1ccc2c(c1)C(CC(=O)O)C(C)N2C(=O)c1ccc(Cl)cc1","0","train"
"COc1ccc2c(c1)[C@@H](CC(=O)O)[C@H](C)N2C(=O)c1ccc(Cl)cc1","0","train"
"CN/C(=C/[N+](=O)[O-])NCCSc1ccc(CN(C)C)o1","0","train"
"CN/C(=C\[N+](=O)[O-])NCCSCc1ccc(CN(C)C)o1","0","train"
"CN/C(=N\C[N+](=O)[O-])NCCSCc1coc(CN(C)C)c1","0","train"
"CN=C(C[N+](=O)[O-])NCCCSc1ccc(CN(C)C)o1","0","train"
"CN=C(C[N+](=O)[O-])NCCSCc1ccc(CN(C)C)o1","0","train"
"CNC(=C[N+](=O)[O-])NCCSCc1ccc(CN(C)C)o1","0","train"
"CNC(C[N+](=O)[O-])=NCCSc1ccc(CN(C)C)o1","0","train"
"C[C@H]1O[C@@H](O[C@H]2[C@@H](O)C[C@H](O[C@H]3[C@@H](O)C[C@H](O[C@H]4CC[C@]5(C)[C@H]6C[C@@H](O)[C@]7(C)C(C8=CC(=O)OC8)CC[C@]7(O)[C@@H]6CC[C@@H]5C4)O[C@@H]3C)O[C@@H]2C)C[C@H](O)[C@@H]1O","0","train"
"CO[C@H]1CN(CC2Cc3ccc(NC(=O)C(C)C)cc3C2)CCC1n1c(C)nc2cc(C)ccc21","0","train"
"Nc1nc(=O)n([C@@H]2CS[C@H](CO)O2)cc1F","0","train"
"CC1OC(OC2C(O)CC(OC3C(O)CC(OC4CCC5(C)C(CCC6C5CC(O)C5(C)C(C7=CC(=O)OC7)CCC65O)C4)OC3C)OC2C)CC(O)C1O","0","train"
"Nc1ccn(C2CCC(CO)O2)c(=O)n1","0","train"
"Nc1ccn([C@H]2CC[C@@H](CO)O2)c(=O)n1","0","train"
"CN(C)CCc1c[nH]c2ccc(O)cc12","0","train"
"CC(=O)Oc1ccc(/C=C/C(=O)NCCc2ccccc2)cc1OC(C)=O","0","train"
"CN(C)c1cc(-c2n[nH]c(N)n2)ccn1","0","train"
"NC(N)=Nc1nc(-c2cccc(N)c2)cs1","0","train"
"CCS(=O)(=O)n1c2c(c3cc(C(=O)N4CCC(C)CC4)ccc31)CN(C1CCOCC1)CC2","0","train"
"CCCCCCCCCCCCCCCCOP(=O)(O)OCC[N+](C)(C)C","0","train"
"CN(C)Cc1ccc(CSCCNc2[nH]ccc2[N+](=O)[O-])o1","0","train"
"CN(C)Cc1ccc(SCCNc2[nH]ccc2[N+](=O)[O-])o1","0","train"
"CCN1CCCC1CNC(=O)c1cc(S(N)(=O)=O)ccc1OC","0","train"
"CCn1cc(C(=O)O)c(=O)c2cc(F)c(N3CCNCC3)cc21","0","train"
"CC(C)CC1C(=O)N2CCCC2C2(O)OC(NC(=O)C3C=C4c5cccc6[nH]c(Br)c(c56)CC4N(C)C3)(C(C)C)C(=O)N12","0","train"
"CC(C)C[C@H]1C(=O)N2CCC[C@H]2[C@]2(O)O[C@](NC(=O)[C@@H]3C=C4c5cccc6[nH]c(Br)c(c56)C[C@H]4N(C)C3)(C(C)C)C(=O)N12","0","train"
"CN1CC(C(=O)NC2(C)OC3(O)C4CCCN4C(=O)C(Cc4ccccc4)N3C2=O)CC2C3=CC=CC4NC=CC(=C34)CC21","0","train"
"Cc1ccc(Cc2cnc(NCCSCc3ccc(CN(C)C)o3)[nH]c2=O)cn1","0","train"
"O=c1cccc2n1CC1CNCC2C1","0","train"
"Cc1ccc(Cc2cnc(NCCSCc3ccc(C(C)(C)N)o3)[nH]c2=O)cn1","0","train"
"CN(C)CCc1c[nH]c2ccc(C[C@H]3COC(=O)N3)cc12","0","train"
"CCC1(O)CC2CN(CCc3c([nH]c4ccccc34)C(C(=O)OC)(c3cc4c(cc3OC)N(C=O)C3C(O)(C(=O)OC)C(OC(C)=O)C5(CC)C=CCN6CCC43C65)C2)C1","0","train"
"CC(C)(C(=O)O)c1ccc(C(O)CCCN2CCC(C(O)(c3ccccc3)c3ccccc3)CC2)cc1","1","train"
"CC(C)(C)c1ccc(C(=O)N2CCN(c3ccc(OCCCN4CCCCC4)cc3)C(=O)C2)cc1","1","train"
"CCC(NC(=O)c1c(OCC(=O)O)c(-c2ccccc2)nc2ccccc12)c1ccccc1","1","train"
"CCOC(=O)NNc1ccc(N(CC(C)O)C(C)C)nn1","1","train"
"CN(C)C(=O)Cn1nc(-c2c(-c3ccccc3)nn3ccccc23)ccc1=O","1","train"
"CN1CC(=O)N2C(Cc3c([nH]c4ccccc34)C2c2ccc3c(c2)OCO3)C1=O","1","train"
"COC(=O)C1C(=O)C=C(Nc2cccc([N+](=O)[O-])c2)CC1C","1","train"
"COC(=O)[C@@H]1C(=O)C=C(Nc2cccc([N+](=O)[O-])c2)C[C@H]1C","1","train"
"COc1cc(N)cn[n+]1-c1ccccc1","1","train"
"COc1cc2c(cc1CNC1C3CCN(C3)C1C(c1ccccc1)c1ccccc1)N(S(C)(=O)=O)CC2","1","train"
"Cc1ccc(-c2cc(C(F)(F)F)nn2-c2ccc(S(N)(=O)=O)cc2)cc1","1","train"
"Clc1cccc(C(c2ccc3nc[nH]c3c2)n2ccnc2)c1","1","train"
"O=C(O)CCCCO/N=C(\c1cccnc1)c1cccc(C(F)(F)F)c1","1","train"
"O=C(c1ccc(C(=O)N2CCN(c3ccc(OC4CCN(C5CCC5)CC4)cc3)C(=O)C2)cc1)N1CCC1","1","train"
"Oc1cc(-c2nc(-c3ccccc3)[nH]c2-c2ccncc2)ccc1Cl","1","train"
"CC(C)(C)NCC(O)COc1cccc2c1CC(O)C(O)C2","1","train"
"COC(=O)C1C(=O)C=C(Nc2ccc(Cl)cc2)CC1C","1","train"
"Cc1c(O)cccc1C(=O)NC(CSc1ccccc1)C(O)CN1CC2CCCCC2CC1C(=O)NC(C)(C)C","1","train"
"Cc1c(O)cccc1C(=O)N[C@@H](CSc1ccccc1)[C@@H](O)CN1CC2CCCCC2C[C@H]1C(=O)CNC(C)(C)C","1","train"
"CCS(=O)(=O)c1ccc(-c2ccc3cc(O)ccc3c2Oc2ccc(OCCN3CCCCC3)cc2)cc1","1","train"
"C[C@]12CC(=O)[C@H]3[C@@H](CCC4=CC(=O)C=C[C@@]43C)[C@@H]1CCC2(O)C(=O)CO","1","train"
"COc1ccc(C(C)(C)O)cc1CNC1C2CCN(CC2)C1C(c1ccccc1)c1ccccc1","1","train"
"CC1CCN(CCC2CCN2S(=O)(=O)C2=CC(O)=CCC2)CC1","1","train"
"Cc1cc(Cl)ccc1NC1=NCCN1","1","train"
"CN(C)CCOc1ccc(-c2nc(-c3ccc4c(c3)CC/C4=N\CO)c(-c3ccncc3)[nH]2)cc1","1","train"
"COc1ccc(NS(=O)(=O)c2ccc(N)cc2)nn1","1","train"
"Cc1cn([C@H]2C[C@H](F)[C@@H](CO)O2)c(=O)[nH]c1=O","1","train"
"COc1cccc2c1C(=O)c1c(O)c3c(c(O)c1C2=O)CC(O)(C(=O)CO)CC3OC1CC(N)C(O)C(C)O1","1","train"
"COc1cccc2c1C(=O)c1c(O)c3c(c(O)c1C2=O)C[C@@](O)(C(=O)CO)C[C@@H]3O[C@H]1C[C@H](N)[C@H](O)[C@H](C)O1","1","train"
"CS(=O)(=O)c1ccc(-c2ccc3cc(O)ccc3c2Oc2ccc(OCCN3CCCCC3)cc2)cc1","1","train"
"O=c1[nH]c2ccccc2n1CCCN1CCC(n2c(=O)[nH]c3cc(Cl)ccc32)CC1","1","train"
"Nc1nc(=O)c2ncn(COCCO)c2[nH]1","1","train"
"CN/C(=N\CCSCc1csc(NC(=N)N)n1)NC#N","1","train"
"CCc1ccc(-n2cnc3c(sc4nccc(N(C)CCc5ccccn5)c43)c2=O)cc1","1","train"
"CCn1nnc(NC(=O)C2c3ccccc3Oc3ccccc32)n1","1","train"
"COc1cc2c(c(OC)c1OC)-c1ccc(OC)c(=O)cc1C(NC(C)=O)CC2","1","train"
"Cc1nc2n(c(=O)c1CCN1CCC(c3coc4cc(F)ccc34)CC1)CCCC2O","1","train"
"N[C@H](Cc1ccccc1)C(=O)ON1CCC[C@H]1C(=O)O","1","train"
"Nc1ccn(C2CC(CO)C(CO)O2)c(=O)n1","1","train"
"C=C(C)C(=O)/C(=C\C(=O)O)OC","1","train"
"C/C=C/C(C)C(O)C1C(=O)NC(CC)C(=O)N(C)CC(=O)N(C)C(CC(C)C)C(=O)NC(C(C)C)C(=O)N(C)C(CC(C)C)C(=O)NC(C)C(=O)NC(C)C(=O)N(C)C(CC(C)C)C(=O)N(C)C(CC(C)C)C(=O)N(C)C(CC(C)C)C(=O)N1C","1","train"
"C/C=C/[C@@H](C)[C@@H](O)[C@@H]1C(=O)N[C@H](CC)C(=O)N(C)CC(=O)N(C)[C@H](CC(C)C)C(=O)N[C@H](C(C)C)C(=O)N(C)[C@H](CC(C)C)C(=O)N[C@H](C)C(=O)N[C@H](C)C(=O)N(C)[C@H](CC(C)C)C(=O)N(C)[C@H](CC(C)C)C(=O)N(C)[C@H](CC(C)C)C(=O)N1C","1","train"
"C/C=C/[C@@H](C)[C@@H](O)[C@H]1C(=O)N[C@@H](CC)C(=O)N(C)CC(=O)N(C)[C@@H](CC(C)C)C(=O)N[C@@H](C(C)C)C(=O)N(C)[C@@H](CC(C)C)C(=O)N[C@@H](C)C(=O)N[C@H](C)C(=O)N(C)[C@@H](CC(C)C)C(=O)N(C)[C@@H](CC(C)C)C(=O)N(C)[C@@H](CC(C)C)C(=O)N1C","1","train"
"CC=CCC(C)C(O)C1C(=O)NC(CC)C(=O)N(C)CC(=O)N(C)C(CC(C)C)C(=O)NC(C(C)C)C(=O)N(C)C(CC(C)C)C(=O)NC(C)C(=O)NC(C)C(=O)N(C)C(CC(C)C)C(=O)N(C)C(CC(C)C)C(=O)N(C)C(C(C)C)C(=O)N1C","1","train"
"Cc1c(CCOC(=O)c2cc(=O)c3c(Cl)cc(Cl)cc3[nH]2)sc[n+]1C","1","train"
"Oc1ccc(-c2ccc3cc(O)ccc3c2Oc2ccc(OCCN3CCCCC3)cc2)cc1","1","train"
"CC(C)(C)NC(=O)C1CN(Cc2cccnc2)CCN1CC(O)CC(Cc1ccccc1)C(=O)NC1c2ccccc2CC1O","1","train"
"Cc1cn([C@@H]2C[C@H](N=[N+]=[N-])[C@H](CO)O2)c(=O)[nH]c1=O","1","train"
"CCCC(=O)N(c1ccccc1)C1(COC)CCN(CCn2nnn(CC)c2=O)CC1","1","train"
"Cc1cn([C@H]2C[C@H](N=[N+]=[N-])[C@@H](CO)O2)c(=O)[nH]c1=O","1","train"
"C/C=C/CC(C)C(O)C1C(=O)NC(CC)C(=O)N(C)CC(=O)N(C)C(CC(C)C)C(=O)NC(C(C)C)C(=O)N(C)C(CC(C)C)C(=O)NC(C)C(=O)NC(C)C(=O)N(C)C(CC(C)C)C(=O)N(C)C(CC(C)C)C(=O)N(C)C(C(C)C)C(=O)N1C","1","train"
"C=CC1C[C@@H]2CC[C@H]1C[C@@H]2[C@@H](O)c1ccnc2ccc(OC)cc12","1","train"
"CC(C)c1nc(CN(C)C(=O)NC(C(=O)NC(Cc2ccccc2)CC(O)C(Cc2ccccc2)NC(=O)OCc2cncs2)C(C)C)cs1","1","train"
"CC1CN(C2CCC(C#N)(c3ccc(F)cc3)CC2)CCC1(C(=O)O)c1ccccc1","1","train"
"CC1N=C(N)Nc2cccc(Cl)c21","1","train"
"CCCCCCCCCCCCCCCCCCOCC(COP(=O)(O)OCC[N+](C)(C)C)OC","1","train"
"CC[C@@H](C)n1ncn(-c2ccc(N3CCN(c4ccc(OC[C@@H]5CO[C@@](CSc6nncn6C)(c6ccc(Cl)cc6)O5)cc4)CC3)cc2)c1=O","1","train"
"N#Cc1ccc(C(=O)N2CCN(c3ccc(OC4CCN(C5CCC5)CC4)cc3)C(=O)C2)cc1","1","train"
"Cc1nc2n(c(=O)c1CCN1CCC(c3noc4cc(F)ccc34)CC1)CCCC2O","1","train"
"O=C1CC=[N+](C2CC(F)C(CO)O2)C(=O)N1","1","train"
"Cc1nc2n(c(=O)c1CCN1CCC(c3noc4cc(F)ccc34)CC1)CC(O)CC2","1","train"
"NC(=O)c1ncn(C2OC(CO)C(O)C2O)n1","1","train"
"O=C(O)c1cc[nH]c1NCCSCc1ncccc1Br","1","train"
"O=[N+]([O-])c1cc[nH]c1NCCSCc1ncccc1Br","1","train"
"NC(=O)c1cnn(C2OC(CO)C(O)C2O)n1","1","train"
"O=[N+]([O-])c1[nH]ccc1NCCSCc1ncccc1Br","1","train"
"CCn1cc(C(=O)O)c(=O)c2ccc(C)nc21","1","train"
"O=[N+]([O-])c1cc[nH]c1NCCSCc1ccccn1","1","train"
"Cc1cccc(COc2cccc(/C=C3\C(=O)NN(c4ccccc4)C3=O)c2)c1","1","train"
"O=C1NCC(c2ccccc2)C2(CCN(C(=O)c3cc(C(F)(F)F)cc(C(F)(F)F)c3)CC2)O1","1","train"
"Cc1ccc(NC2=NCCN2)c(Cl)c1","1","train"
"CCC(C)n1ncn(-c2ccc(N3CCN(c4ccc(OCC5COC(Cn6cncn6)(c6ccc(Cl)cc6Cl)O5)cc4)CC3)cc2)c1=O","1","train"
"CCC(C)n1ncn(-c2ccc(N3CCN(c4ccc(OC[C@H]5CO[C@](Cn6cncn6)(c6ccc(Cl)cc6Cl)O5)cc4)CC3)cc2)c1=O","1","train"
"CC(=O)N1CCN(c2ccc(OCC3CO[C@@](Cn4ccnc4)(c4ccc(Cl)cc4Cl)O3)cc2)CC1","1","train"
"CC(=O)N1CCc2ccc(N(C(=O)/C=C/c3cccc(C#N)c3)N3CCN(CCC4CCCC4)CC3)cc21","1","train"
"CC(=O)Cc1ccc(C(=O)Nc2cc(-c3cccs3)ccc2N)cc1","1","train"
"NC(=O)C(c1ccccc1)(c1ccccc1)C1CCN(CCc2ccc3c(c2)CCO3)C1","1","train"
"NC(=O)C(c1ccccc1)(c1ccccc1)[C@@H]1CCN(CCc2ccc3c(c2)CCO3)C1","1","train"
"CSC(=N)N","1","train"
"COc1ccc2c3c1O[C@@H]1C(O)CC[C@@]4(O)C(C2)NCC[C@]314","1","train"
"COc1ccc2c3c1O[C@H]1[C@H](O)CC[C@@]4(O)C(C2)N(C)CC[C@]314","1","train"
"O=S1(=O)N[C@H]2CCCN2c2ccccc21","1","train"
"CC(C)CC1C(=O)N2CCC[C@H]2C2O[C@](NC(=O)[C@@H]3C=C4c5cccc6[nH]c(Br)c(c56)C[C@H]4N(C)C3)(C(C)C)C(=O)N12","1","train"
"Cc1nc(N2CCc3ccccc3CC2)c([N+](=O)[O-])c(=O)[nH]1","1","train"
"NC(=O)N1c2ccccc2CC(O)c2ccccc21","1","train"
"CC(=O)Nc1ccc(C(=O)Nc2ccccc2N)cc1","1","train"
"C/C(=C(\CCOC(=O)c1cc(=O)c2c(Cl)cc(Cl)cc2[nH]1)SSC(C)C)N(C=O)Cc1cnc(C)nc1N","1","train"
"Oc1cccc(-c2ccc3cc(O)ccc3c2Oc2ccc(OCCN3CCCCC3)cc2)c1","1","train"
"CC(C)CN(CC(O)C(Cc1ccccc1)NC(=O)OC1CCOC1)S(=O)(=O)c1ccc(N)cc1","1","train"
"CN1CN(c2ccc(Br)cc2)C2(CCN(CCCC(=O)c3ccc(F)cc3)CC2)C1=O","1","train"
"CC(=O)OC1C(=O)[C@]2(C)[C@@H](O)C[C@H]3OCC3(OC(C)=O)[C@H]2C(OC(=O)c2ccccc2)[C@]2(O)C[C@H](OC(=O)[C@H](O)C(NC(=O)c3ccccc3)c3ccccc3)C(C)=C1C2(C)C","1","train"
"CC(C)CC(CN)CC(=O)O","1","train"
"Cc1ccc(C(=O)NC2CC2)cc1-c1ccc(C(=O)NCC2CC2)cc1","1","train"
"CC(=O)Nc1nnc(S(N)(=O)=O)s1","1","train"
"CN(C)c1ccc(O)c2c1C[C@H]1C[C@H]3[C@@H](N(C)C)C(=O)C(C(N)=O)=C(O)[C@@]3(O)C(=O)C1=C2O","1","train"
"CN(C)c1ccc(O)c2c1C[C@H]1C[C@H]3[C@H](N(C)C)C(=O)C(C(N)=O)=C(O)[C@@]3(O)C(=O)C1=C2O","1","train"
"COc1ccc(S(=O)(=O)Nc2cc(Br)cc(F)c2Br)cc1N1CCNCC1","1","train"
"O=NN(CCCl)C(=O)NCCCl","1","train"
"CCCCc1c(O)n(-c2ccccc2)n(-c2ccccc2)c1=O","1","train"
"CN(C(=O)C(c1ccccc1)c1ccccc1)C(CN1CCC(O)C1)c1ccccc1","1","train"
"CCCCC1C(=O)N(c2ccccc2)N(c2ccccc2)C1=O","1","train"
"COc1cc2ncnc(Nc3ccc(F)c(Cl)c3)c2cc1OCCCN1CCOCC1","1","train"
"Cc1cn(C2C=CC(CO)O2)c(=O)[nH]c1=O","1","train"
"CN(C)CCCN1c2ccccc2[S+]([O-])c2ccccc21","1","train"
"CCc1ccc(-n2cnc3c(sc4nccc(N(C)C)c43)c2=O)cc1","1","train"
"Cn1nnc2c(C(N)=O)ncn2c1=O","1","train"
"NC(=O)c1ccc(S(=O)(=O)C2CCN(CCc3ccc(F)cc3F)CC2)cc1","1","train"
"CC(=O)NCCCOc1cccc(CN2CCCCC2)c1","1","train"
"CC(C)(C)NC(=O)[C@@]1(c2c(C(=O)O)[nH]c3cc(Cl)ccc23)N2C(=O)[C@]21c1ccc(OCc2ccc(Cl)cc2)cc1","1","train"
"CNS(=O)(=O)CCc1ccc2[nH]cc(C3CCN(C)CC3)c2c1","1","train"
"O=C(c1ccc(F)cc1)N1CCN(c2ccc(OCCCN3CCCCC3)cc2)C(=O)C1","1","train"
"CCN1CN(c2ccc(Br)cc2)C2(CCN(CCCC(=O)c3ccc(F)cc3)CC2)C1=O","1","train"
"CN1CCN(c2c(F)cc3c(=O)c(C(=O)O)cn(CCF)c3c2F)CC1","1","train"
"NC1(C(=O)O)CCCC1","1","train"
"CC1=C(C(=O)OC(C)(C)C)C(c2cccc([N+](=O)[O-])c2)C(C(=O)OC(C)(C)C)=C(C)N1","1","train"
"CC[C@@]1(O)C(=O)OCc2c1cc1n(c2=O)Cc2cc3c(CN(C)C)c(O)ccc3nc2-1","1","train"
"COc1cc2c(cc1CNC1CCCNC1c1ccccc1)N(S(C)(=O)=O)C(C)C2","1","train"
"N[C@@]1(C(=O)O)CC(=O)[C@@H]2[C@H]1[C@@]2(F)C(=O)O","1","train"
"CNS(=O)(=O)Cc1ccc2[nH]cc(CCN(C)C)c2c1","1","train"
"CC(C)(C)NCC(O)COc1cccc2c1CCC(=O)N2","1","train"
"C=CC#N","1","train"
"Cc1nc(NC(=O)C2c3ccccc3Oc3ccccc32)no1","1","train"
"NCCCS(=O)(=O)O","1","train"
"O=C(c1ccc(Cl)cc1)N1CCN(c2ccc(OC3CCN(C4CCC4)CC3)cc2)C(=O)C1","1","train"
"Cc1ccc2c(OCCN3CCC(Cc4ccc5c(c4)NC(=O)CO5)CC3)cccc2n1","1","train"
"CC(C)(C)[N+](=O)C=C1C=CN([O-])C=C1","1","train"
"CC(C)Oc1cccc(CC(=O)N2CCC[C@](CC[N+]34CCC(c5ccccc5)(CC3)CC4)(c3ccc(Cl)c(Cl)c3)C2)c1","1","train"
"CN(C)CCC[C@@]1(c2ccc(F)cc2)OCc2cc(C#N)ccc21","1","train"
"CN(C)S(=O)(=O)c1ccc(-c2ccc3cc(O)ccc3c2Oc2ccc(OCCN3CCCCC3)cc2)cc1","1","train"
"COc1ccc(N(c2nc(C)c(C)s2)S(C)(=O)=O)cc1CNC1CCCNC1c1ccccc1","1","train"
"CC(=O)C1CSc2ccccc2N1CCC1CCCCN1C","1","train"
"CC1c2ccccc2N(C(N)=O)c2ccccc2C1C","1","train"
"NC(=O)C1c2ccccc2C2OC2c2ccccc21","1","train"
"NC(=O)N1c2ccccc2C2CC2c2ccccc21","1","train"
"CN1C(=O)CC[C@H]1c1cccnc1","1","train"
"Cc1nc2n(c(=O)c1CCN1CCC(c3coc4cc(F)ccc34)CC1)CCCC2","1","train"
"CC(=O)Cn1nc(-c2c(-c3ccccc3)nn3ccccc23)ccc1=O","1","train"
"CNCCc1ccccn1","1","train"
"ClCCl","1","train"
"CN1CC[C@]23c4c5ccc(O)c4O[C@H]2[C@@H](O)C=C[C@H]3[C@H]1C5","1","train"
"CC12CCC3c4ccc(O)cc4CCC3C1CC(F)C2O","1","train"
"CCC1(C2=CCCCC2)C(=O)NC(=O)NC1=O","1","train"
"CC(C)c1nc(-c2ncn3c2CN(C)C(=O)c2c(Cl)cccc2-3)no1","1","train"
"C[C@]12CC[C@@H]3c4ccc(O)cc4CC[C@H]3[C@@H]1C[C@H](F)[C@@H]2O","1","train"
"CC(=O)OC1C(=O)C2(C)C(O)CC3OCC3(OC(C)=O)C2C(OC(=O)c2ccccc2)C2(O)CC(OC(=O)C(O)C(NC(=O)c3ccccc3)c3ccccc3)C(C)=C1C2(C)C","1","train"
"CC(C)c1nc(-c2ncn3c2CNC(=O)c2c(Cl)cccc2-3)no1","1","train"
"CC1(C)SSC(C)(C)[C@@H](C(=O)O)NC(=O)C(Cc2ccccc2)NC(=O)CNC(=O)[C@@H]1NC(=O)C(N)Cc1ccc(O)cc1","1","train"
"CC1(C)SSC(C)(C)[C@@H](NC(=O)[C@@H](N)Cc2ccc(O)cc2)C(=O)NCC(=O)N[C@@H](Cc2ccccc2)C(=O)N[C@H]1C(=O)O","1","train"
"CC1C=Nc2c1c(=O)[nH]c(=O)n2C","1","train"
"CCC1(C)CC(=O)NC1=O","1","train"
"CCOC(=O)c1ncn2c1CN(C)C(=O)c1cc(F)ccc1-2","1","train"
"Cc1ncc2n1-c1ccc(Cl)cc1C(c1ccccc1F)=NC2O","1","train"
"N#Cc1cc(C2=Nc3ccc(-c4ccccc4F)cc3NC(=O)C2)ccn1","1","train"
"CCOC(=O)N1CCC(=C2c3ccc(Cl)cc3CCc3cccnc32)CC1","1","train"
"CC[C@@]1(O)C(=O)OCc2c1cc1n(c2=O)Cc2cc3ccccc3nc2-1","1","train"
"CN1C(=O)C2N=CN=C2N(C)C1=O","1","train"
"CC(=O)N1CCN(c2ccc(OC[C@H]3CO[C@](Cn4ccnc4)(c4ccc(Cl)cc4Cl)O3)cc2)CC1","1","train"
"CC(Cl)Cl","1","train"
"CN(C)Cc1ccnc(-c2cccc(NC3NC=CC3[N+](=O)[O-])c2)c1","1","train"
"Cc1cc(Br)cc(C)c1NC1=NCCN1","1","train"
"N=C(N)SCCF","1","train"
"CN(C)Cc1ccc(-c2cccc(Nc3[nH]ccc3[N+](=O)[O-])c2)o1","1","train"
"CN(C)Cc1ccc(-c2cccc(NC3N=CC=C3[N+](=O)[O-])c2)o1","1","train"
"CN(C)c1ccc(-c2cccc(Nc3[nH]ccc3[N+](=O)[O-])c2)o1","1","train"
"CC1NC(=O)C2(CCCC2)NC1=O","1","train"
"C[C@@H]1NC(=O)C2(CCCC2)NC1=O","1","train"
"CN1CN(c2ccccc2)C2(CCN(CCCC(=O)c3ccc(I)s3)CC2)C1=O","1","train"
"CN1Cc2c(C(=O)OC(C)(C)C)ncn2-c2ccsc2C1=O","1","train"
"CNC(=O)c1c(NCC2CCC3(CCC3)CC2)nc(C#N)nc1OC1CC(C)(C)NC(C)(C)C1","1","train"
"O=C(NCCCOc1cccc(CN2CCCCC2)c1)c1ccccc1","1","train"
"O=[N+]([O-])c1nccn1CCCF","1","train"
"C#CCO","1","train"
"CC(C)(O)Cn1nc(-c2c(-c3ccccc3)nn3ccccc23)ccc1=O","1","train"
"C=CCC1(CC=C)C(=O)NC(=O)NC1=O","1","train"
"COc1ccc(N2CCCC2=O)cc1CNC1CCCNC1c1ccccc1","1","train"
"C[C@]12C[C@H](O)[C@H]3[C@H](CCC4=CC(=O)CC[C@@]43C)[C@@H]1CC[C@]2(O)C(=O)CO","1","train"
"Cc1cccc(Cl)c1Nc1nc2ccc(N3CCNC(C)C3)nc2n2cncc12","1","train"
"Nc1nc(NC2CC2)c2ncn([C@H]3C=C[C@@H](CO)C3)c2n1","1","train"
"Nc1nc(NC2CC2)c2ncn([C@H]3C=C[C@H](CO)C3)c2n1","1","train"
"C=C[C@H]1CN2CCC1C[C@@H]2[C@@H](O)c1ccnc2ccc(OC)cc12","1","train"
"OCC(O)CO","1","train"
"CCCC(CCC)C(=O)O","1","train"
"CN1CCC23c4c5ccc(O)c4OC2C(O)C=CC3C1C5","1","train"
"C=CC1CN2CCC1CC2C(O)c1ccnc2ccc(OC)cc12","1","train"
"CCC1(C)C(=O)NC(=O)NC1=O","1","train"
"Cn1ncnc1COc1nn2c(-c3cc(F)ccc3F)nnc2cc1C(C)(C)C","1","train"
"O=c1n(CCCN2CCN(c3cccc(Cl)c3)CC2)nc2ccccn12","1","train"
"CCO","1","train"
"Fc1cccc(F)c1N=C1NCCN1","1","train"
"O=C(Cc1ccc(OCc2ccccc2)cc1)Nc1ccc2cnn(CCN3CCCC3)c2c1","1","train"
"O=C(OCc1ccccc1)N1CCC(CNc2ccncn2)CC1","1","train"
"S=C(NC1CCCCC1)N1CCC(c2cnc[nH]2)CC1","1","train"
"NCC1(CC(=O)O)CCCCC1","1","train"
"C[C@]12CC(O)[C@H]3[C@@H](CCC4=CC(=O)C=C[C@@]43C)[C@@H]1CC[C@]2(O)C(=O)CO","1","train"
"C[C@]12C[C@H](O)[C@H]3[C@@H](CCC4=CC(=O)C=C[C@@]43C)[C@@H]1CC[C@]2(O)C(=O)CO","1","train"
"C=CC=C","1","train"
"C=CCc1cccc(/C=N\NC(=O)CN2CCN(Cc3ccccc3)CC2)c1O","1","train"
"CC(C)CO","1","train"
"CC(N)C(=O)O","1","train"
"CC1CCN(CC[C@H]2CCCN2S(=O)(=O)c2cccc(O)c2)CC1","1","train"
"COC(=O)C1C(=O)C=C(Nc2cccc(OC(F)(F)F)c2)CC1C","1","train"
"COC(=O)[C@@H]1C(=O)C=C(Nc2cccc(OC(F)(F)F)c2)C[C@H]1C","1","train"
"O=[N+]([O-])c1nccn1CCCCCCCCF","1","train"
"CCCO","1","train"
"CCn1cc(C(=O)O)c(=O)c2cc(F)c(N3CCN(C)CC3)cc21","1","train"
"NC1=NCC2c3ccccc3Cc3ccccc3N12","1","train"
"[Kr]","1","train"
"C[C@@H]1C[C@H]2[C@@H]3CCC4=CC(=O)C=C[C@]4(C)[C@@]3(F)[C@@H](O)C[C@]2(C)[C@@]1(O)C(=O)CO","1","train"
"CCCC(C)(COC(N)=O)COC(N)=O","1","train"
"CC(C)=O","1","train"
"c1ccc(-c2nnc(N3CCN(c4ncccn4)CC3)cc2-c2ccncc2)cc1","1","train"
"O=c1c(-c2ccc(O)cc2)coc2cc(O)ccc12","1","train"
"NC(N)=O","1","train"
"CC(=O)/C=C/c1cccs1","1","train"
"CC(C)Nc1cccnc1N1CCNCC1","1","train"
"CCC1(CC)C(=O)NC(=O)NC1=O","1","train"
"CCOC(=O)c1ncn2c1CN(CCF)C(=O)c1cc(F)ccc1-2","1","train"
"ClCCCl","1","train"
"N#Cc1ccsc1C1=Nc2ccc(Cl)cc2NC(=O)C1","1","train"
"O=c1cc(NC2CCN(Cc3ccc4c(c3)CCO4)CC2)c2cc(Cl)ccc2o1","1","train"
"COC(C)=O","1","train"
"C=CCn1c2c(c3cc(C(=O)N4CCC(C)CC4)ccc31)CN(CC1CC1)CC2","1","train"
"CC(C)NCCCOc1cccc(CN2CCCCC2)c1","1","train"
"Cl/C=C\Cl","1","train"
"CC(C)(c1ccc(O)cc1)c1ccc(O)cc1","1","train"
"CC(C)n1nnc(NC(=O)C2c3ccccc3Oc3ccccc32)n1","1","train"
"CN1C[C@H](CCn2c3c(c4ccccc42)C(=O)NCC3)CC1=O","1","train"
"O=[N+]([O-])c1c(Cc2ccccc2)c[nH]c1NCCSCc1ccccn1","1","train"
"CCC1(O)CC2CN(CCc3c([nH]c4ccccc34)C(C(=O)OC)(c3cc4c(cc3OC)N(C)C3C(O)(C(=O)OC)C(OC(C)=O)C5(CC)C=CCN6CCC43C65)C2)C1","1","train"
"O=C1NC(=O)C(c2ccccc2)(c2ccccc2)N1","1","train"
"CCCC(C)C1(CC)C(=O)NC(=S)NC1=O","1","train"
"Cc1cc(=O)n(-c2ccccc2)n1C","1","train"
"CC(C)O","1","train"
"CC(C)NCC(O)COc1cccc2[nH]ccc12","1","train"
"NC(=O)N1c2ccccc2C=Cc2ccccc21","1","train"
"C=CCC1(C(C)C#CCC)C(=O)NC(=O)N(C)C1=O","1","train"
"CC(F)OC(=O)c1ncn2c1CN(C)C(=O)c1cc(F)ccc1-2","1","train"
"COCCCN1CCC(NC(=O)c2cc(Cl)c(N)c3c2OCC3)CC1","1","train"
"Cc1c(I)c(=O)n(-c2ccccc2)n1C","1","train"
"Cc1cc(-c2cc(N)n3nc(-c4ccccn4)nc3c2)ccn1","1","train"
"O=S(=O)(c1ccc2cc[nH]c2c1)N1CCCC1CCN1CCC(Oc2ccc(Cl)cc2)CC1","1","train"
"OCc1ncc2n1-c1ccc(Cl)cc1C(c1ccccc1F)=NC2","1","train"
"CC(C)(C)OC(=O)c1ncn2c1C1CCCN1C(=O)c1c(Br)cccc1-2","1","train"
"CC(C)(C)OC(=O)c1ncn2c1[C@@H]1CCCN1C(=O)c1c(Br)cccc1-2","1","train"
"CC(C)(C)OC(=O)c1ncn2c1C1CCCN1C(=O)c1cc(Br)ccc1-2","1","train"
"COC1/C=C\C=C(\C)C(=O)NC2=CC(=O)C(NCCN(C)C)=C(CC(C)CC(OC)C(O)C(C)/C=C(/C)C1OC(N)=O)C2=O","1","train"
"CO[C@H]1/C=C\C=C(/C)C(=O)NC2=CC(=O)C(NCCN(C)C)=C(C[C@H](C)C[C@@H](OC)[C@@H](O)[C@H](C)/C=C(\C)[C@@H]1OC(N)=O)C2=O","1","train"
"CC1CCN(CCC2CCN2S(=O)(=O)c2cccc(O)c2)CC1","1","train"
"CC1(O)NC=C2CN=C(c3ccccc3F)c3cc(Cl)ccc3N21","1","train"
"CCC1(c2ccccc2)C(=O)NCNC1=O","1","train"
"CC[C@H](C)C(=O)O[C@H]1C[C@@H](C)C=C2C=C[C@H](C)[C@H](CC[C@@H]3C[C@@H](O)CC(=O)O3)[C@H]21","1","train"
"C=CC","1","train"
"C=CCC1(C(C)CCCC)C(=O)NC(=O)N(C)C1=O","1","train"
"CN1C2CCC1CC(OC(=O)C(CO)c1ccccc1)C2","1","train"
"CN1[C@H]2CC[C@@H]1CC(OC(=O)C(CO)c1ccccc1)C2","1","train"
"Cn1cc(-c2ccncc2)c(-c2ccc(OCc3ccc4ccccc4n3)cc2)n1","1","train"
"Cc1c(F)c(=O)n(-c2ccccc2)n1C","1","train"
"Cc1cc(=O)n(-c2ccc(F)cc2)n1C","1","train"
"O=c1c(Br)ccc2n1CC1CNCC2C1","1","train"
"O=c1cccc2n1CC1CNC(Br)C2C1","1","train"
"CCNCc1ccc(C(=O)Nc2cc(C)n(Cc3cc(Cl)ccc3OCC(C)C)n2)cc1","1","train"
"CNCc1ccc(C(=O)Nc2cc(-c3ccccc3)ccc2N)cc1","1","train"
"CO[C@@H]1CN(CC2Cc3ccc(C#N)cc3C2)CCC1n1c(C(C)(C)O)nc2cc(C)ccc21","1","train"
"Cc1cccc(C)c1Nc1ncc(-c2cccc(OCCN3CCCC3)c2)n2cncc12","1","train"
"O=C1CCC(N2C(=O)c3ccccc3C2=O)C(=O)N1","1","train"
"CC1C=[N+](C2CC(N=[N+]=N)C(CO)O2)C(=O)NC1=O","1","train"
"CC[C@@H](C(N)=O)N1CCCC1=O","1","train"
"O=S(=O)(c1ccc2cc[nH]c2c1)N1CCCC1CCN1CCC(Oc2cccc(Cl)c2)CC1","1","train"
"Cc1cnc(N=C(N)N)s1","1","train"
"Cc1csc(N=C(N)N)n1","1","train"
"O","1","train"
"Oc1ccc2c(c1)OCO2","1","train"
"C1CCc2nnnn2CC1","1","train"
"CN1CCCC12CCN(Cc1ccc(C(=O)Nc3cc(-c4ccccc4)ccc3N)cc1)CC2","1","train"
"Cc1ncc2n1-c1ccc(Cl)cc1C(c1ccccc1F)=N[C@@H]2O","1","train"
"CCCCO","1","train"
"O=C(OCc1ccccc1)N1CCC(CNc2ccccn2)CC1","1","train"
"OCCCOc1cccc(CN2CCCCC2)c1","1","train"
"CC(=O)N1CCN(C2CCN(C(=O)N(C)C(C)c3cc(C(F)(F)F)cc(C(F)(F)F)c3)C(c3ccc(F)cc3C)C2)CC1","1","train"
"CCC(C)(C)C(=O)O[C@H]1C[C@@H](C)C=C2C=C[C@H](C)[C@H](CC[C@@H]3C[C@@H](O)CC(=O)O3)[C@H]21","1","train"
"CCCN1CN(c2ccc(Br)cc2)C2(CCN(CCCC(=O)c3ccc(F)cc3)CC2)C1=O","1","train"
"CCN1CN(c2ccccc2)C2(CCN(CCCC(=O)c3ccc(F)cc3)CC2)C1=O","1","train"
"O=[N+]([O-])c1nccn1CC(O)CF","1","train"
"O=[N+]([O-])c1nccn1CC(O)COCF","1","train"
"c1ccc2c(c1)CCC(CNCCCNC1=NCCCN1)O2","1","train"
"Cc1nc2n(c(=O)c1CCN1CCC(c3noc4cc(F)ccc34)CC1)CCCC2","1","train"
"Cc1nnc2n1-c1ccc(Cl)cc1C(c1ccccc1)=NC2","1","train"
"C","1","train"
"CC(=O)[C@]1(O)Cc2c(O)c3c(c(O)c2[C@@H](O[C@H]2C[C@H](N)[C@H](O)[C@H](C)O2)C1)C(=O)c1ccccc1C3=O","1","train"
"CC(C)CC(N)C(=O)O","1","train"
"CC12CCC(=O)C=C1CCC1C2CCC2(C)C(O)CCC12","1","train"
"CCCCCc1cc(O)c2c(c1)OC(C)(C)[C@@H]1CCC(C)=C[C@@H]21","1","train"
"CN1CCC23CCCCC2C1Cc1ccc(O)cc13","1","train"
"COC(=O)[C@@H]1C(=O)C=C(Nc2ccc(Cl)cc2)C[C@@H]1C","1","train"
"Cc1c(N(C)C)c(=O)n(-c2ccccc2)n1C","1","train"
"Cc1ccnc2c1NC(=O)c1cccnc1N2C1CC1","1","train"
"N#Cc1c(COc2ccccn2)nc(N)nc1-c1ccco1","1","train"
"N#Cc1c(N2CCc3ccccc3CC2)ncn(CCO)c1=O","1","train"
"NC(=O)C1c2ccccc2C=Cc2ccccc21","1","train"
"C[C@H](Nc1cc(-c2c(-c3cccc(C(F)(F)F)c3)nc(C3CCNCC3)n2C)ccn1)c1ccccc1","1","train"
"CCCCCCCC1(CC)C(=O)NC(=O)NC1=O","1","train"
"CO","1","train"
"COc1ccc2c(c1)[C@]13CCCC[C@@H]1[C@H](C2)N(C)CC3","1","train"
"O=C(CC1=NC2NN(c3ccccc3)C(=O)C2=C1CC(=O)c1cccc2ccccc12)c1cccc2ccccc12","1","train"
"N#N","1","train"
"[Ar]","1","train"
"[N-]=[N+]=O","1","train"
"NN","1","train"
"CCC(C)CO","1","train"
"CCC1(CCC(C)C)C(=O)NC(=O)NC1=O","1","train"
"Cl/C=C/Cl","1","train"
"CCC1(CCC(C)C)CNC(=O)NC1=O","1","train"
"CCn1c(C)nc(N2CCc3ccccc3CC2)c([N+](=O)[O-])c1=O","1","train"
"CCCN(CCC)c1cc(C)nc2c(-c3cnc(N(C)C)cc3C)c(C)nn12","1","train"
"CC[C@@]1(O)C[C@@H]2CN(CCc3c([nH]c4ccccc34)[C@](C(=O)OC)(c3cc4c(cc3OC)N(C)C3[C@@](O)(C(=O)OC)[C@H](OC(C)=O)[C@]5(CC)C=CCN6CC[C@]43C65)C2)C1","1","train"
"O=C(CCCN1CCC2(CC1)C(=O)NCN2c1ccc(Br)cc1)c1ccc(F)cc1","1","train"
"CNC(=O)Oc1ccc2c(c1)C1(C)CCN(C)C1N2C","1","train"
"COCCOC(=O)C1=C(C)NC(C)=C(C(=O)OC(C)C)C1c1cccc([N+](=O)[O-])c1","1","train"
"FCC(Cl)(Cl)Cl","1","train"
"CCCC1(CC)C(=O)NC(=O)NC1=O","1","train"
"CCCCCC1(CC)C(=O)NC(=O)NC1=O","1","train"
"O=C(O)c1ccccc1C(=O)OC1CCc2ccccc2C1","1","train"
"CN1C(=O)NC(=O)C(C)(C2=CCCCC2)C1=O","1","train"
"C=COC=C","1","train"
"CCCC(C)C1(CC)C(=O)NC(=O)NC1=O","1","train"
"CN1CC(C)(C2=CCCCC2)C(=O)NC1=O","1","train"
"Clc1cccc(Cl)c1NC1=NCCN1","1","train"
"c1cc(CN2CCCCC2)cc(OCCCNc2nc3ccccc3s2)c1","1","train"
"CC(C)(C)O","1","train"
"CN1C2=C3N=c4ccccc4=C3CCN2C(=O)c2ccccc21","1","train"
"COc1ccc2c3c1O[C@H]1C(=O)CC[C@@]4(O)[C@@H](C2)N(C)CC[C@]314","1","train"
"Cc1ccc2c(OCCN3CCC(Cc4ccc5c(c4)N(C)C(=O)CO5)CC3)cccc2n1","1","train"
"Clc1cccc(Cl)c1NC1N=CCN1","1","train"
"Clc1cccc(Cl)c1N[C@@H]1N=CCN1","1","train"
"FC(F)OC(F)C(F)(F)F","1","train"
"CCCOC(C)=O","1","train"
"C=COCCCCOC=C","1","train"
"CCC[C@@H](C)C1(CC)C(=O)NC(=O)NC1=O","1","train"
"F/C=C/O/C=C/F","1","train"
"F/C=C\O/C=C/F","1","train"
"FC=COC=CF","1","train"
"O=c1cc(NC2CCN(C/C=C/c3ccccc3)CC2)c2cc(Cl)ccc2o1","1","train"
"Clc1ccc(NC2=NCCN2)c(Cl)c1","1","train"
"CCC(C)(C)OC","1","train"
"N#Cc1cccc(-c2ccc3cc(O)ccc3c2Oc2ccc(OCCN3CCCCC3)cc2)c1","1","train"
"Cc1cc(-c2ccccc2)nnc1N1CCN(c2ncccn2)CC1","1","train"
"COc1ccc2c3c1O[C@H]1C[C@@H](O)C=C[C@@]31CCNC2","1","train"
"CCCCC1(CC)C(=O)NC(=O)NC1=O","1","train"
"CC(=O)O[C@H]1C(=O)[C@]2(C)[C@@H](O)C[C@H]3OC[C@@]3(OC(C)=O)[C@H]2[C@H](OC(=O)c2ccccc2)[C@]2(O)C[C@H](OC(=O)[C@H](O)[C@@H](NC(=O)c3ccc(F)cc3)c3ccccc3)C(C)=C1C2(C)C","1","train"
"C=CCC1(C(C)CCC)C(=O)NC(=O)NC1=O","1","train"
"C=CCC1([C@H](C)CCC)C(=O)NC(=O)NC1=O","1","train"
"CCC(=O)N(c1ccccc1)C1(COC)CCN(CCc2cccs2)CC1","1","train"
"CCCCCO","1","train"
"CN(C)Cc1ccccc1Sc1cc(F)c(Cl)cc1N","1","train"
"CN(C)Cc1ccccc1Sc1ccc(F)cc1N","1","train"
"COCCn1c(C)nc(N2CCC(c3ccc(F)cc3)CC2)c([N+](=O)[O-])c1=O","1","train"
"COc1ccc2c3c1OC1CC(O)C=C(CN(C)C2)C31","1","train"
"[Ne]","1","train"
"CCOC(C)(C)C","1","train"
"CNCCCC1(c2ccccc2)SC(C)(C)c2ccccc21","1","train"
"COc1ccc2c(c1)[C@@]13CCCC[C@@H]1[C@@H](C2)N(C)CC3","1","train"
"Cc1cccc(C)c1Nc1ncc(-c2ccc(OCCN3CCCC3)cc2)n2cncc12","1","train"
"c1cc2ccc3cccc4ccc(c1)c2c34","1","train"
"FC(F)OC(F)(F)C(F)Cl","1","train"
"CN1CCCC1c1cccnc1","1","train"
"CCCCCCCCC1(CC)C(=O)NC(=O)NC1=O","1","train"
"COc1ccc(-n2nnnc2C(F)(F)F)cc1CNC1CCCNC1c1ccccc1","1","train"
"CSc1ccc2c(c1)N(CC[C@H]1CCCCN1C)c1ccccc1S2","1","train"
"CCCN1CCC[C@@H]2Cc3nc(N)ncc3C[C@H]21","1","train"
"O=C(CCCN1CCC2(CC1)C(=O)NCN2c1ccccc1)c1ccc(F)cc1","1","train"
"CCCN1CCOC2c3cc(O)ccc3CCC21","1","train"
"FC(Br)C(F)(F)F","1","train"
"F[C@H](Br)C(F)(F)F","1","train"
"Cc1nccn1CC1CCc2c(c3ccccc3n2C)C1=O","1","train"
"Cl/C(=C\n1cncn1)c1ccc(Cl)cc1Cl","1","train"
"ClC=C(Cl)Cl","1","train"
"FC(F)(F)C(Cl)Br","1","train"
"ClC(Cl)Cl","1","train"
"CC(C)(C)c1nc(N2CCN(CCCSc3nccc(=O)[nH]3)CC2)cc(C(F)(F)F)n1","1","train"
"CCC(NC(=O)c1c(C)c(-c2ccccc2)nc2ccccc12)c1ccccc1","1","train"
"CCCN1CC(CSC)CC2c3cccc4[nH]cc(c34)CC21","1","train"
"CCCN1C[C@H](CSC)C[C@@H]2c3cccc4[nH]cc(c34)C[C@H]21","1","train"
"CC[C@H](NC(=O)c1c(C)c(-c2ccccc2)nc2ccccc12)c1ccccc1","1","train"
"COc1ccc(C2Sc3ccccc3N(CCN(C)C)C(=O)C2OC(C)=O)cc1","1","train"
"COc1ccc([C@@H]2Sc3ccccc3N(CCN(C)C)C(=O)[C@@H]2OC(C)=O)cc1","1","train"
"Cc1cc(-c2ccccc2)nnc1NCCN1CCOCC1","1","train"
"Cc1cc(NC(=O)c2ccc(CN3CCCC3)cc2)nn1Cc1cc(Cl)ccc1OCC(C)C","1","train"
"Cc1cn(-c2cccc(Nc3ncnc4c3CCc3ccccc3-4)c2)cn1","1","train"
"Cc1nc2sccn2c(=O)c1CCN1CCC(=C(c2ccc(F)cc2)c2ccc(F)cc2)CC1","1","train"
"FCOC(C(F)(F)F)C(F)(F)F","1","train"
"Nc1nc2ccc(OC(F)(F)F)cc2s1","1","train"
"CN1C(=O)CC(=O)N(c2ccccc2)c2cc(Cl)ccc21","1","train"
"CCCCN1CC2Cc3cc(OC)c(OC)cc3C2C1","1","train"
"COc1ccc2c3c1OC1CC(O)C=CC31CCN(C)C2","1","train"
"COc1ccc2c3c1O[C@H]1C[C@@H](O)C=C[C@@]31CCN(C)C2","1","train"
"Cc1nc2cc(CNC3CCCNC3c3ccccc3)c(OC(C)C)cc2s1","1","train"
"c1cncc(C2CCCN2)c1","1","train"
"COc1ccc2c3c1O[C@H]1C(=O)CC[C@H]4[C@@H](C2)N(C)CC[C@]314","1","train"
"Cc1cnn(C2CCN(c3nc4ccccc4n3Cc3ccc(F)cc3)CC2)c1","1","train"
"OC1CNCc2ccccc21","1","train"
"c1cncc([C@@H]2CCCN2)c1","1","train"
"Brc1cccc(Br)c1NC1=NCCN1","1","train"
"CCc1cc2cc(C(=O)C3CCC(OC)CC3)ccc2nc1C","1","train"
"ClCC(Cl)(Cl)Cl","1","train"
"Cc1ccccc1-c1ccc(N)cc1N(C)C(=O)C(C)(C)c1cc(C(F)(F)F)cc(C(F)(F)F)c1","1","train"
"FC(F)(F)CC(Cl)Br","1","train"
"CN1CC[C@]23c4c5ccc(O)c4O[C@H]2C(=O)CC[C@@]3(O)[C@H]1C5","1","train"
"FC(F)(F)CCC(Cl)Br","1","train"
"CCCCCCC1(CC)C(=O)NC(=O)NC1=O","1","train"
"CCOC(=O)Nc1cc2c(c(N)n1)N=C(CN(C)c1ccc(OC)cc1)CN2","1","train"
"COC(C)(C)C","1","train"
"COc1ccc(-c2nccs2)cc1CNC1CCCNC1c1ccccc1","1","train"
"Cc1ccc(Cn2c([C@H]3CNCCO3)nc3ccccc32)cc1","1","train"
"Cc1nc2c(c(-n3ccc(C(F)(F)F)n3)n1)CCN2c1ccc(Cl)cc1Cl","1","train"
"O=c1[nH]c(C2=CC(N3CCC(c4ccccc4)CC3)CC2)nc2c(Cl)cccc12","1","train"
"COc1ccccc1CNC1C2CCN(CC2)C1C(c1ccccc1)c1ccccc1","1","train"
"ClC(Cl)=C(Cl)Cl","1","train"
"CN(C)c1ccc(O)c(CNc2cccc3ccc(CO)nc23)c1","1","train"
"Clc1ccc(Cl)c(N=C2NCCN2)c1","1","train"
"O=c1ccc(-c2c(-c3ccccc3)nn3ccccc23)nn1CCN1CCCCC1","1","train"
"CC(C)NCC(O)COc1ccc(CCOCC2CC2)cc1","1","train"
"COc1cc2c(c(CNC3CCCNC3c3ccccc3)c1)OCC2","1","train"
"Clc1ccc2c(c1)[C@H]1CNC[C@@H]1c1ccccc1O2","1","train"
"COc1cc2c(c(CN[C@H]3CCCN[C@@H]3c3ccccc3)c1)OCC2","1","train"
"OCCOCCN1CCN([C@@H](c2ccccc2)c2ccc(Cl)cc2)CC1","1","train"
"O=C1CC(=O)N(c2ccccc2)c2cc(Cl)ccc2N1","1","train"
"OCCOCCN1CCN(C(c2ccccc2)c2ccc(Cl)cc2)CC1","1","train"
"Cc1ncc2n1-c1ccc(Cl)cc1C(c1ccccc1F)=NC2","1","train"
"FS(F)(F)(F)(F)F","1","train"
"C#CC1(O)CCC2C3C(C)CC4=C(CCC(=O)C4)C3CCC21","1","train"
"C#CC1(O)CCC2C3C(C)CC4=C(CCC(=O)C4)C3CCC21C","1","train"
"C#C[C@]1(O)CC[C@H]2[C@H]3[C@H](CC[C@@]21C)C1=C(CC(=O)CC1)C[C@H]3C","1","train"
"CCCCCOC(C)=O","1","train"
"CC[C@H](C)[C@H]1O[C@@]2(CC[C@H]1C)C[C@@H]1C[C@@H](CC=C(C)[C@@H](O[C@H]3C[C@H](OC)[C@@H](O[C@H]4C[C@H](OC)[C@H](O)[C@H](C)O4)[C@H](C)O3)[C@H](C)C=CC=C3COC4[C@H](O)C(C)=C[C@@H](C(=O)O1)[C@]34O)O2","1","train"
"CN1CCC[C@H]1c1cccnc1","1","train"
"c1ccc(C2(N3CCCCC3)CCCCC2)cc1","1","train"
"C[C@H]1CN(c2c(F)c(N)c3c(=O)c(C(=O)O)cn(C4CC4)c3c2F)C[C@@H](C)N1","1","train"
"Clc1cc(Br)cc(Cl)c1NC1=NCCN1","1","train"
"COc1ccc(C=C2CCCN=C2c2cccnc2)c(OC)c1","1","train"
"CN(C)c1ccnc2sc3c(=O)n(C4CCCCCC4)cnc3c12","1","train"
"CN(C)c1ccnc2sc3c(=O)n(N4CCCCCC4)cnc3c12","1","train"
"O=C(Nc1ccc(Cl)nc1)c1ccc(F)c(F)c1","1","train"
"c1cc(CN2CCCCC2)cc(OCCCNc2nccs2)c1","1","train"
"CC(=O)OCC(C)C","1","train"
"CCC(=O)OC(Cc1ccccc1)(c1ccccc1)[C@H](C)CN(C)C","1","train"
"CN1CN(c2ccccc2)C2(CCN(CCCC(=O)c3ccc(F)cc3)CC2)C1=O","1","train"
"COc1ccc(C(C)(C)C)cc1CNC1C2CCN(CC2)C1C(c1ccccc1)c1ccccc1","1","train"
"Clc1cc(Cl)c(NC2=NCCN2)c(Cl)c1","1","train"
"Nc1nnc(-c2cccc(Cl)c2Cl)c(N)n1","1","train"
"CCC(C)N(C)C(=O)c1cc2ccccc2c(-c2ccccc2Cl)n1","1","train"
"COc1cc2sc(C)nc2cc1CNC1CCCNC1c1ccccc1","1","train"
"COc1ccc(C(C)C)cc1CNC1C2CCN(CC2)C1C(c1ccccc1)c1ccccc1","1","train"
"O=C(NCCCCN1CCC(Oc2cccc(C(F)(F)F)c2)CC1)c1ccnc2ccccc12","1","train"
"c1ccc2c(c1)[nH]c1cnccc12","1","train"
"CCc1nc(N)nc(N)c1-c1ccc(Cl)cc1","1","train"
"COc1cc2oc(C)nc2cc1CNC1CCCNC1c1ccccc1","1","train"
"COc1ccc(CN(CCN(C)C)c2ccccn2)cc1","1","train"
"CC(C)=CCN1CC[C@@]2(C)c3cc(O)ccc3CC1C2C","1","train"
"CCc1cc2c(s1)N(C)C(=O)CN=C2c1ccccc1Cl","1","train"
"CCCCCCCCC","1","train"
"C/C=C/C[C@@H](C)[C@@H](O)[C@H]1C(=O)N[C@@H](CC)C(=O)N(C)CC(=O)N(C)[C@@H](CC(C)C)C(=O)N[C@@H](C(C)C)C(=O)N(C)[C@@H](CC(C)C)C(=O)N[C@@H](C)C(=O)N[C@H](C)C(=O)N(C)[C@@H](CC(C)C)C(=O)N(C)[C@@H](CC(C)C)C(=O)N(C)[C@@H](C(C)C)C(=O)N1C","1","train"
"Fc1ccc([C@@H]2CCNCC2COc2ccc3c(c2)OCO3)cc1","1","train"
"CNCCCN1c2ccccc2CCc2cc(O)ccc21","1","train"
"CC(C)=CCN1CCC2(C)c3cc(O)ccc3CC1C2C","1","train"
"CN(C)c1ccccc1Sc1ccc(CCF)cc1N","1","train"
"CC(=O)OCCC(C)C","1","train"
"COc1ccc2c3c1O[C@H]1[C@@H](O)CC[C@H]4[C@@H](C2)N(C)CC[C@]314","1","train"
"COc1ccc2c3c1O[C@H]1[C@H](O)C=C[C@H]4[C@@H](C2)N(C)CC[C@@]341","1","train"
"CC(C)Br","1","train"
"CN1CCN(Cc2ccc(C(=O)Nc3cc(-c4ccccc4)ccc3N)cc2)CC1","1","train"
"N#Cc1ccc2c(c1)CCN(CCC1CCC(NC(=O)c3ccnc4ccccc34)CC1)C2","1","train"
"c1ccc2c(c1)CCNC2","1","train"
"COC1=C2O[C@H]3C(=O)C=C[C@H]4[C@H]5CC(C=C1)C2[C@@]34CCN5C","1","train"
"COc1ccc2[nH]nc(NC3CCN(Cc4ccc5c(c4)OCO5)CC3)c2c1","1","train"
"Cc1ccn(CCCCN2CCN(c3cc(C(F)(F)F)nc(C(C)(C)C)n3)CC2)c(=O)c1","1","train"
"Cc1nnc2n1C1CCC(Cl)CC1C(c1ccccc1Cl)=NC2","1","train"
"OC(CNCC(O)C1CCc2cc(F)ccc2O1)C1CCc2cc(F)ccc2O1","1","train"
"Brc1cc(Br)c(NC2=NCCN2)c(Br)c1","1","train"
"CN(c1nc2ccccc2s1)C1CCN(CC(O)COc2ccc(F)c(F)c2)CC1","1","train"
"CN(c1nc2ccccc2s1)C1CCN(C[C@H](O)COc2ccc(F)c(F)c2)CC1","1","train"
"COc1ccc2c3c1OC1C(O)C=CC4C(C2)N(C)CCC341","1","train"
"COc1ccc2c3c1O[C@H]1[C@@H](O)C=C[C@H]4[C@@H](C2)N(C)CC[C@]314","1","train"
"CNCCCN1c2ccccc2Sc2ccccc21","1","train"
"CC1NC(=NCC(F)F)Nc2cccc(Cl)c21","1","train"
"CCC12CCN(CC3(O)CC3)C(Cc3ccc(O)cc31)C2(C)C","1","train"
"CN(C)Cc1ccc(C(=O)Nc2ccccc2N)cc1","1","train"
"Cc1nc(N2CCc3ccccc3CC2)c(C#N)c(=O)n1CC(F)(F)F","1","train"
"S=C=S","1","train"
"c1cnc(N2CCNCC2)nc1","1","train"
"CC(C)(C)C1CCCCC1","1","train"
"COc1cc2sc(C3CC3)nc2cc1CNC1CCCNC1c1ccccc1","1","train"
"Cc1ccc(O)c(Cn2c(NC3CCN(CCN)CC3)nc3c(C)cccc32)n1","1","train"
"OC(c1cc(C(F)(F)F)nc2c(C(F)(F)F)cccc12)C1CCCCN1","1","train"
"CCc1nc(N)nc(N)c1-c1ccc(Cl)c(Cl)c1","1","train"
"CC(C)(C)N1CCC(c2ccccc2)(c2ccccc2)CC1","1","train"
"CCCCCCCCCC","1","train"
"Cc1nc(Nc2ccc(F)cc2)nc(N2CCc3ccccc3C2C)c1C","1","train"
"Cc1ccccc1-c1ccncc1C(=O)N(C)Cc1cc(C(F)(F)F)cc(C(F)(F)F)c1","1","train"
"CCCCCCCC","1","train"
"c1ccc(NCCCOc2cccc(CN3CCCCC3)c2)nc1","1","train"
"COc1cccc([C@@]2(O)CCCC[C@@H]2CN(C)C)c1","1","train"
"Cc1nnc2n1-c1ccc(Cl)cc1C(c1ccccc1Cl)=NC2","1","train"
"c1ccc2c(c1)CCCN2","1","train"
"CNC(=O)c1c(NCC2CCC3(CCC3)CC2)nc(C#N)nc1OCCO","1","train"
"OCCN1CCN(CCCN2c3ccccc3Sc3ccc(Cl)cc32)CC1","1","train"
"OCCOCCN1CCN(C2=Nc3ccccc3Sc3ccccc32)CC1","1","train"
"COc1ccc(-c2nc(-c3cccc(CN(C)C)c3)n(CCO)n2)cc1","1","train"
"CNCCC(Oc1ccc(C(F)(F)F)cc1)c1ccccc1","1","train"
"Oc1ccc2c(Oc3ccc(OCCN4CCCCC4)cc3)c(-c3cccc(F)c3)ccc2c1","1","train"
"C=CCCCCCC","1","train"
"CCCCCCNC(=O)C(c1ccccc1)c1ccccc1","1","train"
"CCCCN1C2CC[C@@H]1C[C@@H](OC(c1ccc(F)cc1)c1ccc(F)cc1)C2","1","train"
"COc1cccc(CC2CCN(C3CCC(OC)(c4ccc5c(c4)OCO5)CC3)CC2)c1","1","train"
"Cc1ncc2n1-c1ccc(Cl)cc1C(c1ccccc1Cl)=NC2","1","train"
"NCc1cccc(NC(=O)c2ccc3ccccc3c2)c1","1","train"
"CCCCN1[C@H]2CC[C@@H]1CC(OC(c1ccc(F)cc1)c1ccc(F)cc1)C2","1","train"
"CSc1ccc2c(c1)N(CCC1CCCNC1)c1ccccc1S2","1","train"
"CN(C)C(=O)C(CCN1CCC(O)(c2ccc(Cl)cc2)CC1)(c1ccccc1)c1ccccc1","1","train"
"CN(C)Cc1ccc(C(=O)Nc2cc(-c3cccs3)ccc2N)cc1","1","train"
"Cc1ccc(/C(=C/CN2CCCC2)c2ccccn2)cc1","1","train"
"Fc1ccc(Cn2c([C@H]3CNCCO3)nc3ccccc32)cc1","1","train"
"CN(c1nc2ccccc2s1)C1CCN(CC(O)COc2ccc(F)cc2)CC1","1","train"
"COc1cc(-n2cnc3cc(-c4ccc(Cl)cc4)sc3c2=O)ccc1OCCN1CCCC1","1","train"
"COc1ccccc1N1CCN(CCCCNC(=O)c2ccc3ccccc3c2)CC1","1","train"
"CCCCCCC","1","train"
"CCCCC","1","train"
"CCCCCC","1","train"
"CN(C)CCCN1c2ccccc2CCc2ccccc21","1","train"
"CCc1ccc(-c2ccc(C(=O)N(C)C3CCN(C(=O)N4CCC(N5CCCCC5)C4)C3)cc2)cc1","1","train"
"Cc1nc(N)nc(N)c1-c1ccc(Cl)c(Cl)c1","1","train"
"N[C@@H]1C[C@H]1c1ccc(F)cc1","1","train"
"N[C@H]1C[C@@H]1c1ccc(F)cc1","1","train"
"Cc1cccc2c1Oc1ccccc1[C@@]1(O)CCN(C)C[C@@H]21","1","train"
"CCCC(=O)c1ccc2c(c1)N(CCCN1CCN(C)CC1)c1ccccc1S2","1","train"
"CC1CCN(CCCC(=O)c2ccc(F)cc2)CC1","1","train"
"CN(C)CCCN1c2ccccc2CCC2CCCCCC21","1","train"
"CN(C)CCCN1c2ccccc2Cc2ccccc21","1","train"
"Clc1ccc2[nH]nc(NC3CCN(Cc4ccc5c(c4)OCO5)CC3)c2c1","1","train"
"CCOC(=O)C1(c2ccccc2)CCN(C)CC1","1","train"
"OC(CCN1CCCCC1)(c1ccccc1)C1CC2C=CC1C2","1","train"
"CC[C@H](C)C(=O)O[C@H]1C[C@H](C)C=C2C=C[C@H](C)[C@H](CC[C@@H]3C[C@@H](O)CC(=O)O3)[C@H]21","1","train"
"COc1cc2sc(C(C)(C)C)nc2cc1CNC1CCCNC1c1ccccc1","1","train"
"C=CCCCCCCC","1","train"
"CCCCC(C)C","1","train"
"CCCCCC(C)C","1","train"
"CN(C)Cc1ccc(C(=O)Nc2cc(-c3ccccc3)ccc2N)cc1","1","train"
"COC(=O)C(c1ccccc1)C1CCCCN1","1","train"
"COc1cc2c(cc1OC)C(=O)C(CC1CCN(Cc3ccccc3)CC1)C2","1","train"
"CN(Cc1cc(C(F)(F)F)cc(C(F)(F)F)c1)C(=O)c1cnccc1-c1ccccc1Cl","1","train"
"CCC(=O)C(CC(C)N(C)C)(c1ccccc1)c1ccccc1","1","train"
"CCCC(C)CC","1","train"
"C=C([CH]CC)CC","1","train"
"C1CCCCC1","1","train"
"CC1CCCC1","1","train"
"CCC[C@H](C)CC","1","train"
"COc1ccc(-c2cc(NCCO)c3ccccc3n2)cc1","1","train"
"CC(C)(C)c1cc(CN2CCN(CC(O)c3ccc(Cl)cc3)CC2)cc(C(C)(C)C)c1O","1","train"
"CC/C(=C(\c1ccccc1)c1ccc(OCCN(C)C)cc1)c1ccccc1","1","train"
"CC/C(=C(/c1ccccc1)c1ccc(OCCN(C)C)cc1)c1ccccc1","1","train"
"CCC(=C(c1ccccc1)c1ccc(OCCN(C)C)cc1)c1ccccc1","1","train"
"Oc1ccc2c(Oc3ccc(OCCN4CCCCC4)cc3)c(-c3ccc(F)c(F)c3)ccc2c1","1","train"
"O=[SH](O)(c1ccc2cc[nH]c2c1)N1CCCC1CCN1CCC(Oc2cccc(Cl)c2)CC1","1","train"
"CC1CCCCC1","1","train"
"NCCCN1c2ccccc2Sc2ccc(Cl)cc21","1","train"
"CCCCCCC(C)C","1","train"
"COc1ccc(C(C)(C)C)cc1CN[C@H]1CCCN[C@H]1c1ccccc1","1","train"
"CN(C)CCCC1(c2ccc(F)cc2)OCc2cc(C#N)ccc21","1","train"
"CC(CN(C)C)CN1c2ccccc2CCc2ccccc21","1","train"
"CN1CCN2c3ccccc3Cc3ccccc3C2C1","1","train"
"CN1CC[C@@]2(C)c3cc(OC(=O)Nc4ccccc4)ccc3N(C)[C@@H]12","1","train"
"CCC(C)(C)C","1","train"
"CCC(C)CC","1","train"
"CN(C)CC/C=C1\c2ccccc2COc2ccccc21","1","train"
"CN(C)CCC=C1c2ccccc2COc2ccccc21","1","train"
"CN1CCC2(C)c3cc(OC(=O)Nc4ccccc4)ccc3N(C)C12","1","train"
"N#Cc1ccc(S(=O)(=O)C2CCN(CCc3ccc(F)cc3F)CC2)cc1","1","train"
"CCCCCCN1CCN(c2ccc(I)cc2)CC1","1","train"
"CC1CCC(C)C(C)C1","1","train"
"CN(C)CCCN1c2ccccc2CCc2ccc(Cl)cc21","1","train"
"COc1ccc(Cl)cc1[C@]1(F)C(=O)Nc2cc(C(F)(F)F)ccc21","1","train"
"O=C(NCCCCN1CCC(Oc2cccc(C(F)(F)F)c2)CC1)c1ccc(Br)cc1","1","train"
"CCCCCCCC(C)C","1","train"
"CN(C)CCCN1c2ccccc2Sc2ccc(Cl)cc21","1","train"
"CC1CCCCC1C","1","train"
"CNC(C)CC1CCCCC1","1","train"
"CN[C@H](C)CC1CCCCC1","1","train"
"NCCCN1c2ccccc2CCc2ccccc21","1","train"
"COc1ccc(CCN2CCC(Nc3nc4ccccc4n3Cc3ccc(F)cc3)CC2)cc1","1","train"
"COc1ccc(OC(F)(F)F)cc1CN[C@H]1CCCN[C@H]1c1ccccc1","1","train"
"C[C@]12N[C@H](Cc3ccccc31)c1ccccc12","1","train"
"N#Cc1ccc(OCC2CCN(C/C=C/I)CC2)cc1","1","train"
"N#Cc1ccc(OCC2CCN(CC=CI)CC2)cc1","1","train"
"CNCCCN1c2ccccc2CCc2ccccc21","1","train"
"CN(C)CCCN1c2ccccc2Sc2ccccc21","1","train"
"Oc1ccc2c(Oc3ccc(OCCN4CCCCC4)cc3)c(-c3ccc(F)cc3)ccc2c1","1","train"
"COc1cc2sc(-c3ccccc3)nc2cc1CNC1CCCNC1c1ccccc1","1","train"
"COc1ccc(-c2nc(-c3cccc(CN(C)C)c3)n(C)n2)cc1","1","train"
"CN(C)CCOC(c1ccccc1)c1ccccc1","1","train"
"O=C(CCCN1CCC(O)(c2ccc(Cl)cc2)CC1)c1ccc(F)cc1","1","train"
"CC(CN1c2ccccc2Sc2ccccc21)N(C)C","1","train"
"CNCCCC12CCC(c3ccccc31)c1ccccc12","1","train"
"OC(CCN1CCCCC1)(c1ccccc1)C1CCCCC1","1","train"
"CNCCCN1c2ccccc2Sc2cccc(Cl)c21","1","train"
"CC(C)CN1CCN(c2ccc(I)cc2)CC1","1","train"
"CC(C)N1CCN(c2ccc(I)cc2)CC1","1","train"
"CCC(C)N1CCN(c2ccc(I)cc2)CC1","1","train"
"COCn1nc(-c2ccc(OC)cc2)nc1-c1cccc(CN(C)C)c1","1","train"
"O=C(CCCN1CCC(O)(c2ccc(Br)cc2)CC1)c1ccc(F)cc1","1","train"
"CNCCCN1c2ccccc2Sc2ccc(Cl)cc21","1","train"
"CN1CCN(CCCN2c3ccccc3Sc3ccc(C(F)(F)F)cc32)CC1","1","train"
"CN(C)CCCN1c2ccccc2Sc2ccc(C(F)(F)F)cc21","1","train"
"CN1CCN(CCCN2c3ccccc3Sc3cccc(C(F)(F)F)c32)CC1","1","train"
"O=C(CCCN1CCCN(c2ccc(Cl)cc2)CC1)c1ccc(F)cc1","1","train"
"OCCN1CCN(CCCN2c3ccccc3Sc3ccc(C(F)(F)F)cc32)CC1","1","train"
"CNC1CCC(c2ccc(Cl)c(Cl)c2)c2ccccc21","1","train"
"FC(F)(F)c1ccc(N2CCNCC2)nc1Cl","1","train"
"CC(C)c1ccc(SCCCC2CCN2C)cc1","1","train"
"BrC(Br)Br","1","train"
"C#CC1(OCC(O)CN2CCN(c3ccc(F)cc3)CC2)CCCCC1","1","train"
"C#CCC1(OC(N)=O)CCCCC1","1","train"
"C#CCN[C@@H]1CCc2ccccc21","1","train"
"C#C[C@]1(O)CC[C@H]2[C@@H]3CCc4cc(O)ccc4[C@H]3CC[C@@]21C","0","train"
"C#C[C@]1(O)CC[C@H]2[C@@H]3CCc4cc(OC)ccc4[C@H]3CC[C@@]21C","0","train"
"C/C(=C(/CCOC(=O)c1ccccc1)SS/C(CCOC(=O)c1ccccc1)=C(\C)N(C=O)Cc1cnc(C)nc1N)N(C=O)Cc1cnc(C)nc1N","1","train"
"C/C(=C(\CCOC(=O)c1ccccc1)SC(=O)c1ccccc1)N(C=O)Cc1cnc(C)nc1N","1","train"
"C/C(=C/CCN1CCC2(CC1)C(=O)NCN2c1ccccc1)c1ccc(F)cc1","1","train"
"C/C(=C1/CCOC(=O)S1)N(C=O)Cc1cnc(C)nc1N","1","train"
"C/C=C(\CC)C(=O)NC(N)=O","1","train"
"C/C=C/C1=C(C(=O)O)N2C(=O)[C@@H](NC(=O)[C@H](N)c3ccc(O)cc3)[C@H]2SC1","0","train"
"C1=C(CC2=NCNC2)CCc2ccccc21","1","train"
"C1=Cc2cccc(OCC3CNCCO3)c2C1","1","train"
"C=C(C)CNCC(=O)N(C)c1ccc(Cl)cc1C(=O)c1ccccc1","1","train"
"C=C(C)[C@@H]1CCC(C)=CC1c1c(O)cc(CCCCC)cc1O","1","train"
"C=C1CC2C3C=CC4=CC(=O)CCC4(C)C3C(O)CC2(C)[C@@]1(O)C(=O)CO","1","train"
"C=C1C[C@H]2[C@@H]3CCC4=CC(=O)C=C[C@]4(C)[C@@]3(F)C(O)C[C@]2(C)[C@@]1(O)C(=O)CO","1","train"
"C=C1c2c(Cl)ccc(O)c2C(O)=C2C(=O)C3(O)C(O)=C(C(N)=O)C(=O)C(N(C)C)C3C(O)C12","0","train"
"C=C1c2cccc(O)c2C(O)=C2C(=O)[C@]3(O)C(O)=C(C(N)=O)C(=O)[C@@H](N(C)C)[C@@H]3[C@@H](O)[C@H]12","0","train"
"C=CC(N)CCC(=O)O","1","train"
"C=CC1(C(C)CCC)C(=O)NC(=O)NC1=O","1","train"
"C=CC1O[C@@H]2CC3C4CCC5=CC(=O)C=CC5(C)C4(F)C(O)CC3(C)[C@]2(C(=O)CO)O1","1","train"
"C=CCC1(C(C)C)C(=O)NC(=O)NC1=O","1","train"
"C=CCC1(C(C)CC)C(=O)NC(=O)NC1=O","1","train"
"C=CCC1(C(C)CCC)C(=O)NC(=S)NC1=O","1","train"
"C=CCC1(C2C=CCCC2)C(=O)NC(=S)NC1=O","1","train"
"C=CCC1(CC(=C)Br)C(=O)NC(=O)NC1=O","1","train"
"C=CCC1(CC(C)(C)C)C(=O)NC(=O)NC1=O","1","train"
"C=CCC1(CC(C)C)C(=O)NC(=O)NC1=O","1","train"
"C=CCC1(CC(C)O)C(=O)NC(=O)NC1=O","1","train"
"C=CCN1C(=O)C(CC(C)C)NC1=S","1","train"
"C=CCN1CCC23c4c5ccc(OC(C)=O)c4OC2C(OC(C)=O)C=CC3C1C5","1","train"
"C=CCN1CCCC1CNC(=O)c1cc(S(=O)(=O)NC)c(N)cc1OC","1","train"
"C=CCN1CCCC1CNC(=O)c1cc(S(N)(=O)=O)cc(OC)c1OC","1","train"
"C=CCN1CC[C@]23c4c5ccc(O)c4O[C@H]2[C@@H](O)C=C[C@H]3[C@H]1C5","1","train"
"C=CCN1C[C@H](C(=O)N(CCCN(C)C)C(=O)NCC)C[C@@H]2c3cccc4[nH]cc(c34)C[C@H]21","1","train"
"C=CCONC1=Nc2ccc(Cl)cc2C(c2ccccc2Cl)=NC1","1","train"
"C=CCSCC(=O)NC1C(=O)N2C1SC(C)(C)C2C(=O)O","0","train"
"C=CC[C@@H]1/C=C(\C)C[C@H](C)C[C@H](OC)[C@H]2O[C@@](O)(C(=O)C(=O)N3CCCC[C@H]3C(=O)O[C@H](/C(C)=C/[C@@H]3CC[C@@H](O)[C@H](OC)C3)[C@H](C)[C@@H](O)CC1=O)[C@H](C)C[C@@H]2OC","0","train"
"C=NC(C(=O)NC1C(=O)N2C1SC(C)(C)C2C(=O)O)c1ccccc1","0","train"
"CC#C[C@]1(O)CC[C@H]2[C@@H]3CCC4=CC(=O)CCC4=C3[C@@H](c3ccc(N(C)C)cc3)C[C@@]21C","0","train"
"CC(=O)C12OC(C)(C)OC1CC1C3CCC4=CC(=O)CCC4(C)C3CCC12C","1","train"
"CC(=O)C1=C(O)[C@@]2(O)C(=O)c3c(c(C)c4ccc(C)c(O)c4c3O)C[C@H]2[C@@H](N)C1=O","0","train"
"CC(=O)C1CCC2C3CC=C4CC(OC(=O)CCC(=O)O)CCC4(C)C3CCC12C","1","train"
"CC(=O)N1CCN(C(=O)Cc2cc(F)cc(F)c2)[C@@H](CN2CC[C@@H](O)C2)C1","0","train"
"CC(=O)N1CCN(C(=O)Cc2ccc(C(F)(F)F)cc2)[C@@H](CN2CC[C@@H](O)C2)C1","0","train"
"CC(=O)N1CCN(C(=O)Cc2ccc(Cl)c(Cl)c2)[C@@H](CN2CCCC2)C1","1","train"
"CC(=O)N1CCN(C(=O)Cc2ccc(Cl)c(Cl)c2)[C@@H](CN2CC[C@@H](O)C2)C1","0","train"
"CC(=O)N1CCN(C(=O)Cc2ccc(S(C)(=O)=O)cc2)[C@@H](CN2CC[C@H](O)C2)C1","0","train"
"CC(=O)N1CCN(C(=O)Cc2ccc([N+](=O)[O-])cc2)[C@@H](CN2CC[C@H](O)C2)C1","0","train"
"CC(=O)N1CCN(C(=O)Cc2ccc([S@@+](C)[O-])cc2)[C@@H](CN2CC[C@H](O)C2)C1","0","train"
"CC(=O)N1CCN(C(=O)Cc2cccc([N+](=O)[O-])c2)[C@@H](CN2CC[C@H](O)C2)C1","0","train"
"CC(=O)N1CCN(C(=O)Cc2ccccc2)[C@@H](CN2CC[C@@H](O)C2)C1","0","train"
"CC(=O)NC(CCC(N)=O)C(=O)O","1","train"
"CC(=O)NCC1(c2ccccc2)CCN(CCCC(=O)c2ccc(F)cc2)CC1","1","train"
"CC(=O)NCCCN1CCN(c2cc(Cl)ccc2Cl)CC1","1","train"
"CC(=O)NCCC[C@H](NC(C)=O)C(=O)O","1","train"
"CC(=O)NCCn1c(C)cc(C=O)c1C","1","train"
"CC(=O)NNC(=O)CC(O)(c1ccccc1)c1ccccc1","1","train"
"CC(=O)Nc1ccc(OC(=O)c2ccccc2O)cc1","1","train"
"CC(=O)OC(c1ccccc1)C1CCCCN1","1","train"
"CC(=O)OC1/C=C/C(C)=C/CC(O)/C=C/C(C)=C/C(NC(=O)C(C)=O)C2(C)C(=O)OC(C1)C(C)C2=O","0","train"
"CC(=O)OC1CC[C@@]2(C)C([C@@H]1Br)[C@H](Br)C[C@@H]1[C@@H]2CC[C@@]2(C)[C@H]1CC[C@@H]2[C@H](C)CCCC(C)C","1","train"
"CC(=O)OCC(=O)OCC/C(SC(=O)c1ccco1)=C(/C)N(C=O)Cc1cnc(C)nc1N","1","train"
"CC(=O)OCC(=O)[C@@]1(O)CC[C@H]2[C@@H]3CCC4=CC(=O)C=C[C@]4(C)[C@@]3(F)[C@@H](O)C[C@@]21C","1","train"
"CC(=O)OCC(=O)[C@@]1(O)CC[C@H]2[C@@H]3CCC4=CC(=O)C=C[C@]4(C)[C@H]3[C@@H](O)C[C@@]21C","1","train"
"CC(=O)OCC(=O)[C@@]1(O)CC[C@H]2[C@@H]3CCC4=CC(=O)CC[C@]4(C)[C@@]3(F)[C@@H](O)C[C@@]21C","1","train"
"CC(=O)OCC(=O)[C@@]1(O)CC[C@H]2[C@@H]3CCC4=CC(=O)CC[C@]4(C)[C@H]3C(=O)C[C@@]21C","1","train"
"CC(=O)OCC(=O)[C@@]1(O)CC[C@H]2[C@@H]3C[C@H](C)C4=CC(=O)C=C[C@]4(C)[C@H]3[C@@H](O)C[C@@]21C","1","train"
"CC(=O)OCC(=O)[C@@]1(O)CC[C@H]2[C@@H]3C[C@H](Cl)C4=CC(=O)C=C[C@]4(C)[C@H]3C(=O)C[C@@]21C","1","train"
"CC(=O)OCC(=O)[C@@]1(O)[C@@H](C)C[C@H]2[C@@H]3CCC4=CC(=O)C=C[C@]4(C)[C@@]3(F)[C@@H](O)C[C@@]21C","1","train"
"CC(=O)OCC(=O)[C@@]1(O)[C@H](C)C[C@H]2[C@@H]3C=C(C)C4=Cc5c(cnn5-c5ccccc5)C[C@]4(C)[C@H]3[C@@H](O)C[C@@]21C","1","train"
"CC(=O)OCC(=O)[C@@]1(O)[C@H](C)C[C@H]2[C@@H]3C[C@H](F)C4=CC(=O)C=C[C@]4(C)[C@H]3[C@@H](O)C[C@@]21C","1","train"
"CC(=O)OCC(=O)[C@@]1(O)[C@H](OC(C)=O)C[C@H]2[C@@H]3CCC4=CC(=O)C=C[C@]4(C)[C@@]3(F)[C@@H](O)C[C@@]21C","1","train"
"CC(=O)OCC(=O)[C@@]1(OC(=O)C(C)C)[C@@H](C)C[C@H]2[C@@H]3CCC4=CC(=O)C=C[C@]4(C)[C@@]3(F)[C@@H](O)C[C@@]21C","1","train"
"CC(=O)OCC(=O)[C@@]1(OC(=O)c2ccco2)[C@H](C)C[C@H]2[C@@H]3CCC4=CC(=O)C=C[C@]4(C)[C@@]3(F)[C@@H](O)C[C@@]21C","1","train"
"CC(=O)OCC(=O)[C@@]1(OC(C)=O)[C@@H](C)C[C@H]2[C@@H]3C[C@H](F)C4=CC(=O)C=C[C@]4(C)[C@@]3(F)[C@@H](O)C[C@@]21C","1","train"
"CC(=O)OCC(=O)[C@@]12N=C(C)O[C@@H]1C[C@H]1[C@@H]3CCC4=CC(=O)C=C[C@]4(C)[C@H]3[C@@H](O)C[C@@]12C","1","train"
"CC(=O)OCC(=O)[C@@]12OC(C)(C)O[C@@H]1CC1C3C[C@H](F)C4=CC(=O)C=CC4(C)[C@H]3C(O)CC12C","1","train"
"CC(=O)OCC(=O)[C@@]12OC(C)(C)O[C@@H]1C[C@H]1C3CC(C#N)=C4C=C(OCCCl)CCC4(C)[C@@]3(F)C(O)CC12C","1","train"
"CC(=O)OCC(=O)[C@@]12OC(C)(C)O[C@@H]1C[C@H]1[C@@H]3C[C@H](F)C4=CC(=O)C=C[C@]4(C)[C@@]3(F)[C@@H](O)C[C@@]12C","1","train"
"CC(=O)OCC(=O)[C@H]1[C@H](C)C[C@H]2[C@@H]3C[C@H](F)C4=CC(=O)C=C[C@]4(C)C3(Cl)[C@@H](O)C[C@@]21C","1","train"
"CC(=O)OCC/C(SC(C)=O)=C(/C)N(C=O)Cc1cnc(C)nc1N","1","train"
"CC(=O)OCC1=C(C(=O)O)N2C(=O)[C@@H](NC(=O)CCC[C@@H](N)C(=O)O)[C@H]2SC1","0","train"
"CC(=O)OCC1=C(C(=O)O)N2C(=O)[C@@H](NC(=O)Cc3ccccc3)[C@H]2SC1","0","train"
"CC(=O)OCC1=C(C(=O)O)N2C(=O)[C@@H](NC(=O)[C@H](N)c3ccccc3)[C@H]2SC1","0","train"
"CC(=O)OCC1=C(C(=O)O)N2C(=O)[C@@H](NC(=O)c3c(-c4ccccc4Cl)noc3C)[C@H]2SC1","0","train"
"CC(=O)OCC1=C(C(=O)O)N2C(=O)[C@H](NC(=O)CC#N)[C@@H]2SC1","0","train"
"CC(=O)OCC1=CO[C@@H](OC(=O)CC(C)C)[C@H]2C1=C[C@H](OC(=O)CC(C)(C)OC(C)=O)[C@]21CO1","1","train"
"CC(=O)OCC1=CO[C@@H](OC(=O)CC(C)C)[C@H]2C1=C[C@H](OC(=O)CC(C)C)[C@]21CO1","1","train"
"CC(=O)OCCN1CCN(CCCN2c3ccccc3Sc3ccc(Cl)cc32)CC1","1","train"
"CC(=O)OCOC(=O)C1N2C(=O)C(NC(=O)Cc3ccccc3)C2SC1(C)C","0","train"
"CC(=O)O[C@@H](C)C(=O)[C@@]1(O)CC[C@H]2[C@@H]3CCC4=CC(=O)C=C[C@]4(C)[C@@]3(F)[C@@H](O)C[C@@]21C","1","train"
"CC(=O)O[C@H]1C(=O)[C@@]2(C)C([C@H](OC(=O)c3ccccc3)[C@]3(O)C[C@H](OC(=O)[C@H](O)[C@@H](NC(=O)c4ccccc4)c4ccccc4)C(C)=C1C3(C)C)[C@]1(OC(C)=O)CO[C@@H]1C[C@@H]2O","0","train"
"CC(=O)O[C@H]1C[C@@H]2C(COC(=O)CC(C)C)=CO[C@@H](OC(=O)CC(C)C)[C@@H]2[C@@]12CO2","1","train"
"CC(=O)O[C@H]1C[C@@]2(C)[C@@H](C[C@@H](O)[C@H]3[C@@]4(C)CC[C@@H](O)[C@@H](C)[C@@H]4CC[C@@]32C)/C1=C(\CCC=C(C)C)C(=O)O","0","train"
"CC(=O)O[C@]1(C(C)=O)CC[C@H]2[C@@H]3C[C@H](C)C4=CC(=O)C=C[C@]4(C)[C@@]3(F)[C@@H](O)C[C@@]21C","1","train"
"CC(=O)Oc1ccc2c3c1O[C@H]1[C@@H](OC(C)=O)C=C[C@H]4[C@@H](C2)N(C)CC[C@]314","1","train"
"CC(=O)[C@@]1(O)CC[C@H]2[C@@H]3C[C@H](C)C4=CC(=O)C=C[C@]4(C)[C@@]3(F)[C@@H](O)C[C@@]21C","1","train"
"CC(=O)[C@@]1(O)[C@@H](C)C[C@H]2[C@@H]3CCC4=CC(=O)C=C[C@]4(C)[C@@]3(F)[C@@H](O)C[C@@]21C","1","train"
"CC(=O)[C@@]1(O)[C@H](O)C[C@H]2[C@@H]3CCC4=CC(=O)C=C[C@]4(C)[C@@]3(F)[C@@H](O)C[C@@]21C","1","train"
"CC(=O)[C@H]1CC[C@H]2[C@@H]3CC[C@@H]4C[C@H](O)CC[C@]4(C)[C@H]3CC[C@]12C","1","train"
"CC(=O)[C@H]1CC[C@H]2[C@@H]3CC[C@H]4C[C@](C)(O)CC[C@]4(C)[C@H]3CC[C@]12C","1","train"
"CC(=O)[C@]1(N)Cc2c(O)c3c(c(O)c2[C@@H](O[C@H]2C[C@H](O)[C@H](O)CO2)C1)C(=O)c1ccccc1C3=O","0","train"
"CC(=O)[C@]1(O)Cc2c(O)c3c(c(O)c2C(OC2CC(N)C(O)C(C)O2)C1)C(=O)c1c(O)cccc1C3=O","0","train"
"CC(=O)c1ccc2c(c1)N(CC(C)N(C)C)c1ccccc1S2","1","train"
"CC(=O)c1ccc2c(c1)N(CCCN(C)C)c1ccccc1S2","1","train"
"CC(=O)c1ccc2c(c1)N(CCCN1CCN(CCO)CC1)c1ccccc1S2","1","train"
"CC(C)(C(=O)O)c1ccc(C(=O)CCCN2CCC(OC(c3ccccc3)c3ccccc3)CC2)cc1","0","train"
"CC(C)(C)C(=O)NCCCC(=O)O","1","train"
"CC(C)(C)C(=O)OCOC(=O)C1N2C(=O)[C@@H](N=CN3CCCCCC3)[C@H]2SC1(C)C","0","train"
"CC(C)(C)C(=O)OCOC(=O)[C@@H]1N2C(=O)[C@@H](NC(=O)[C@H](N)c3ccccc3)[C@H]2SC1(C)C","0","train"
"CC(C)(C)C(O)/C=C/c1ccc2c(c1)OCO2","1","train"
"CC(C)(C)CC(=O)OCC(=O)[C@@]1(O)CC[C@H]2[C@@H]3CCC4=CC(=O)C=C[C@]4(C)[C@H]3[C@@H](O)C[C@@]21C","1","train"
"CC(C)(C)CC(=O)OCC(=O)[C@@]12OC(C)(C)O[C@@H]1C[C@H]1[C@@H]3CCC4=CC(=O)C=C[C@]4(C)[C@@]3(F)[C@@H](O)C[C@@]12C","1","train"
"CC(C)(C)[C@]1(O)CCN2C[C@H]3c4ccccc4CCc4cccc(c43)[C@@H]2C1","1","train"
"CC(C)(C)c1ccc(C(=O)CCCN2CCC(OC(c3ccccc3)c3ccccc3)CC2)cc1","0","train"
"CC(C)(C)c1ccc(C(O)CCCN2CCC(C(O)(c3ccccc3)c3ccccc3)CC2)cc1","0","train"
"CC(C)(Oc1ccc(Cl)cc1)C(=O)N[C@@H](C(=O)N[C@@H]1C(=O)N2[C@@H](C(=O)O)C(C)(C)S[C@H]12)c1ccccc1","0","train"
"CC(C)(Oc1ccccc1)C(=O)N[C@@H]1C(=O)N2[C@@H](C(=O)O)C(C)(C)S[C@H]12","0","train"
"CC(C)=CCN1CC[C@@]2(C)c3cc(O)ccc3C[C@@H]1[C@H]2C","1","train"
"CC(C)=CCN1CC[C@]23c4c5ccc(O)c4O[C@H]2C(=O)CC[C@@]3(O)[C@H]1C5","1","train"
"CC(C)C(=O)OCC(=O)[C@@]12O[C@H](C3CCCCC3)O[C@@H]1C[C@H]1[C@@H]3CCC4=CC(=O)C=C[C@]4(C)[C@H]3[C@@H](O)C[C@@]12C","1","train"
"CC(C)C(=O)OCc1cccc(OC(=O)[C@@H]2N3C(=O)[C@@H](NC(=O)Cc4ccccc4)[C@H]3SC2(C)C)c1","0","train"
"CC(C)C(Br)C(=O)NC(N)=O","1","train"
"CC(C)C(O)C1CCCCC1","1","train"
"CC(C)C1(C(C)C)OCC(CO)O1","1","train"
"CC(C)C1NC(=O)[C@@H](C(C)C)OC(=O)[C@H](C(C)C)NC(=O)[C@H](C)OC(=O)[C@@H](C(C)C)NC(=O)[C@@H](C(C)C)OC(=O)[C@H](C(C)C)NC(=O)[C@H](C)OC(=O)[C@@H](C(C)C)NC(=O)[C@@H](C(C)C)OC(=O)[C@H](C(C)C)NC(=O)[C@H](C)OC1=O","0","train"
"CC(C)CC(N(C)C)C1(c2ccc(Cl)cc2)CCC1","1","train"
"CC(C)CC1NC(=O)C(CCCN)NC(=O)C(C(C)C)NC(=O)C2CCCN2C(=O)C(Cc2ccccc2)NC(=O)C(CC(C)C)NC(=O)C(CCCN)NC(=O)C(C(C)C)NC(=O)C2CCCN2C(=O)C(Cc2ccccc2)NC1=O","0","train"
"CC(C)CCC(=O)CC1c2ccccc2C(=O)N1c1ccc2ccc(Cl)nc2n1","1","train"
"CC(C)COCC(CN(Cc1ccccc1)c1ccccc1)N1CCCC1","0","train"
"CC(C)C[C@H](CN)CC(=O)O","1","train"
"CC(C)N(CCNC(=O)CN1CCCC1=O)C(C)C","1","train"
"CC(C)N1CCN(c2ccc(OC[C@H]3CO[C@](Cn4cncn4)(c4ccc(Cl)cc4Cl)O3)cc2)CC1","0","train"
"CC(C)N1CCOC(c2ccc(C(F)(F)F)cc2)C1","1","train"
"CC(C)N=c1cc2n(-c3ccc(Cl)cc3)c3ccccc3nc-2cc1Nc1ccc(Cl)cc1","0","train"
"CC(C)NC(=O)OC1CCN(CCCC(=O)c2ccc(F)cc2)CC1","1","train"
"CC(C)NNC(=O)c1ccncc1","1","train"
"CC(C)NS(=O)(=O)CCN1C(=O)c2ccccc2C1=O","1","train"
"CC(C)N[C@H]1C2CCC(CC2)[C@]1(O)c1ccc(Cl)c(Cl)c1","1","train"
"CC(C)OCC(COC(C)C)OCn1cnc2cnc(N)nc21","1","train"
"CC(C)Oc1ccccc1N1CCN(Cc2cccc(C(=O)N3CCCCC3)c2)CC1","1","train"
"CC(C)[C@@]1(O)CCN2C[C@@H]3c4ccccc4CCc4cccc(c43)[C@H]2C1","1","train"
"CC(C)[C@H](N)C(=O)OCC(CO)OCn1cnc2c(=O)[nH]c(N)nc21","1","train"
"CC(C)[C@H](NC(=O)[C@H](Cc1ccccc1)NC(=O)CNC(=O)[C@@H](C)NC(=O)[C@@H](N)Cc1ccc(O)cc1)C(N)=O","0","train"
"CC(C)[N+]1(C)C2CCC1CC(OC(=O)C(CO)c1ccccc1)C2","0","train"
"CC(C)c1nc(CN(C)C(=O)N[C@H](C(=O)N[C@@H](Cc2ccccc2)C[C@H](O)[C@H](Cc2ccccc2)NC(=O)OCc2cncs2)C(C)C)cs1","0","train"
"CC(C)n1c(/C=C/[C@@H](O)C[C@H](O)CC(=O)O)c(-c2ccc(F)cc2)c2ccccc21","1","train"
"CC(C)n1cc2c3c(cccc31)C1C[C@@H](C(=O)NC3CCCCC3)CN(C)C1C2","1","train"
"CC(CC#N)N(C)CC(=O)N(C)c1ccc(Cl)cc1C(=O)c1ccccc1F","1","train"
"CC(CC(C)(C)O)OC(O)C(Cl)(Cl)Cl","1","train"
"CC(CCN1CCN(c2ccc(F)cc2)CC1)NC(=O)c1cccnc1","1","train"
"CC(CCc1ccccc1)NC(C)C(O)c1ccc(O)cc1","0","train"
"CC(CN(C)C)CN1c2ccccc2S(=O)(=O)c2ccccc21","1","train"
"CC(CN(C)C)CN1c2ccccc2Sc2ccc(C#N)cc21","1","train"
"CC(CN(C)C)CN1c2ccccc2Sc2ccc(C(F)(F)F)cc21","1","train"
"CC(CN(C)C)CN1c2ccccc2Sc2ccccc21","1","train"
"CC(CN(C)C)OC(C)(c1ccccc1)c1ccc(Cl)cc1","0","train"
"CC(CN1CCN(CCOCCO)CC1)CN1c2ccccc2Sc2ccccc21","1","train"
"CC(CN1CCOCC1)C(C(=O)N1CCCC1)(c1ccccc1)c1ccccc1","1","train"
"CC(CNC(=O)c1ccccc1)C(=O)OCC(=O)[C@@]12OC(C)(C)O[C@@H]1C[C@H]1[C@@H]3CCC4=CC(=O)C=C[C@]4(C)[C@@]3(F)[C@@H](O)C[C@@]12C","1","train"
"CC(C[N+](C)(C)C)OC(N)=O","0","train"
"CC(Cc1ccc(O)cc1)NCC(O)c1cc(O)cc(O)c1","0","train"
"CC(Cc1ccccc1)(NC(=O)CN)c1ccccc1","1","train"
"CC(Cc1ccccc1)N(C)Cc1ccccc1","1","train"
"CC(Cc1ccccc1)NC(C#N)c1ccccc1","1","train"
"CC(Cc1ccccc1)NCCn1cnc2c1c(=O)n(C)c(=O)n2C","1","train"
"CC(Cc1ccccc1)[N+](C)([O-])Cc1ccccc1","1","train"
"CC(Cc1ccccc1)[n+]1cc(NC(=O)Nc2ccccc2)on1","1","train"
"CC(NCCn1cnc2c1c(=O)n(C)c(=O)n2C)C(O)c1ccccc1","1","train"
"CC(Oc1ccccc1)C(=O)NC1C(=O)N2C1SC(C)(C)C2C(=O)O","0","train"
"CC(c1noc2ccc(Cl)cc12)n1ccnc1","1","train"
"CC/C=C(\C(=O)N[C@@H]1C(=O)N2C(C(=O)O)=C(COC(N)=O)CS[C@H]12)c1csc(N)n1","0","train"
"CC/C=C(\C)C1(CC)C(=O)NC(=O)NC1=O","1","train"
"CC1(C)CC(=O)N(CCCCN2CCN(c3ncccn3)CC2)C(=O)C1","1","train"
"CC1(C)CCN(C(=O)Cc2ccc(Cl)c(Cl)c2)[C@@H](CN2CCCC2)C1","1","train"
"CC1(C)CN(CCN2CCN(c3cccc(Cl)c3)C2=O)C1","1","train"
"CC1(C)NC(=O)C(/C=C/c2ccccc2)O1","1","train"
"CC1(C)OC(=O)Nc2ccc(Br)cc21","1","train"
"CC1(C)O[C@@H]2CC3C4C[C@H](F)C5=CC(=O)C=CC5(C)[C@@]4(Cl)C(Cl)CC3(C)[C@]2(C(=O)CO)O1","1","train"
"CC1(C)O[C@@H]2CC3C4C[C@H](F)C5=CC(=O)C=CC5(C)[C@@]4(Cl)[C@@H](Cl)CC3(C)[C@]2(C(=O)CF)O1","1","train"
"CC1(C)O[C@@H]2CC3[C@@H]4C[C@H](F)C5=CC(=O)C=CC5(C)[C@H]4[C@@H](O)C[C@]3(C)[C@]2(C(=O)CO)O1","1","train"
"CC1(C)O[C@@H]2C[C@H]3C4CCC5=CC(=O)C=CC5(C)[C@H]4C(O)CC3(C)[C@]2(C(=O)CO)O1","1","train"
"CC1(C)O[C@@H]2C[C@H]3C4CCC5CC(=O)CCC5(C)[C@@]4(F)[C@@H](O)CC3(C)[C@]2(C(=O)CO)O1","1","train"
"CC1(C)O[C@@H]2C[C@H]3C4C[C@H](F)C5=CC(=O)C=CC5(C)[C@@]4(Cl)[C@@H](Cl)CC3(C)[C@]2(C(=O)CCl)O1","1","train"
"CC1(C)O[C@@H]2C[C@H]3C4C[C@H](F)C5=CC(=O)C=C[C@]5(C)[C@@]4(F)[C@@H](O)C[C@]3(C)[C@]2(C(=O)COC(=O)C2CC2)O1","1","train"
"CC1(C)O[C@@H]2C[C@H]3[C@@H]4CCC5=CC(=O)C=C[C@]5(C)[C@@]4(F)[C@@H](O)C[C@]3(C)[C@]2(C(=O)CO)O1","1","train"
"CC1(C)O[C@@H]2C[C@H]3[C@@H]4CCC5=CC(=O)CC[C@]5(C)[C@@]4(F)[C@@H](O)C[C@]3(C)[C@]2(C(=O)CCl)O1","1","train"
"CC1(C)O[C@@H]2C[C@H]3[C@@H]4C[C@H](F)C5=CC(=O)C=C[C@]5(C)[C@@]4(F)[C@@H](O)C[C@]3(C)[C@]2(C(=O)CO)O1","1","train"
"CC1(C)SC2C(N(C(=N)c3ccncc3)[C@H](C(=O)NC(=O)CN)c3ccccc3)C(=O)N2C1C(=O)O","0","train"
"CC1(C)SC2C(NC(=O)Cc3ccccc3)C(=O)N2C1C(=O)O","0","train"
"CC1(C)S[C@@H]2[C@@H](N3C(=O)C(c4ccc(O)cc4)NC3(C)C)C(=O)N2[C@H]1C(=O)O","0","train"
"CC1(C)S[C@@H]2[C@H](N3C(=O)[C@@H](c4ccccc4)NC3(C)C)C(=O)N2[C@H]1C(=O)O","0","train"
"CC1(C)S[C@@H]2[C@H](N=CN3CCCCCC3)C(=O)N2[C@H]1C(=O)O","0","train"
"CC1(C)S[C@@H]2[C@H](NC(=O)C(Oc3ccccc3)c3ccccc3)C(=O)N2[C@H]1C(=O)O","0","train"
"CC1(C)S[C@@H]2[C@H](NC(=O)C(c3ccccc3)S(=O)(=O)O)C(=O)N2[C@H]1C(=O)O","0","train"
"CC1(C)S[C@@H]2[C@H](NC(=O)C3(N)CCCCC3)C(=O)N2[C@H]1C(=O)O","0","train"
"CC1(C)S[C@@H]2[C@H](NC(=O)C34C[C@@H]5C[C@@H](CC(N)(C5)C3)C4)C(=O)N2[C@H]1C(=O)O","0","train"
"CC1(C)S[C@@H]2[C@H](NC(=O)COc3ccccc3)C(=O)N2[C@H]1C(=O)O","0","train"
"CC1(C)S[C@@H]2[C@H](NC(=O)Cc3ccccc3)C(=O)N2[C@H]1C(=O)O","0","train"
"CC1(C)S[C@@H]2[C@H](NC(=O)[C@@H](N=Cc3ccco3)c3ccc(O)cc3)C(=O)N2[C@H]1C(=O)O","0","train"
"CC1(C)S[C@@H]2[C@H](NC(=O)[C@H](N)C3=CCC=CC3)C(=O)N2[C@H]1C(=O)O","0","train"
"CC1(C)S[C@@H]2[C@H](NC(=O)[C@H](N)c3ccc(O)cc3)C(=O)N2[C@H]1C(=O)O","0","train"
"CC1(C)S[C@@H]2[C@H](NC(=O)[C@H](N)c3ccccc3)C(=O)N2[C@H]1C(=O)O","0","train"
"CC1(C)S[C@@H]2[C@H](NC(=O)[C@H](N)c3ccccc3)C(=O)N2[C@H]1C(=O)O.CC1(C)[C@H](C(=O)O)N2C(=O)C[C@H]2S1(=O)=O","0","train"
"CC1(C)S[C@@H]2[C@H](NC(=O)[C@H](NC(=O)N3CCN(S(C)(=O)=O)C3=O)c3ccccc3)C(=O)N2[C@H]1C(=O)O","0","train"
"CC1(C)S[C@@H]2[C@H](NC(=O)[C@H](NC(=O)Nc3cnc(Nc4ccc(S(N)(=O)=O)cc4)[nH]c3=O)c3ccc(O)cc3)C(=O)N2[C@H]1C(=O)O","0","train"
"CC1(C)S[C@@H]2[C@H](NC(=O)[C@H](NC(=O)c3ccc(-c4ccc(S(=O)(=O)N(CCO)CCO)cc4)[nH]c3=O)c3ccc(O)cc3)C(=O)N2[C@H]1C(=O)O","0","train"
"CC1(C)S[C@@H]2[C@H](NC(=O)[C@H](NS(=O)(=O)O)c3ccccc3)C(=O)N2[C@H]1C(=O)O","0","train"
"CC1(C)S[C@@H]2[C@H](NC(=O)c3nc4ccccc4nc3C(=O)O)C(=O)N2[C@H]1C(=O)O","0","train"
"CC1(C)[C@H](NC(=O)/C(=N/OCC(=O)O)c2csc(N)n2)C(=O)N1OS(=O)(=O)O","0","train"
"CC1(c2ccccc2)CC(=O)N(CN2CCOCC2)C1=O","1","train"
"CC12CC(=O)[C@H]3C(CC[C@H]4C[C@H](O)CCC43C)[C@@H]1CCC2C(=O)CO","1","train"
"CC12CCC(=O)C=C1CCC1C2CCC2(C)C1CCC2(O)C(=O)CO","1","train"
"CC12CCC(CC1=O)C2(C)C","1","train"
"CC12CCCCCC(Cc3ccc(O)cc31)C2N","1","train"
"CC12C[C@H](O)[C@@]3(F)C(CCC4=CC(=O)C=CC43C)[C@@H]1C[C@H]1O[C@@](C)(c3ccccc3)O[C@]12C(=O)CO","1","train"
"CC1=C(C(=O)O)N2C(=O)[C@@H](NC(=O)Cc3ccc(C4=NCCCN4)cc3)[C@H]2SC1","0","train"
"CC1=C(C(=O)O)N2C(=O)[C@@H](NC(=O)[C@H](N)c3ccc(O)c(Cl)c3)[C@H]2SC1","0","train"
"CC1=C(C(=O)O)N2C(=O)[C@@H](NC(=O)[C@H](N)c3ccc(O)cc3)[C@H]2SC1","0","train"
"CC1=C(C(=O)O)N2C(=O)[C@@H](NC(=O)[C@H](N)c3cccc(NS(C)(=O)=O)c3)[C@H]2SC1","0","train"
"CC1=C(C(=O)O)N2C(=O)[C@@H](NC(=O)[C@H](N)c3ccccc3)[C@H]2SC1","0","train"
"CC1=CCC2C3Cc4ccc(O)c5c4C2(CCN3C)C1O5","1","train"
"CC1=C[C@H]2[C@@H]3C[C@@H](C)[C@](O)(C(=O)COC(=O)c4cccc(S(=O)(=O)O)c4)[C@@]3(C)C[C@H](O)[C@@H]2[C@@]2(C)Cc3cnn(-c4ccccc4)c3C=C12","1","train"
"CC1=Nc2ccccc2CC(c2ccccc2)N1C","1","train"
"CC1C2Cc3ccc(O)cc3C1(C)CCN2C","1","train"
"CC1C2Cc3ccc(O)cc3C1(C)CCN2CC1CC1","1","train"
"CC1CN(C)CC2Cc3c(ccc4ccccc34)OC12O","1","train"
"CC1COC2(c3ccccc3Cl)c3cc(Cl)ccc3NC(=O)CN12","1","train"
"CC1NC(=O)C(NC(=O)c2ncccc2O)C(C)OC(=O)C(c2ccccc2)NC(=O)C2CC(=O)CCN2C(=O)C(Cc2ccc(N(C)C)cc2)N(C)C(=O)C2CCCN2C1=O","0","train"
"CC1NC(=O)COC1c1ccccc1","1","train"
"CC1NCCOC1c1ccccc1","1","train"
"CC1OC(C)OC(C)O1","1","train"
"CC1OC(OC2CC(O)(C(=O)CO)Cc3c(O)c4c(c(O)c32)C(=O)c2ccccc2C4=O)CC(N)C1O","0","train"
"CC1OC(O[C@@H]2C=C3CC[C@@H]4[C@H](CC[C@]5(C)[C@@H](c6ccc(=O)oc6)CC[C@]45O)[C@@]3(C)CC2)C(O)C(O)C1O","0","train"
"CC1OC2(CCCCC2Oc2cccc(Cl)c2)NC1=O","1","train"
"CC1[C@H]2C(=O)c3ccc(O)cc3[C@]1(C)CCN2CC1CC1","1","train"
"CCC","1","train"
"CCC(=O)C(CCN(C)C)(c1ccccc1)c1ccccc1","1","train"
"CCC(=O)C(c1ccccc1)(c1ccccc1)C(C)CN(C)C","1","train"
"CCC(=O)C1(N2CCCCC2)CCN(CCCC(=O)c2ccc(F)cc2)CC1","1","train"
"CCC(=O)C1(O)CCC2C3CCC4=CC(=O)CCC4(C)C3C(O)CC21C","1","train"
"CCC(=O)C1(c2cccc(O)c2)CCN(C)CC1","1","train"
"CCC(=O)N(c1ccc(Cl)c(Cl)c1)[C@@H]1CCC[C@H]1N(C)C","1","train"
"CCC(=O)N(c1ccccc1)C1(C(=O)OC)CCN(CCC(=O)OC)CC1","1","train"
"CCC(=O)N(c1ccccc1)C1(COC)CCN(CCn2nnn(CC)c2=O)CC1","1","train"
"CCC(=O)N(c1ccccc1F)C1(c2ccccc2)CCN(CCn2nnn(CC)c2=O)CC1","1","train"
"CCC(=O)N1CCN(C(=O)OC2C3=C(SCCS3)C(=O)N2c2ccc3ccc(Cl)nc3n2)CC1","1","train"
"CCC(=O)OC1(c2ccccc2)CCN(C)CC1C","1","train"
"CCC(=O)OC1CC(=O)OC(C)C/C=C/C=C\C(O)C(C)CC(CC=O)C(O[C@@H]2O[C@H](C)[C@@H](O[C@H]3C[C@@](C)(O)[C@H](OC(=O)CC)[C@@H](C)O3)[C@H](N(C)C)[C@H]2O)C1OC","0","train"
"CCC(=O)OCC(=O)[C@@]1(OC(=O)CC)[C@@H](C)C[C@H]2[C@@H]3CCC4=CC(=O)C=C[C@]4(C)[C@@]3(Cl)[C@@H](O)C[C@@]21C","1","train"
"CCC(=O)OCC(=O)[C@@]1(OC(=O)CC)[C@@H](C)C[C@H]2[C@@H]3CCC4=CC(=O)C=C[C@]4(C)[C@@]3(F)[C@@H](O)C[C@@]21C","1","train"
"CCC(=O)OCC(=O)[C@@]1(OC(=O)CC)[C@H](C)C[C@H]2[C@H]3[C@H]([C@@H](O)C[C@@]21C)[C@@]1(C)C=CC(=O)C=C1C[C@H]3Cl","1","train"
"CCC(=O)OCC(=O)[C@@]12OC(C)(C)O[C@@H]1CC1C3C[C@H](F)C4=CC(=O)C=CC4(C)[C@@]3(F)C(O)CC12C","1","train"
"CCC(=O)O[C@](Cc1ccccc1)(c1ccccc1)[C@H](C)CN(C)C","1","train"
"CCC(=O)O[C@]1(C(=O)CCl)[C@@H](C)C[C@H]2[C@@H]3CCC4=CC(=O)C=C[C@]4(C)[C@@]3(F)[C@@H](O)C[C@@]21C","1","train"
"CCC(=O)O[C@]1(C(=O)COC(C)=O)CC[C@H]2[C@@H]3C[C@H](C)C4=CC(=O)C=C[C@]4(C)[C@H]3[C@@H](O)C[C@@]21C","1","train"
"CCC(=O)O[C@]1(C(=O)COC)[C@@H](C)C[C@H]2[C@@H]3CCC4=CC(=O)C=C[C@]4(C)[C@@]3(F)[C@@H](O)C[C@@]21C","1","train"
"CCC(=O)O[C@]1(C(=O)SCCl)[C@H](C)C[C@H]2C3C[C@H](F)C4=CC(=O)C=C[C@]4(C)[C@@]3(F)[C@@H](O)C[C@@]21C","1","train"
"CCC(=O)O[C@]1(C(=O)SCF)[C@H](C)C[C@H]2[C@@H]3C[C@H](F)C4=CC(=O)C=C[C@]4(C)[C@@]3(F)[C@@H](O)C[C@@]21C","1","train"
"CCC(=O)O[C@]1(c2ccccc2)CCN(C)C[C@@H]1CC","1","train"
"CCC(=O)c1ccc2c(c1)N(CC(C)N(C)C)c1ccccc1S2","1","train"
"CCC(=O)c1ccc2c(c1)N(CCCN1CCN(CCO)CC1)c1ccccc1S2","1","train"
"CCC(Br)(CC)C(=O)NC(=O)NC(C)=O","1","train"
"CCC(Br)(CC)C(=O)NC(N)=O","1","train"
"CCC(C(=O)OCCN1CCOC(c2ccccc2)C1C)c1ccccc1","1","train"
"CCC(C(N)=O)N1CCCC1=O","1","train"
"CCC(C)C(C)(COC(N)=O)COC(=O)NC(C)C","1","train"
"CCC(C)C(C)(COC(N)=O)COC(N)=O","1","train"
"CCC(C)C(CC)C(=O)NC(N)=O","1","train"
"CCC(C)C(CC)C(N)=O","1","train"
"CCC(C)C(N)C1=NC(C(=O)N[C@@H](CC(C)C)C(=O)N[C@H](CCC(=O)O)C(=O)N[C@H](C(=O)NCCCC[C@@H]2NC(=O)[C@H](CC(N)=O)NC(=O)[C@@H](CC(=O)O)NC(=O)[C@H](Cc3cnc[nH]3)NC(=O)[C@@H](Cc3ccccc3)NC(=O)[C@H]([C@@H](C)CC)NC(=O)[C@@H](CCCN)NC2=O)[C@@H](C)CC)CS1","0","train"
"CCC(C)C1(CC)C(=O)NC(=O)NC1=O","1","train"
"CCC(C)[C@H]1O[C@]2(CC[C@@H]1C)CC1C[C@@H](C/C=C(\C)[C@@H](O[C@H]3C[C@H](OC)[C@@H](OC4C[C@H](OC)[C@@H](O)[C@H](C)O4)[C@H](C)O3)[C@@H](C)/C=C/C=C3\CO[C@@H]4[C@H](O)C(C)=C[C@@H](C(=O)O1)[C@]34O)O2.CO[C@H]1CC(O[C@H]2[C@H](C)O[C@@H](O[C@@H]3/C(C)=C/C[C@@H]4CC(C[C@]5(CC[C@H](C)[C@@H](C(C)C)O5)O4)OC(=O)[C@@H]4C=C(C)[C@@H](O)[C@H]5OC/C(=C\C=C\[C@@H]3C)[C@@]45O)C[C@@H]2OC)O[C@@H](C)[C@@H]1O","0","train"
"CCC(N)Cc1c[nH]c2ccccc12","1","train"
"CCC(O)C(CC(C)N(C)C)(c1ccccc1)c1ccccc1","1","train"
"CCC(OC(C)=O)C(CC(C)N(C)C)(c1ccccc1)c1ccccc1","1","train"
"CCC(OC(N)=O)C1CCCCC1","1","train"
"CCC(Oc1ccccc1)C(=O)NC1C(=O)N2C1SC(C)(C)C2C(=O)O","0","train"
"CCC1(C)CC(=O)NC(=O)C1","1","train"
"CCC1(CC)C(=O)NC(=O)N(C)C1=O","1","train"
"CCC1(CC)C(=O)NC(=O)N(c2ccccc2)C1=O","1","train"
"CCC1(CC)C(=O)NCC(C)C1=O","1","train"
"CCC1(CC)O[C@@H]2C[C@H]3C4CCC5=CC(=O)C=CC5(C)[C@@]4(F)[C@@H](O)CC3(C)[C@]2(C(=O)CO)O1","1","train"
"CCC1(O)CCN2CCc3ccc(C)cc3C2C1","1","train"
"CCC1(c2ccccc2)C(=O)NC(=O)N(C(=O)c2ccccc2)C1=O","1","train"
"CCC1(c2ccccc2)NCC(=O)NC1=O","1","train"
"CCC1(c2ccccc2)OCC(C2CCCCN2)O1","1","train"
"CCC12CCN(CC3CC3)C(Cc3ccc(O)cc31)C2(C)C","1","train"
"CCC12CCN(CC3CCC3)C(Cc3ccc(O)cc31)C2(C)C","1","train"
"CCC1C(=O)NC(=O)C1(C)c1ccccc1","1","train"
"CCC1NC(=O)C(NC(=O)c2ncccc2O)C(C)OC(=O)C(c2ccccc2)NC(=O)C2CC(=O)CCN2C(=O)C(Cc2ccc(N(C)C)cc2)N(C)C(=O)C2CCCN2C1=O","0","train"
"CCCC(=O)O[C@]1(C(=O)CCl)[C@@H](C)C[C@H]2[C@@H]3CCC4=CC(=O)C=C[C@]4(C)[C@@]3(F)C(=O)C[C@@]21C","1","train"
"CCCC(=O)O[C@]1(C(=O)COC(C)=O)CC[C@H]2[C@@H]3C[C@H](F)C4=CC(=O)C=C[C@]4(C)[C@@]3(F)[C@@H](O)C[C@@]21C","1","train"
"CCCC(=O)O[C@]1(C(=O)COC(C)=O)[C@H](C)C[C@H]2[C@@H]3CCC4=CC(=O)C=C[C@]4(C)[C@@]3(Cl)[C@@H](O)C[C@@]21C","1","train"
"CCCC(=O)O[C@]1(C(C)=O)CCC[C@H]2[C@@H]3CCC4=CC(=O)C=C[C@]4(C)[C@H]3[C@@H](O)C[C@@]21C","1","train"
"CCCC(C)C1(CCSC)C(=O)NC(=S)NC1=O","1","train"
"CCCC(CC)C1(CC)C(=O)NC(=O)NC1=O","1","train"
"CCCC(CC)C1(CC)C(=O)NC(=S)NC1=O","1","train"
"CCCC(CCC)(CCC)C(N)=O","1","train"
"CCCC(CCC)C(=O)OCOC(=O)C(C)(C)C","1","train"
"CCCC(CCC)C(N)=O","1","train"
"CCCC1(C)COB(c2ccc(C)cc2)OC1","1","train"
"CCCC1CC(C(=O)NC(C(C)O)C2OC(SC)C(O)C(O)C2O)N(C)C1","0","train"
"CCCCC(=O)O[C@]1(C(=O)CO)CCC2C3CCC4=CC(=O)CCC4(C)C3C(O)CC21C","1","train"
"CCCCC(=O)O[C@]1(C(=O)CO)[C@@H](C)C[C@H]2[C@@H]3CCC4=CC(=O)C=C[C@]4(C)[C@@]3(F)[C@@H](O)C[C@@]21C","1","train"
"CCCCC1(CCOC(N)=O)C(=O)NC(=O)NC1=O","1","train"
"CCCCCC(N)C(O)(c1ccccc1)c1ccccc1","1","train"
"CCCCCC1CNC(C(=O)NC(C(C)Cl)C2OC(SC)C(O)C(O)C2O)C1","0","train"
"CCCCCCC(=O)OCCN1CCN(CCCN2c3ccccc3Sc3ccc(C(F)(F)F)cc32)CC1","1","train"
"CCCCCCC(C)(C)c1cc(O)c2c(c1)OC(C)(C)[C@@H]1CCC(=O)C[C@@H]21","1","train"
"CCCCCCC(C)NN","1","train"
"CCCCCCCCCC(=O)N[C@H]1[C@H](Oc2c3cc4cc2Oc2ccc(cc2Cl)[C@@H](O[C@@H]2O[C@H](CO)[C@@H](O)[C@H](O)[C@H]2NC(C)=O)[C@@H]2NC(=O)[C@H](NC(=O)[C@@H]4NC(=O)[C@H]4NC(=O)[C@@H](Cc5ccc(c(Cl)c5)O3)NC(=O)[C@H](N)c3ccc(O)c(c3)Oc3cc(O)cc4c3)c3ccc(O)c(c3)-c3c(O[C@H]4O[C@H](CO)[C@@H](O)[C@H](O)[C@@H]4O)cc(O)cc3[C@H](C(=O)O)NC2=O)O[C@H](CO)[C@@H](O)[C@@H]1O","0","train"
"CCCCCCCCCC(=O)OC1(c2ccc(Br)cc2)CCN(CCCC(=O)c2ccc(F)cc2)CC1","1","train"
"CCCCCCCCCC(=O)OC1(c2ccc(Cl)cc2)CCN(CCCC(=O)c2ccc(F)cc2)CC1","1","train"
"CCCCCCCCCC1(C)OCC(COC(N)=O)O1","1","train"
"CCCCCCCCCCCCCC(=O)O[C@H]1C=C[C@H]2[C@H]3Cc4ccc(OCc5ccccc5)c5c4[C@@]2(CCN3C)[C@H]1O5","1","train"
"CCCCCCCCCCCCCCCCCC(=O)OCC(=O)OCC(=O)[C@@]1(O)CC[C@H]2[C@@H]3CCC4=CC(=O)C=C[C@]4(C)[C@H]3[C@@H](O)C[C@@]21C","1","train"
"CCCCCCCCCNc1ncnc2[nH]ccc12","1","train"
"CCCCCCN1CCC(C(=O)N(C)CC)(c2ccccc2)CC1","1","train"
"CCCCCCOc1nsnc1C1=CCCN(C)C1","1","train"
"CCCCCCSc1nsnc1C1=CCCN(C)C1","1","train"
"CCCCCNCC(N)=O","1","train"
"CCCCCN[C@@]12C=CC(=O)[C@@H]3Oc4c(O)ccc5c4[C@@]31CCN(C)[C@@H]2C5","1","train"
"CCCCC[C@H](O)/C=C/[C@H]1[C@H](O)CC(=O)[C@@H]1CCCCCCC(=O)O","0","train"
"CCCCN1C(=O)C2C(=O)N(CCCCN3CCN(c4ccccc4OC)CC3)C(=O)C(C1=O)C2(C)C","1","train"
"CCCCN=C(c1cc(Cl)ccc1O)c1ccccc1Cl","1","train"
"CCCCNC(=O)OCC(C)(CCC)COC(N)=O","1","train"
"CCCCOC(=O)C(=O)[C@H]1[C@H](C)C[C@H]2[C@@H]3C[C@H](F)C4=CC(=O)C=C[C@]4(C)[C@H]3[C@@H](O)C[C@@]21C","1","train"
"CCCCOc1ccc(C(=O)CCN2CCCCC2)cc1","0","train"
"CCCCSc1ccc(C(SCCN(C)C)c2ccccc2)cc1","1","train"
"CCCC[C@@H]1CC(=O)[C@]2(O)O[C@@H]3[C@@H](NC)[C@@H](O)[C@@H](NC)[C@H](O)[C@H]3O[C@@H]2O1","0","train"
"CCCN(CCC)C1Cc2cccc3cc(O)cc(c23)C1","1","train"
"CCCN(CCCCN1C(=O)CC2(CCCC2)CC1=O)C1COc2cccc(OC)c2C1","1","train"
"CCCN1CCCC1CNC(=O)c1cc(S(N)(=O)=O)ccc1OC","1","train"
"CCCNC(=O)N1CC(c2ccccc2)OC1=O","1","train"
"CCCNC(=O)c1ccc2c(c1)N([C@@H](C)CN1CCCC1)c1ccccc1S2","1","train"
"CCCNC(=O)c1ccc2c(c1)N([C@H](C)CN1CCCC1)c1ccccc1S2","1","train"
"CCCNCC(O)COc1ccccc1C(=O)CCc1ccccc1","0","train"
"CCCOC(=O)N1CCN(C(=O)Cc2ccc(Cl)c(Cl)c2)[C@@H](CN2CCCC2)C1","1","train"
"CCCOC(=O)c1cncn1C(C)c1ccccc1","1","train"
"CCC[C@@H]1C[C@@H](C(=O)NC(C(C)Cl)[C@H]2O[C@H](SC)[C@H](O)[C@@H](O)[C@H]2O)N(C)C1","0","train"
"CCC[C@@H]1C[C@@H](C(=O)NC(C(C)Cl)[C@H]2O[C@H](SC)[C@H](OP(=O)(O)O)[C@@H](O)[C@H]2O)N(C)C1","0","train"
"CCC[C@@H]1O[C@@H]2C[C@H]3[C@@H]4C[C@H](F)C5=CC(=O)C=C[C@]5(C)C4(F)[C@@H](O)C[C@]3(C)[C@]2(C(=O)O[C@H](C)OC(=O)OCC)O1","1","train"
"CCC[C@@H]1O[C@@H]2C[C@H]3[C@@H]4C[C@H](F)C5=CC(=O)CC[C@]5(C)[C@@]4(F)[C@@H](O)C[C@]3(C)[C@]2(C(=O)CO)O1","1","train"
"CCC[C@]1(c2cccc(O)c2)CCN(C)C[C@@H]1C","1","train"
"CCCl","1","train"
"CCN(C(C)=O)c1cccc(-c2ccnc3c(C#N)cnn23)c1","1","train"
"CCN(CC)C(=O)C1CN2CCc3cc(OC)c(OC)cc3C2CC1OC(C)=O","1","train"
"CCN(CC)C(=O)COc1cc2c(O)c3c(O)c(C)c4c(c13)C(=O)[C@@](C)(O/C=C/[C@H](OC)[C@@H](C)[C@@H](OC(C)=O)[C@H](C)[C@H](O)[C@H](C)[C@@H](O)[C@@H](C)/C=C/C=C(/C)C(=O)N2)O4","0","train"
"CCN(CC)C(=O)N1CCN(CCCc2nc3c(c(=O)n(C)c(=O)n3C)n2C)CC1","1","train"
"CCN(CC)C(=O)N[C@H]1C[C@@H]2c3cccc4[nH]cc(c34)C[C@H]2N(C)C1","1","train"
"CCN(CC)C(=O)[C@@H]1[C@@H]2C=C[C@@H](C2)[C@H]1C(=O)N(CC)CC","1","train"
"CCN(CC)C(=O)[C@]1(c2ccccc2)C[C@@H]1CN","1","train"
"CCN(CC)C(=O)c1cccnc1","1","train"
"CCN(CC)C(C)=NN=Cc1c2c(O)c3c(O)c(C)c4c(c3c1O)C(=O)C(C)(OC=CC(OC)C(C)C(OC(C)=O)C(C)C(O)C(C)C(O)C(C)C=CC=C(C)C(=O)N2)O4","0","train"
"CCN(CC)C(C)CN1c2ccccc2Sc2ccccc21","1","train"
"CCN(CC)C/C=C1/c2ccccc2Nc2cc(Cl)ccc21","1","train"
"CCN(CC)CCC(=O)N1c2ccccc2Sc2ccc(C(F)(F)F)cc21","1","train"
"CCN(CC)CCN1c2ccccc2Sc2ccccc21","1","train"
"CCN(CC)CCOC(=O)C(O)(c1ccccc1)c1ccccc1","1","train"
"CCN(CC)CCOC1(c2ccc(Cl)cc2)CCCCC1","1","train"
"CCN(CC)S(=O)(=O)N[C@H]1C[C@@H]2c3cccc4[nH]cc(c34)C[C@H]2N(C)C1","1","train"
"CCN(CC)c1ccc(NC(=O)c2ccccc2N)c(C)c1","1","train"
"CCN1CC(CCN2CCOCC2)C(c2ccccc2)(c2ccccc2)C1=O","1","train"
"CCN1CCC(=C(c2ccccc2)c2ccccc2)C1","1","train"
"CCN1CCCC1CNC(=O)c1cc(C(C)=O)ccc1OC","1","train"
"CCN1CCCC1CNC(=O)c1cc(S(=O)(=O)CC)c(N)cc1OC","1","train"
"CCN1CCCC1CNC(=O)c1cc(S(=O)(=O)CC)ccc1OC","1","train"
"CCN1CCC[C@H]1CNC(=O)c1c(OC)ccc(Br)c1OC","1","train"
"CCN1CCN(c2cc(-c3ccc(F)cc3)c3c(n2)CCCCCC3)CC1","1","train"
"CCN=C1NC(=O)C(c2ccccc2)O1","1","train"
"CCNC(=O)N1CCN(CCCC(c2ccc(F)cc2)c2ccc(F)cc2)CC1","1","train"
"CCNC1(c2ccccc2)CCCCC1","1","train"
"CCNC1=Nc2ccc(Cl)cc2C(C)(c2ccccc2)O1","1","train"
"CCNCc1c(CSC)cnc(C)c1O","1","train"
"CCN[C@@H]1C[C@H](N)[C@@H](O[C@H]2OC(CN)=CC[C@H]2N)[C@H](O)[C@H]1O[C@H]1OC[C@](C)(O)[C@H](NC)[C@H]1O","0","train"
"CCN[C@H](Cc1ccccc1)[C@H]1CCCO1","1","train"
"CCOC(=O)C(c1c(O)c2ccccc2oc1=O)c1c(O)c2ccccc2oc1=O","0","train"
"CCOC(=O)C1(c2cccc(O)c2)CCN(C)CC1","1","train"
"CCOC(=O)C1(c2ccccc2)CCC=CC1N(C)C","1","train"
"CCOC(=O)C1(c2ccccc2)CCN(CCCNc2ccccc2)CC1","1","train"
"CCOC(=O)C1(c2ccccc2)CCN(CCc2ccc(N)cc2)CC1","1","train"
"CCOC(=O)C1=C(C)NC(C)=C(C(=O)OC)C1c1cccc(Cl)c1Cl","0","train"
"CCOC(=O)C[C@@H](O)C[C@@H](O)/C=C/C1=C(c2ccc(F)cc2)c2ccccc2OC12CCCC2","1","train"
"CCOC(=O)N(Cc1ccccc1)C1CC1","1","train"
"CCOC(=O)N1CCC(=O)N(c2ccccc2)c2cc(Cl)ccc21","1","train"
"CCOC(=O)N1CCN(C(=O)Cc2ccc(Cl)c(Cl)c2)[C@@H](CN2CCCC2)C1","1","train"
"CCOC(=O)NC(O)C(Cl)(Cl)Cl","1","train"
"CCOC(=O)Nc1ccc(NCc2ccc(F)cc2)cc1N","1","train"
"CCOC(=O)OC(C)OC(=O)[C@@H]1N2C(=O)[C@@H](N=CN3CCCCCC3)[C@H]2SC1(C)C","0","train"
"CCOC(=O)OCC/C(SC(=O)OCC)=C(\C)N(C=O)Cc1cnc(C)nc1N","1","train"
"CCOC(=O)O[C@]1(C(=O)COC(=O)CC)CC[C@H]2[C@@H]3CCC4=CC(=O)C=C[C@]4(C)[C@H]3[C@@H](O)C[C@@]21C","1","train"
"CCOC(=O)[C@H](CCc1ccccc1)N[C@@H](C)C(=O)N1CCC[C@H]1C(=O)O","0","train"
"CCOC(=O)c1[nH]c2cc(OC)c(OC)cc2c1CCN1CCN(c2ccccc2)CC1","1","train"
"CCOC(=O)c1cncn1C(C)c1ccc(F)cc1","1","train"
"CCOC(=O)c1cncn1C(C)c1ccccc1","1","train"
"CCOC(N)=O","1","train"
"CCOC(OCC)C(=O)OCC(=O)C1(O)Cc2c(O)c3c(c(O)c2C(OC2CC(N)C(O)C(C)O2)C1)C(=O)c1c(OC)cccc1C3=O","0","train"
"CCOC1c2ccccc2C(=O)N(C)c2ccccc21","1","train"
"CCO[C@H]1CCN(C(=O)c2cc(-c3ccccc3)c(=O)n3c2-c2cc(Cl)ccc2CC3)C1","1","train"
"CCO[C@H]1C[C@@]2(C)[C@@H](CC[C@H]3[C@@H]4CC[C@H](C(C)=O)[C@@]4(C)C[C@@H](N(C)C)[C@@H]32)C[C@@H]1O","1","train"
"CCOc1ccc2ccccc2c1C(=O)N[C@@H]1C(=O)N2[C@@H](C(=O)O)C(C)(C)S[C@H]12","0","train"
"CCOc1ccccc1OCC1CNCCO1","1","train"
"CCOc1ccccc1O[C@@H](c1ccccc1)[C@@H]1CNCCO1","1","train"
"CCS[C@]1(SC)CC[C@H]2[C@@H]3CCC4=CC(=O)C=C[C@]4(C)[C@@]3(F)[C@@H](O)C[C@@]21C","1","train"
"CCSc1ccc2c(c1)N(CCCN1CCN(C)CC1)c1ccccc1S2","1","train"
"CC[C@@H](CO)NCCN[C@@H](CC)CO","0","train"
"CC[C@@H](O)C(C[C@@H](C)N(C)C)(c1ccccc1)c1ccccc1","1","train"
"CC[C@@]1(O)C[C@H](OC2CC(N(C)C)C(OC3CC(O)C(OC4CCC(=O)C(C)O4)C(C)O3)C(C)O2)c2c(cc3c(c2O)C(=O)c2c(O)cccc2C3=O)[C@H]1C(=O)OC","0","train"
"CC[C@@]1(O)C[C@H](O[C@H]2C[C@H](N(C)C)[C@H](O[C@H]3C[C@@H]4O[C@H]5CC(=O)[C@H](C)O[C@H]5O[C@@H]4[C@H](C)O3)[C@H](C)O2)c2c(O)c3c(c(O)c2[C@H]1O[C@H]1C[C@H](N(C)C)[C@H](O)[C@H](C)O1)C(=O)c1cccc(O)c1C3=O","0","train"
"CC[C@H](C)C(=O)O[C@H]1CCC=C2C=C[C@H](C)[C@H](CC[C@@H]3C[C@@H](O)CC(=O)O3)[C@H]21","1","train"
"CC[C@H](NC(=O)c1c(O)c(-c2ccccc2)nc2ccccc12)c1ccccc1","1","train"
"CC[C@H](NC(=O)c1c(OCC(=O)O)c(-c2ccccc2)nc2ccccc12)c1ccccc1","0","train"
"CC[C@H](NC(=O)c1c(OCCCC(=O)O)c(-c2ccccc2)nc2ccccc12)c1ccccc1","0","train"
"CC[C@H](NC(=O)c1c(OCCCN(C)C)c(-c2ccccc2)nc2ccccc12)c1ccccc1","1","train"
"CC[C@H](NC(=O)c1c(OCCNC(=O)Cc2ccccc2C(=O)O)c(-c2ccccc2)nc2ccccc12)c1ccccc1","0","train"
"CC[C@H](NC(=O)c1c(OCCNC(=O)Cc2ccccn2)c(-c2ccccc2)nc2ccccc12)c1ccccc1","0","train"
"CC[C@H](NC(=O)c1c(OCCNC(=O)[C@@H]2CCCN2)c(-c2ccccc2)nc2ccccc12)c1ccccc1","0","train"
"CC[C@H]1CC(=O)[C@@H]2Oc3c(OC)ccc4c3[C@@]23CCN(CC2CC2)C(C4)[C@H]13","1","train"
"CC[C@H]1CN2CCc3cc(OC)c(OC)cc3[C@@H]2C[C@@H]1C[C@H]1NCCc2cc(OC)c(OC)cc21","0","train"
"CC[C@H]1OC(=O)[C@H](C)[C@@H](OC2CC(C)(OC)C(O)C(C)O2)C(C)[C@@H](OC2OC(C)CC(N(C)C)C2O)[C@](C)(O)C[C@@H](C)/C(=N/OC)[C@H](C)[C@@H](O)[C@]1(C)O","0","train"
"CC[C@H]1OC(=O)[C@H](C)[C@@H](OC2CC(C)(OC)C(O)C(C)O2)C(C)[C@@H](OC2OC(C)CC(N(C)C)C2O)[C@](C)(O)C[C@@H](C)C(=O)[C@H](C)[C@@H](O)[C@H]1C","0","train"
"CC[C@H]1OC(=O)[C@H](C)[C@@H](O[C@H]2C[C@@](C)(OC)[C@@H](O)[C@H](C)O2)C(C)[C@@H](O[C@@H]2O[C@H](C)C[C@H](N(C)C)[C@H]2O)[C@](C)(O)C[C@@H](C)CN(C)[C@H](C)[C@@H](O)[C@]1(C)O","0","train"
"CC[C@H]1OC(=O)[C@H](C)[C@@H](O[C@H]2C[C@@](C)(OC)[C@@H](O)[C@H](C)O2)[C@H](C)[C@@H](O[C@@H]2O[C@H](C)C[C@H](N(C)C)[C@H]2O)[C@](C)(O)C[C@@H](C)/C(=N\OCOCCOC)[C@H](C)[C@@H](O)[C@]1(C)O","0","train"
"CC[C@H]1OC(=O)[C@H](C)[C@@H](O[C@H]2C[C@@](C)(OC)[C@@H](O)[C@H](C)O2)[C@H](C)[C@@H](O[C@@H]2O[C@H](C)C[C@H](N(C)C)[C@H]2O)[C@](C)(O)C[C@@H](C)C(=O)[C@H](C)[C@@H](O)[C@]1(C)O","0","train"
"CC[C@H]1OC(=O)[C@H](C)[C@@H](O[C@H]2C[C@@](C)(OC)[C@@H](O)[C@H](C)O2)[C@H](C)[C@@H](O[C@@H]2O[C@H](C)C[C@H](N(C)C)[C@H]2O)[C@](C)(O)C[C@@H](C)[C@@H]2N[C@@H](COCCOC)O[C@H]([C@H]2C)[C@]1(C)O","0","train"
"CC[C@H]1OC(=O)[C@H](C)[C@@H](O[C@H]2C[C@@](C)(OC)[C@@H](O)[C@H](C)O2)[C@H](C)[C@@H](O[C@@H]2O[C@H](C)C[C@H](N(C)C)[C@H]2O)[C@](C)(O)C[C@](C)(F)C(=O)[C@H](C)[C@@H](O)[C@]1(C)O","0","train"
"CC[C@H]1OC(=O)[C@H](C)[C@@H](O[C@H]2C[C@@](C)(OC)[C@@H](O)[C@H](C)O2)[C@H](C)[C@@H](O[C@@H]2O[C@H](C)C[C@H](N(C)C)[C@H]2O)[C@](C)(OC)C[C@@H](C)C(=O)[C@H](C)[C@@H](O)[C@]1(C)O","0","train"
"CC[C@]12CCN(CC3(O)CC3)[C@H](Cc3ccc(O)cc31)C2(C)C","1","train"
"CCc1c(C)[n+]([NH-])c(-c2ccc(OC)c(OC)c2)c2cc(OC)c(OC)cc12","1","train"
"CCc1c(C)[nH]c2c1C(=O)C(CN1CCOCC1)CC2","1","train"
"CCc1c(C)[nH]c2c1C(=O)[C@@H]1CN(C)CC[C@H]1C2","1","train"
"CCc1c(OC)nc2nc(-c3noc(C)n3)cn2c1C","1","train"
"CCc1c(OC)nc2nc(C(=O)c3ccccc3)cn2c1C","1","train"
"CCc1cc2c(s1)-n1c(C)nnc1CN=C2c1ccccc1Cl","1","train"
"CCc1ccc2c(c1)N(CC(C)CN(C)C)c1ccccc1S2","1","train"
"CCc1ccccc1-n1c(C)nc2ccccc2c1=O","1","train"
"CCc1nn(CCCN2CCN(c3cccc(Cl)c3)CC2)c(=O)n1CC","1","train"
"CCc1nn(CCCN2CCN(c3cccc(Cl)c3)CC2)c(=O)n1CCOc1ccccc1","1","train"
"CCn1c2c(c3ccccc31)CCSC2(C)CCN(C)C","1","train"
"CCn1cc(C(=O)O)c(=O)c2ccc(Cc3ccccc3)nc21","1","train"
"CCn1nc(C)c2c1C(c1ccccc1)=NCC(=O)N2","1","train"
"CCn1nnn(CCN2CC[C@H](N(C(=O)COC)c3ccccc3F)[C@H](C)C2)c1=O","1","train"
"CN(C(=O)CN(CCO)CCO)c1ccc(Cl)cc1C(=O)c1ccccc1Cl","1","train"
"CN(C(=O)CNC(=O)CN)c1ccc(Cl)cc1C(=O)c1ccccc1Cl","1","train"
"CN(C(=O)CNC(=O)[C@@H](N)CCCCN)c1ccc(Cl)cc1C(=O)c1ccccc1","1","train"
"CN(C(=O)CNC1CC1)c1ccc(Cl)cc1C(=O)c1ccccc1Cl","1","train"
"CN(C(=O)Cc1ccc(Cl)c(Cl)c1)C1CCCC[C@H]1N1CCCC1","1","train"
"CN(C(=O)Cc1ccc(Cl)c(Cl)c1)[C@H]1CC[C@@]2(CCCO2)C[C@@H]1N1CCCC1","1","train"
"CN(C)C(=O)C1(c2ccc(Cl)cc2)CCN(CCCC(=O)c2ccc(F)cc2)CC1","1","train"
"CN(C)C(=O)c1nc(CNC(=O)CN)n(-c2ccc(Cl)cc2C(=O)c2ccccc2Cl)n1","1","train"
"CN(C)C/C=C(/c1ccc(Br)cc1)c1cccnc1","1","train"
"CN(C)C1=NC(=O)C(c2ccccc2)O1","1","train"
"CN(C)C1C(=O)C(C(=O)NCN2CCN(C(=N)N=C(N)N)CC2)=C(O)C2(O)C(=O)C3=C(O)c4c(O)cccc4C(C)(O)C3CC12","0","train"
"CN(C)C1C(=O)C(C(=O)NCN2CCN(CCO)CC2)=C(O)C2(O)C(=O)C3=C(O)c4c(O)cccc4C(C)(O)C3CC12","0","train"
"CN(C)CC(=O)N1c2ccccc2Sc2ccccc21","1","train"
"CN(C)CC(CN1c2ccccc2Sc2ccccc21)N(C)C","1","train"
"CN(C)CC(O)C(c1ccccc1)c1ccc(Cl)cc1","1","train"
"CN(C)CC(Oc1ccccc1)Oc1ccccc1","1","train"
"CN(C)CC/C=C1/c2ccccc2COc2ccccc21","1","train"
"CN(C)CC/C=C1/c2ccccc2CSc2ccccc21","1","train"
"CN(C)CC/C=C1/c2ccccc2Sc2ccc(Cl)cc21","1","train"
"CN(C)CC1=Cc2ccccc2Sc2ccccc21","1","train"
"CN(C)CCC1(C)OCCC2=C1c1ccccc1C2","1","train"
"CN(C)CCC1(c2ccccc2)C=Cc2ccccc21","1","train"
"CN(C)CCC=C1c2ccccc2C(C)(C)c2ccccc21","1","train"
"CN(C)CCC=C1c2ccccc2Sc2ccccc21","1","train"
"CN(C)CCCC1c2ccccc2Nc2ccc(Cl)cc21","1","train"
"CN(C)CCCN1c2ccccc2C(C)(C)c2ccccc21","1","train"
"CN(C)CCCN1c2ccccc2C(c2ccccc2)=Nc2cccnc21","1","train"
"CN(C)CCCN1c2ccccc2C=Cc2ccccc21","1","train"
"CN(C)CCCN1c2ccccc2C=Cc2sccc21","1","train"
"CN(C)CCCN1c2ccccc2CC(=O)c2ccccc21","1","train"
"CN(C)CCCN1c2ccccc2CCc2ccc(C#N)cc21","1","train"
"CN(C)CCCN1c2ccccc2Sc2cccnc21","1","train"
"CN(C)CCCn1c(=O)c2ccccc2c2ccccc21","1","train"
"CN(C)CCCn1c(=O)n(-c2ccccc2)c2cc(Cl)ccc21","1","train"
"CN(C)CCCn1cc(-c2ccccc2)c(-c2ccccc2)n1","1","train"
"CN(C)CCN(C)n1cc(-c2ccccc2)c2ccccc21","1","train"
"CN(C)CCN(Cc1cccs1)c1ccccn1","1","train"
"CN(C)CCN1C(=O)CC(c2ccccc2)Sc2ccccc21","1","train"
"CN(C)CCO","1","train"
"CN(C)CCOC(=O)CCC1CCCCC1","1","train"
"CN(C)CCOC(C)(c1ccccc1)c1ccc(Cl)cc1","1","train"
"CN(C)CCOC(c1ccccc1)c1ccc(Br)cc1","1","train"
"CN(C)CCOC(c1ccccc1)c1ccccc1C(C)(C)C","1","train"
"CN(C)CCOC1(Cc2ccccc2)CC2CCC1(C)C2(C)C","1","train"
"CN(C)CCOC1=Cc2ccccc2Sc2ccc(Cl)cc21","1","train"
"CN(C)CCON=C1c2ccccc2CCc2ccccc21","1","train"
"CN(C)CC[C@]1(c2ccccc2)CCc2ccccc2C1=O","1","train"
"CN(C)CCc1c[nH]c2cccc(OP(=O)(O)O)c12","1","train"
"CN(C)CCc1ccccn1","1","train"
"CN(C)CCn1nnnc1SCC1=C(C(=O)O)N2C(=O)[C@@H](NC(=O)Cc3csc(N)n3)[C@H]2SC1","0","train"
"CN(C)Cc1nnc2n1-c1ccc(Cl)cc1C(c1ccccc1)=NC2","1","train"
"CN(C)[C@@H](CCOc1cccc2ccccc12)c1ccccc1","1","train"
"CN(C)[C@@H]1C(=O)C(C(=O)NCN2CCCC(C(=O)O)C2)=C(O)[C@@]2(O)C(=O)C3=C(O)c4c(O)cccc4[C@@](C)(O)[C@H]3C[C@@H]12","0","train"
"CN(C)[C@@H]1C(=O)C(C(=O)NCNC(C(=O)NC2C(=O)N3C2SC(C)(C)C3C(=O)O)c2ccccc2)=C(O)[C@@]2(O)C(=O)C3=C(O)c4c(O)cccc4[C@@](C)(O)[C@H]3C[C@@H]12","0","train"
"CN(C)[C@@H]1C(=O)C(C(=O)NCO)=C(O)[C@@]2(O)C(=O)C3=C(O)c4c(O)ccc(Cl)c4[C@@](C)(O)[C@H]3C[C@@H]12","0","train"
"CN(C)[C@@H]1C(=O)C(C(N)=O)=C(O)[C@@]2(O)C(=O)C3=C(O)c4c(O)ccc(Cl)c4[C@@H](O)[C@H]3C[C@@H]12","0","train"
"CN(C)[C@@H]1C(=O)C(C(N)=O)=C(O)[C@@]2(O)C(=O)C3=C(O)c4c(O)ccc(Cl)c4[C@@](C)(O)[C@H]3C[C@@H]12","0","train"
"CN(C)[C@@H]1C(=O)C(C(N)=O)=C(O)[C@@]2(O)C(=O)C3=C(O)c4c(O)ccc([N+](=O)[O-])c4C[C@H]3C[C@@H]12","0","train"
"CN(C)[C@@H]1C(=O)C(C(N)=O)=C(O)[C@@]2(O)C(=O)C3=C(O)c4c(O)cccc4[C@@H](O)[C@H]3C[C@@H]12","0","train"
"CN(C)[C@@H]1C(=O)C(C(N)=O)=C(O)[C@@]2(O)C(=O)C3=C(O)c4c(O)cccc4[C@@](C)(O)[C@H]3C[C@@H]12","0","train"
"CN(C)[C@@H]1C(=O)C(C(N)=O)=C(O)[C@@]2(O)C(=O)C3=C(O)c4c(O)cccc4[C@@](C)(O)[C@H]3[C@H](O)[C@@H]12","0","train"
"CN(C)[C@@H]1C(=O)C(C(N)=O)=C(O)[C@@]2(O)C(=O)C3=C(O)c4c(ccc(N)c4O)C[C@H]3C[C@@H]12","0","train"
"CN(C/C=C/c1ccccc1)CCOC(c1ccccc1)c1ccccc1","1","train"
"CN(CCN(C)CNC(=O)C1=C(O)[C@@]2(O)C(=O)C3=C(O)c4c(O)cccc4[C@@](C)(O)[C@H]3C[C@H]2[C@H](N(C)C)C1=O)CNC(=O)C1=C(O)[C@@]2(O)C(=O)C3=C(O)c4c(O)cccc4[C@@](C)(O)[C@H]3C[C@H]2[C@H](N(C)C)C1=O","0","train"
"CN(N=O)C(=O)N[C@H]1[C@@H](O)O[C@H](CO)[C@@H](O)[C@@H]1O","0","train"
"CN1C(=O)CC(=O)N(c2ccccc2)c2cc(C(F)(F)F)ccc21","1","train"
"CN1C(=O)CC(C)(c2ccccc2)C1=O","1","train"
"CN1C(=O)CC(c2ccccc2)C1=O","1","train"
"CN1C(=O)CC2(CCN(CCCC(=O)c3ccc(F)cc3)CC2)C1=O","1","train"
"CN1C(=O)CN(C(N)=O)C(c2ccccc2)c2cc(Cl)ccc21","1","train"
"CN1C(=O)CN=C(C2=CCCCC2)c2cc(Cl)ccc21","1","train"
"CN1C(=O)CN=C(C2=CCCCC2)c2cc([N+](=O)[O-])ccc21","1","train"
"CN1C(=S)CN=C(c2ccccc2)c2cc(Cl)ccc21","1","train"
"CN1C(C(=O)Nc2ccccn2)=C(O)c2sccc2S1(=O)=O","0","train"
"CN1C(CC(=O)c2ccccc2)CCCC1CC(O)c1ccccc1","1","train"
"CN1C(CCl)Nc2cc(Cl)c(S(N)(=O)=O)cc2S1(=O)=O","0","train"
"CN1C(CSCC(F)(F)F)Nc2cc(Cl)c(S(N)(=O)=O)cc2S1(=O)=O","0","train"
"CN1C2CCC1CC(OC(=O)C(C)(CO)c1ccccc1)C2","1","train"
"CN1C2CCC1CC(OC(=O)[C@H](CO)c1ccccc1)C2","1","train"
"CN1C2CCC1CC(OC(c1ccccc1)c1ccccc1)C2","1","train"
"CN1CC(CSc2ccccn2)C=C2c3cccc4[nH]cc(c34)CC21","1","train"
"CN1CC=C(c2ccccc2)CC1","1","train"
"CN1CCC(=C2c3ccccc3C(O)c3ccccc32)CC1","1","train"
"CN1CCC(=C2c3ccccc3Oc3ccc(Cl)cc32)CC1","1","train"
"CN1CCC(=C2c3ccccc3Sc3ccccc32)CC1","1","train"
"CN1CCC(OC2c3ccccc3CCc3ccccc32)CC1","1","train"
"CN1CCC2(C)CC(Cc3ccc(O)cc32)C1","1","train"
"CN1CCC23c4c5ccc(O)c4OC2C(O)CCC3C1C5","1","train"
"CN1CCC23c4c5ccc(O)c4OC2CCCC3C1C5","1","train"
"CN1CCC2=C(C1)c1ccccc1Cc1ccccc12","1","train"
"CN1CCC2=C(CC1)c1ccccc1Oc1ccccc12","1","train"
"CN1CCCC(CN2c3ccccc3Sc3ccccc32)C1","1","train"
"CN1CCCc2cccc(OCC3CNCCO3)c21","1","train"
"CN1CCN(/C=C2\N=C3CN=C(c4ccccc4Cl)c4cc([N+](=O)[O-])ccc4N3C2=O)CC1","1","train"
"CN1CCN(C(=O)Cc2ccc(Cl)c(Cl)c2)[C@@H](CN2CCCC2)C1","1","train"
"CN1CCN(C(=O)OC2C3=C(SCCS3)C(=O)N2c2ccc3ccc(Cl)nc3n2)CC1","1","train"
"CN1CCN(C(c2ccccc2)c2ccc(Cl)cc2)CC1","1","train"
"CN1CCN(C2=Cc3cc(Cl)ccc3/C(=C\C#N)c3ccccc32)CC1","1","train"
"CN1CCN(C2=Nc3cc(F)ccc3Cc3ccccc32)CC1","1","train"
"CN1CCN(C2=Nc3ccccc3Cc3ccccc32)CC1","1","train"
"CN1CCN(C2=Nc3ccccc3Sc3ccc(Cl)cc32)CC1","1","train"
"CN1CCN(C2=Nc3cscc3/C(=C/C#N)c3cscc32)CC1","1","train"
"CN1CCN(CC(=O)[C@@]2(O)CC[C@H]3[C@@H]4CCC5=CC(=O)C=C[C@]5(C)[C@H]4[C@@H](O)C[C@@]32C)CC1","1","train"
"CN1CCN(CC/C=C2\c3ccccc3Sc3ccc(S(=O)(=O)N(C)C)cc32)CC1","1","train"
"CN1CCN(CCC(=O)N2c3ccccc3Sc3ccc(C(F)(F)F)cc32)CC1","1","train"
"CN1CCN(CCCN2c3ccccc3Sc3ccc(Cl)cc32)CC1","1","train"
"CN1CCN(CCCN2c3ccccc3Sc3ccc(S(=O)(=O)N(C)C)cc32)CC1","1","train"
"CN1CCN(CCN2CCN(CCCN3c4ccccc4Sc4ccc(Cl)cc43)CC2)C1=O","1","train"
"CN1CCN(c2ncc(-c3cc(Cl)cc(Cl)c3Cl)c(N)n2)CC1","1","train"
"CN1CCN2c3cc(F)ccc3C(c3cccs3)=NCC2C1","1","train"
"CN1CCN=C(c2ccccc2)c2cc(Cl)ccc21","1","train"
"CN1CC[C@@]23CCCC[C@@H]2[C@@H]1Cc1ccc(O)cc13","1","train"
"CN1CC[C@]23NC(=O)CC(c4cc(Cl)ccc4O2)C3C1","1","train"
"CN1CC[C@]23c4c5ccc(O)c4O[C@@]2(C)C(=O)CC[C@H]3[C@H]1C5","1","train"
"CN1CC[C@]23c4c5ccc(O)c4O[C@H]2C(=O)CC[C@H]3[C@H]1C5","1","train"
"CN1CC[C@]23c4c5ccc(O)c4O[C@H]2C(O)C=C[C@H]3[C@H]1C5","1","train"
"CN1CC[C@]23c4c5ccc(O)c4O[C@H]2[C@@H](O)CC[C@@]3(O)[C@H]1C5","1","train"
"CN1CCc2cccc3c2[C@H]1Cc1ccc(O)c(O)c1-3","1","train"
"CN1C[C@@H](NS(=O)(=O)N(C)C)C[C@@H]2c3cccc4c3c(cn4C)C[C@H]21","1","train"
"CN1C[C@@H]2[C@@H](Cc3ccc(Cl)cc3[C@H]2c2ccccc2)C1","1","train"
"CN1C[C@H](C(=O)N[C@]2(C)O[C@@]3(O)[C@@H]4CCCN4C(=O)[C@H](Cc4ccccc4)N3C2=O)C[C@@H]2c3cccc4[nH]cc(c34)C[C@H]21","0","train"
"CN1C[C@H](CN2CC(=O)NC(=O)C2)C=C2c3cccc4[nH]cc(c34)C[C@H]21","1","train"
"CN1Cc2c(N)cccc2C(c2ccccc2)C1","1","train"
"CN1[C@H]2CCC[C@@H]1CC(NC(=O)c1nn(C)c3ccccc13)C2","1","train"
"CN1[C@H]2CC[C@@H]1CC(NC(=O)c1cn(C3CCCCC3)c3ccccc3c1=O)C2","1","train"
"CN1c2cc(F)ccc2C(c2ccccc2)=NCC1CNC(=O)c1ccoc1","1","train"
"CN1c2ccccc2C(NCCCCCCC(=O)O)c2ccc(Cl)cc2S1(=O)=O","1","train"
"CN1c2ccccc2C(c2ccccc2Cl)=NCC1(Cl)CO","1","train"
"CN1c2ccccc2C(c2ccccc2F)=NCC1CNC(=O)c1ccsc1","1","train"
"CN=C1CN(O)C(c2ccccc2)=c2cc(Cl)ccc2=N1","1","train"
"CNC(=O)CCN1CCN(CCC=C2c3ccccc3Sc3ccc(Cl)cc32)CC1","1","train"
"CNC(=O)C[C@@H](N)C(=O)N[C@@H](C(=O)N[C@@H]1C(=O)N2[C@@H](C(=O)O)C(C)(C)S[C@H]12)c1ccc(O)cc1","0","train"
"CNC(=O)NC(O)C(Cl)(Cl)Cl","1","train"
"CNC(=O)O[C@H]1OC(=O)[C@]2(C)[C@@H]3C=C[C@@H](C3)[C@H]12","1","train"
"CNC(C)C1CCC(N)C(OC2C(N)CC(N)C(OC3OCC(C)(O)C(NC)C3O)C2O)O1","0","train"
"CNC/C=C(/c1ccc(Br)cc1)c1cccnc1","1","train"
"CNC1(c2ccccc2Cl)CCCCC1=O","1","train"
"CNC1C(O)C(OC2C(NC(=O)C(O)CN)CC(N)C(OC3OC(CN)C(O)C(O)C3O)C2O)OCC1(C)O","0","train"
"CNC1CCC(c2ccccc2)c2ccccc21","1","train"
"CNC1CCN2c3ccccc3CCc3cccc1c32","1","train"
"CNC1Cc2ccccc2N(C)c2ccccc21","1","train"
"CNCC12CCC(c3ccccc31)c1ccccc12","1","train"
"CNCCC(Oc1cccc2ccccc12)c1cccs1","1","train"
"CNCCC(Oc1ccccc1OC)c1ccccc1","1","train"
"CNCCC=C1c2ccccc2C(C)(C)c2ccccc21","1","train"
"CNCCC=C1c2ccccc2C2CC2c2ccccc21","1","train"
"CNCCCC1(C)C(=O)N(c2ccccc2)c2ccccc21","1","train"
"CNCCCC1(c2ccccc2)OC(C)(C)c2ccccc21","1","train"
"CNCCCC1c2ccccc2C=Cc2ccccc21","1","train"
"CNCCCCOc1ccccc1Cc1ccccc1","1","train"
"CNCCCN1Cc2ccccc2Cc2ccccc21","1","train"
"CNCCCN1c2ccccc2C(C)(C)c2ccccc21","1","train"
"CNCCOC(c1ccccc1)c1ccccc1C","1","train"
"CNCCON=c1c2ccccc2ccc2ccccc12","1","train"
"CNCCSC1=Cc2cc(F)ccc2Oc2ccccc21","1","train"
"CNCC[C@@H](O)[C@@H]1C[C@H](SC2=C(C(=O)O)N3C(=O)[C@H]([C@@H](C)O)[C@H]3[C@H]2C)CN1","0","train"
"CNCC[C@@H](Oc1ccccc1C)c1ccccc1","1","train"
"CNC[C@H](O)CC12CCC(c3ccccc31)c1ccccc12","1","train"
"CNO.Cc1oc(C(C)(C)N(C(C)(C)N)C(C)(C)N)c(C)c1C","1","train"
"CN[C@@H]1C[C@@H](c2ccc(Cl)c(Cl)c2)c2ccccc21","1","train"
"CN[C@@H]1[C@@H](O)[C@@H](O[C@@H]2[C@@H](O)[C@H](O[C@H]3OC(CN)=CC[C@H]3N)[C@@H](N)C[C@H]2N)OC[C@]1(C)O","0","train"
"CN[C@H](CC(C)C)C(=O)NC1C(=O)N[C@@H](CC(N)=O)C(=O)N[C@H]2C(=O)N[C@H]3C(=O)N[C@H](C(=O)N[C@@H](C(=O)O)c4cc(O)cc(O)c4-c4cc3ccc4O)[C@H](O)c3ccc(c(Cl)c3)Oc3cc2cc(c3O[C@@H]2O[C@H](CO)[C@@H](O)[C@H](O)[C@H]2O[C@H]2C[C@](C)(N)[C@H](O)[C@H](C)O2)Oc2ccc(cc2Cl)[C@H]1O","0","train"
"CNc1cc(OC)c(C(=O)N[C@@H]2CCN(Cc3ccccc3)[C@@H]2C)cc1Cl","1","train"
"CNc1nc(Cl)c(SC)c(N2CCN(C)CC2)n1","1","train"
"CO/N=C(/C(=O)NC1C(=O)N(OCC(=O)O)[C@H]1C)c1csc(N)n1","0","train"
"CO/N=C(/C(=O)NC1C(=O)N2C(C(=O)O)=C(/C=C\c3scnc3C)CS[C@H]12)c1csc(N)n1","0","train"
"CO/N=C(/C(=O)N[C@@H]1C(=O)N(OCC(=O)OCC(=O)OC(C)(C)C)[C@H]1C)c1csc(N)n1","0","train"
"CO/N=C(/C(=O)N[C@@H]1C(=O)N2C(C(=O)O)=C(COC(C)=O)CS[C@H]12)c1ccco1","0","train"
"CO/N=C(/C(=O)N[C@@H]1C(=O)N2C(C(=O)O)=C(COC(N)=O)CS[C@H]12)c1ccco1","1","train"
"CO/N=C(/C(=O)N[C@@H]1C(=O)N2C(C(=O)O)=C(CSC(=O)c3ccco3)CS[C@H]12)c1csc(N)n1","0","train"
"CO/N=C(/C(=O)N[C@@H]1C(=O)N2C(C(=O)O)=C(CSc3nc(=O)c(=O)[nH]n3C)CS[C@H]12)c1csc(N)n1","1","train"
"CO/N=C(/C(=O)N[C@@H]1C(=O)N2C(C(=O)O)=C(CSc3nnnn3C)CS[C@H]12)c1csc(N)n1","0","train"
"CO/N=C(/C(=O)N[C@@H]1C(=O)N2C(C(=O)O)=C(Cn3nnc(C)n3)CS[C@H]12)c1csc(N)n1","0","train"
"CO/N=C(/C(=O)N[C@@H]1C(=O)N2C(C(=O)OC(C)OC(C)=O)=C(COC(N)=O)CS[C@H]12)c1ccco1","0","train"
"CO/N=C(/C(=O)N[C@H]1C(=O)N2C(C(=O)O)=C(COC(C)=O)CS[C@@H]12)c1csc(N)n1","1","train"
"CO/N=C(\C(=O)N[C@@H]1C(=O)N2C(C(=O)O)=C(CSc3nc(C)c(CC(=O)O)s3)CS[C@H]12)c1csc(N)n1","0","train"
"COC(=O)C1C2CC3c4[nH]c5cc(OC)ccc5c4CCN3CC2CC(OC)C1OC","1","train"
"COC(=O)N1CCN(C(=O)Cc2ccc(Cl)c(Cl)c2)[C@@H](CN2CCCC2)C1","1","train"
"COC(=O)[C@@]1(O)CC[C@H]2C3CCC(=O)C4C(=O)C=CC4(C)[C@H]3C(O)CC21C","1","train"
"COC(=O)[C@H]1[C@@H](O)CC[C@H]2CN3CCc4c([nH]c5ccccc45)[C@@H]3C[C@@H]21","0","train"
"COC(=O)[C@H]1[C@H]2C[C@@H]3c4[nH]c5cc(OC)ccc5c4CCN3C[C@H]2C[C@@H](OC(=O)/C=C/c2cc(OC)c(OC)c(OC)c2)[C@@H]1OC","1","train"
"COC(=O)[C@H]1[C@H]2C[C@@H]3c4[nH]c5cc(OC)ccc5c4CCN3C[C@H]2C[C@@H](OC(=O)c2cc(OC)c(OC)c(OC)c2)[C@@H]1OC","1","train"
"COC(=O)[C@H]1[C@H]2C[C@@H]3c4[nH]c5ccc(Cl)cc5c4CCN3C[C@H]2C[C@@H](OC(=O)c2cc(OC)c(OC)c(OC)c2)[C@@H]1OC","1","train"
"COC(=O)[C@H]1[C@H]2C[C@@H]3c4[nH]c5ccccc5c4CCN3C[C@H]2C[C@@H](OC(=O)c2cc(OC)c(OC)c(OC)c2)[C@@H]1OC","1","train"
"COC(=O)c1cncn1C(C)c1ccccc1","1","train"
"COC(C(=O)N[C@@H]1C(=O)N2[C@@H](C(=O)O)C(C)(C)S[C@H]12)c1ccc(Cl)c(Cl)c1","0","train"
"COC(F)(F)C(F)Br","1","train"
"COC(OC)C(=O)[C@@]12OC(C)(C)O[C@@H]1CC1C3C[C@H](F)C4=CC(=O)C=CC4(C)[C@@]3(F)C(O)CC12C","1","train"
"COC12C=CC3(CC1C(C)(C)O)[C@@H]1Cc4ccc(O)c5c4[C@]3(CCN1CC1CC1)[C@@H]2O5","1","train"
"COC1=C(C(=O)O)N2C(=O)C(NC(=O)C(N)C3C=CCC=C3)C2SC1","0","train"
"COC1C(O)CC(=O)OC(C)C/C=C/C=C/C(OC2CCC(N(C)C)C(C)O2)C(C)CC(CC=O)C1OC1OC(C)C(OC2CC(C)(O)C(O)C(C)O2)C(N(C)C)C1O","0","train"
"COC1C=COC2(C)Oc3c(C)c(O)c4c(O)c(c(C=NN5CCN(C)CC5)c(O)c4c3C2=O)NC(=O)C(C)=CC=CC(C)C(O)C(C)C(O)C(C)C(OC(C)=O)C1C","0","train"
"COC1CC(O[C@@H]2[C@@H](C)C(=O)O[C@H](C)[C@H](C)[C@H](O)[C@@H](C)C(=O)[C@@]3(CO3)C[C@H](C)[C@H](OC3OC(C)CC(N(C)C)C3O)[C@H]2C)OC(C)C1O","0","train"
"COC1CCCC2C1=C(C(=O)O)N1C(=O)C(C(C)O)C21","0","train"
"COCC(=O)O[C@]1(CCN(C)CCCc2nc3ccccc3[nH]2)CCc2cc(F)ccc2[C@@H]1C(C)C","0","train"
"COCC1CN=C(c2ccccc2Cl)c2cc(Br)ccc2N1C","1","train"
"COCCCC(=O)OC(C)OC(=O)C1=C(COC(N)=O)CS[C@@H]2[C@H](NC(=O)/C(=N/OC)c3ccco3)C(=O)N12","0","train"
"COCCN1CC[C@]23c4c5ccc(O)c4O[C@H]2C(=O)CC[C@@]3(O)[C@H]1C5","1","train"
"COCOC(=O)[C@@H]1N2C(=O)[C@@H](N3C(=O)C(c4ccccc4)NC3(C)C)[C@H]2SC1(C)C","0","train"
"COC[C@H]1CN(c2ccc(OCC[C@@H](O)C(F)(F)F)cc2)C(=O)O1","1","train"
"COCc1c(C(=O)OC(C)C)ncc2[nH]c3cccc(Oc4ccc(Cl)cc4)c3c12","1","train"
"COCc1c(C(C)C)nc(C(C)C)c(/C=C/[C@@H](O)C[C@@H](O)CC(=O)O)c1-c1ccc(F)cc1","1","train"
"CO[C@@H]1O[C@H]2O[C@]3(CN4CCCCC4)[C@@H](O)C[C@@H]([C@H]13)[C@H]2C","1","train"
"CO[C@@]1(NC(=O)C(C(=O)O)c2ccc(O)cc2)C(=O)N2C(C(=O)O)=C(CSc3nnnn3C)CO[C@@H]21","0","train"
"CO[C@@]1(NC(=O)C(C(=O)O)c2ccsc2)C(=O)N2[C@@H](C(=O)O)C(C)(C)S[C@@H]21","0","train"
"CO[C@@]1(NC(=O)CSC(F)(F)F)C(=O)N2C(C(=O)O)=C(CSc3nnnn3CCO)CO[C@@H]21","0","train"
"CO[C@@]1(NC(=O)CSCC#N)C(=O)N2C(C(=O)O)=C(CSc3nnnn3C)CS[C@@H]21","0","train"
"CO[C@@]1(NC(=O)CSC[C@@H](N)C(=O)O)C(=O)N2C(C(=O)O)=C(CSc3nnnn3C)CS[C@@H]21","0","train"
"CO[C@@]12[C@H](COC(N)=O)C3=C(C(=O)C(C)=C(N)C3=O)N1C[C@@H]1N[C@@H]12","0","train"
"CO[C@H]1/C=C/O[C@@]2(C)Oc3c(C)c(O)c4c(O)c(c5c(c4c3C2=O)NC2(CCN(CC(C)C)CC2)N=5)=NC(=O)/C(C)=C\C=C\[C@H](C)[C@H](O)[C@@H](C)[C@@H](O)[C@@H](C)[C@H](OC(C)=O)[C@@H]1C","0","train"
"CO[C@H]1/C=C/O[C@@]2(C)Oc3c(C)c(O)c4c(O)c(c5c(nc6cc(C)ccn65)c4c3C2=O)NC(=O)/C(C)=C\C=C\[C@H](C)[C@H](O)[C@@H](C)[C@@H](O)[C@@H](C)[C@H](OC(C)=O)[C@@H]1C","0","train"
"CO[C@H]1/C=C/O[C@@]2(C)Oc3c(C)c(O)c4c(O)c(cc(O)c4c3C2=O)NC(=O)/C(C)=C\C=C\[C@H](C)[C@H](O)[C@@H](C)[C@@H](O)[C@@H](C)[C@H](OC(C)=O)[C@@H]1C","0","train"
"CO[C@H]1CC[C@H]2[C@H]3Cc4ccc(O)c5c4[C@@]2(CCN3C)[C@H]1O5","1","train"
"CO[C@H]1[C@@H](O)[C@H](N)[C@@H](O[C@H]2O[C@H](C(C)N)CC[C@H]2N)[C@H](O)[C@@H]1N(C)C(=O)CN","0","train"
"COc1cc(Br)c2oc(C3CCNCC3)cc2c1","1","train"
"COc1cc(C(=O)/C=C/N2CC=CC2)cc(OC)c1OC","1","train"
"COc1cc(C(=O)N2CCCCCCC2)cc(OC)c1OC","1","train"
"COc1cc(C(=O)N2CCOCC2)cc(OC)c1OC","1","train"
"COc1cc(C(C)=O)ccc1OCCCN1CCC(c2noc3cc(F)ccc23)CC1","1","train"
"COc1cc([C@@H]2c3cc4c(cc3[C@@H](OC3OC5COC(c6cccs6)OC5C(O)C3O)[C@H]3COC(=O)[C@H]23)OCO4)cc(OC)c1O","1","train"
"COc1cc([C@@H]2c3cc4c(cc3[C@@H](O[C@@H]3O[C@@H]5CO[C@@H](C)O[C@H]5[C@H](O)[C@H]3O)C3COC(=O)[C@@H]32)OCO4)cc(OC)c1O","0","train"
"COc1cc2[nH]c(C)c(CCN3CCN(c4ccccc4)CC3)c2cc1OC","1","train"
"COc1cc2[nH]c(C)c(CCN3CCN(c4ccccc4OC)CC3)c2cc1OC","1","train"
"COc1cc2c(c(OC)c1OC)-c1ccc(OC)c(=O)cc1[C@@H](NC(C)=O)CC2","0","train"
"COc1cc2c(cc1OC)C(c1ccc(N)cc1)=NN=C(C)C2","1","train"
"COc1cc2c(cc1OC)C(c1cccc(Cl)c1)=NN=C(C)C2","1","train"
"COc1cc2c(cc1OC)C1CC(=O)C(CC(C)C)CN1CC2","1","train"
"COc1cc2c(cc1OC)S(=O)(=O)OC(C(=O)NC(C)CC(C)(C)N(C)C)C2","1","train"
"COc1cc2c3c(c1O)C1(C=CC(=O)C=C1)CC3N(C)CC2","1","train"
"COc1ccc(-c2cc(=O)c3c(O)cc(O[C@@H]4O[C@H](CO[C@@H]5O[C@@H](C)[C@H](O)[C@@H](O)[C@H]5O)[C@@H](O)[C@H](O)[C@H]4O)cc3o2)cc1O","0","train"
"COc1ccc(C#N)cc1C(=O)NCCN1CCC(C(=O)c2ccc(F)cc2)CC1","1","train"
"COc1ccc(C(=O)N2CCCC2=O)cc1","1","train"
"COc1ccc(CC(=O)N2CCN(C(C)=O)C[C@@H]2CN2CC[C@@H](O)C2)cc1","0","train"
"COc1ccc(C[C@H](N)C(=O)NC2[C@@H](CO)O[C@@H](n3cnc4c(N(C)C)ncnc43)[C@@H]2O)cc1","0","train"
"COc1ccc(Cl)c2c1CCCC2N(C)C","1","train"
"COc1ccc(Cn2c(C)c(CCN)c3cc(O)ccc32)cc1","1","train"
"COc1ccc(N2C[C@H](CN3CCC(O)(c4ccc5c(c4)OCO5)CC3)OC2=O)cc1","1","train"
"COc1ccc(S(N)(=O)=O)cc1C(=O)NCC1CCCN1C","1","train"
"COc1ccc(S(N)(=O)=O)cc1C(=O)NCC1CCCN1Cc1ccc(F)cc1","1","train"
"COc1ccc([C@H](O)CN2CCN(c3cccccc3=O)CC2)cc1OC","1","train"
"COc1ccc2c(C3CCN(CCCC(=O)c4ccc(F)cc4)CC3)c(C)[nH]c2c1","1","train"
"COc1ccc2c(c1)/C(=C/CCN(C)C)c1ccccc1O2","1","train"
"COc1ccc2c(c1)C(N1CCN(C)CC1)=Cc1ccccc1O2","1","train"
"COc1ccc2c(c1)C(O)(CCCN(C)C)c1ccccc1S2","1","train"
"COc1ccc2c(c1)CN(C)CC2c1ccc(Cl)c(Cl)c1","1","train"
"COc1ccc2c(c1)N(CCCN(C)C)c1ccccc1S2","1","train"
"COc1ccc2c(c1)N(C[C@H](C)CN(C)C)c1ccccc1S2","1","train"
"COc1ccc2c(c1OC)C(=O)O[C@@H]2[C@H]1c2c(cc3c(c2OC)OCO3)CCN1C","1","train"
"COc1ccc2c(c1OC)[C@]13CCN(C)[C@H](C2)[C@]1(O)CC[C@@H](O)C3","1","train"
"COc1ccc2c3c1OC1C(O)C=CC4C(C2)NCCC341","1","train"
"COc1ccc2c3c1OC1C(OC(C)=O)=CCC4C(C2)N(C)CCC314","1","train"
"COc1cccc(CC(=O)N2CCN(C(C)=O)C[C@@H]2CN2CC[C@@H](O)C2)c1","0","train"
"COc1cccc2c1C(=O)c1c(O)c3c(c(O)c1C2=O)C[C@@](O)(/C(C)=N/NC(=O)c1ccccc1)C[C@@H]3O[C@H]1C[C@H](N)[C@H](O)[C@H](C)O1","0","train"
"COc1cccc2c1C(=O)c1c(O)c3c(c(O)c1C2=O)C[C@@](O)(C(=O)CO)C[C@@H]3O[C@H]1C[C@H](N)[C@H](O[C@H]2CCCCO2)[C@H](C)O1","0","train"
"COc1cccc2c1C(=O)c1c(O)c3c(c(O)c1C2=O)C[C@@](O)(C(=O)CO)C[C@@H]3O[C@H]1C[C@H](NC(=O)[C@@H](N)CC(C)C)[C@H](O)[C@H](C)O1","0","train"
"COc1cccc2c1C(=O)c1c(O)c3c(c(O)c1C2=O)C[C@@](O)(C(C)=O)C[C@@H]3O[C@H]1C[C@H](N)[C@H](O)[C@H](C)O1","0","train"
"COc1ccccc1N1CCN(CCCC(=O)c2ccc(F)cc2)CC1","1","train"
"COc1ccccc1N1CCN(CCc2oc(=O)[nH]c2-c2ccc(F)cc2)CC1","1","train"
"CSC(=O)C1(OC(C)=O)[C@@H](C)C[C@H]2[C@@H]3CCC4=CC(=O)C=C[C@]4(C)C3(F)[C@@H](O)C[C@@]21C","1","train"
"CSc1c(Cl)nc(NC(C)C)nc1N1CCN(C)CC1","1","train"
"CSc1ccc(CC(=O)N2CCN(C(C)=O)C[C@@H]2CN2CC[C@@H](O)C2)cc1","0","train"
"CSc1ccc2c(c1)N(CC(C)CN(C)C)c1ccccc1S2","1","train"
"C[C@@H](CN1CC(=O)NC(=O)C1)N1CC(=O)NC(=O)C1","0","train"
"C[C@@H](O)[C@H]1C(=O)N2C(C(=O)O)=C(COC(N)=O)S[C@H]12","0","train"
"C[C@@H]1CC2[C@@H]3C[C@H](F)C4=CC(=O)C(Cl)=C[C@]4(C)[C@@]3(F)[C@@H](O)C[C@]2(C)[C@@]1(O)C(=O)CO","1","train"
"C[C@@H]1CN2CC(=O)Nc3ccc(Cl)cc3[C@]2(c2ccccc2)O1","1","train"
"C[C@@H]1C[C@H]2C3C[C@H](F)C4=CC(=O)C=CC4(C)[C@@]3(F)[C@@H](O)CC2(C)[C@@]1(O)C(=O)COC(=O)C(C)(C)C","1","train"
"C[C@@H]1C[C@H]2[C@@H]3CCC4=CC(=O)C=C[C@]4(C)[C@@]3(Cl)[C@@H](O)C[C@]2(C)[C@@]1(O)C(=O)CCl","1","train"
"C[C@@H]1C[C@H]2[C@@H]3CCC4=CC(=O)C=C[C@]4(C)[C@@]3(F)[C@@H](O)C[C@]2(C)[C@@]1(C)C(=O)CO","1","train"
"C[C@@H]1C[C@H]2[C@@H]3CCC4=CC(=O)C=C[C@]4(C)[C@@]3(F)[C@@H](O)C[C@]2(C)[C@H]1C(=O)CO","1","train"
"C[C@@H]1C[C@H]2[C@@H]3C[C@H](F)C4=CC(=O)C=C[C@]4(C)C3(Cl)[C@@H](F)C[C@]2(C)[C@H]1C(=O)CO","1","train"
"C[C@@H]1C[C@H]2[C@@H]3C[C@H](F)C4=CC(=O)C=C[C@]4(C)[C@@]3(F)[C@@H](O)C[C@]2(C)[C@@]1(O)C(=O)CO","1","train"
"C[C@@H]1C[C@H]2[C@@H]3C[C@H](F)C4=CC(=O)C=C[C@]4(C)[C@@]3(F)[C@@H](O)C[C@]2(C)[C@H]1C(=O)COC(=O)C(C)(C)C","1","train"
"C[C@@H]1C[C@H]2[C@@H]3C[C@H](F)C4=CC(=O)C=C[C@]4(C)[C@H]3[C@@H](O)C[C@]2(C)[C@@]1(O)C(=O)CO","1","train"
"C[C@@H]1C[C@H]2[C@@H]3C[C@H](F)C4=CC(=O)C=C[C@]4(C)[C@H]3[C@@H](O)C[C@]2(C)[C@H]1C(=O)CO","1","train"
"C[C@@H]1OC(=O)C[C@H](O)C[C@H](O)CC[C@@H](O)[C@H](O)C[C@H](O)C[C@]2(O)C[C@H](O)[C@@H](C(=O)O)[C@H](C[C@@H](O[C@@H]3O[C@H](C)[C@@H](O)[C@H](N)[C@@H]3O)/C=C\C=C/C=C\C=C/C=C\C=C/C=C\[C@H](C)[C@@H](O)[C@H]1C)O2","0","train"
"C[C@H](CCC(=O)O)[C@H]1CC[C@H]2[C@@H]3C(=O)C[C@@H]4CC(=O)CC[C@]4(C)[C@H]3CC(=O)[C@@]21C","0","train"
"C[C@H](O)C1C(=O)N2C(C(=O)O)=C(S[C@@H]3CN[C@H](C(=O)N(C)C)C3)[C@H](C)C12","0","train"
"C[C@H]1CCCC[C@@]1(c1cccs1)N1CCCCC1","1","train"
"C[C@H]1C[C@H]2[C@@H]3CCC4=CC(=O)C=C[C@]4(C)[C@@]3(F)C(=O)C[C@]2(C)[C@@]1(O)C(=O)CCl","1","train"
"C[C@H]1C[C@H]2[C@@H]3CCC4=CC(=O)C=C[C@]4(C)[C@@]3(F)[C@@H](O)C[C@]2(C)[C@@]1(OC(=O)c1ccccc1)C(=O)CO","1","train"
"C[C@H]1C[C@H]2[C@@H]3CCC4=CC(=O)C=C[C@]4(C)[C@H]3C(=O)C[C@]2(C)[C@@]1(O)C(=O)CO","1","train"
"C[C@H]1C[C@H]2[C@@H]3CC[C@](O)(C(=O)COC(=O)CCC(=O)O)[C@@]3(C)C[C@H](O)[C@@H]2[C@@]2(C)C=CC(=O)C=C12","1","train"
"C[C@H]1O[C@@H](O[C@H]2[C@@H](O)C[C@H](O[C@H]3[C@@H](O)C[C@H](O[C@H]4CC[C@]5(C)[C@H]6CC[C@]7(C)[C@H](C8=CC(=O)OC8)CC[C@]7(O)[C@@H]6CC[C@@H]5C4)O[C@@H]3C)O[C@@H]2C)C[C@H](O)[C@@H]1O","0","train"
"C[C@H]1[C@H](NC(=O)/C(=N/OC(C)(C)C(=O)O)c2csc(N)n2)C(=O)N1S(=O)(=O)O","0","train"
"C[C@H]1c2ccccc2[C@@H](CCCN(C)C)c2cc(C(F)(F)F)ccc21","1","train"
"C[C@]12C=C(Br)C(=O)C=C1[C@H](F)C[C@H]1[C@@H]3CCC(O)(C(=O)CO)[C@@]3(C)C[C@H](O)C12F","1","train"
"C[C@]12CC[C@@H]3c4ccc(O)cc4CC[C@H]3[C@@H]1CCC2=O","0","train"
"C[C@]12CC[C@H]3[C@@H](CCC4=CC(=O)C=C[C@@]43C)[C@@H]1CCC(=O)O2","0","train"
"C[C@]12C[C@H](O)[C@@]3(F)[C@@H](CCC4=CC(=O)C=C[C@@]43C)[C@@H]1C[C@H]1Cc3ccccc3C[C@]12C(=O)CO","1","train"
"C[C@]12C[C@H](O)[C@@]3(F)[C@@H](C[C@H](F)C4=CC(=O)C=C[C@@]43C)[C@@H]1C[C@@H](O)[C@]2(O)C(=O)CO","1","train"
"C[C@]12C[C@H](O)[C@H]3[C@@H](CCC4=CC(=O)C=C[C@@]43C)[C@@H]1CC[C@]2(O)C(=O)COC(=O)CCC(=O)O","1","train"
"C[C@]12C[C@H](O)[C@H]3[C@@H](C[C@H](F)C4=CC(=O)C=C[C@@]43C)[C@@H]1CC[C@]2(O)C(=O)CO","1","train"
"C[C@]12Cc3cn[nH]c3C[C@@H]1CC[C@@H]1[C@@H]2CC[C@@]2(C)[C@H]1CC[C@]2(C)O","0","train"
"C[N+](C)(C)CCO","1","train"
"C[N+](C)([O-])CCCN1c2ccccc2CCc2ccccc21","1","train"
"C[N+]1([O-])C2CCC1CC(OC(=O)C(CO)c1ccccc1)C2","1","train"
"C[N+]12CCC(CC1)C(OC(=O)C(O)(c1ccccc1)c1ccccc1)C2","0","train"
"Cc1[nH]nc2c1N(c1ccccc1)C(=O)CC(=O)N2C","1","train"
"Cc1c(F)c(N2CCNC(C)C2)cc2c1c(=O)c(C(=O)O)cn2C1CC1","0","train"
"Cc1c2c(cn1C)NC(=O)CN=C2c1ccccc1","1","train"
"Cc1cc(-c2ccc(O)cc2)nnc1NCCN1CCOCC1","1","train"
"Cc1cc(=O)c(C(=O)N[C@@H](C(=O)NC2C(=O)N3C(C(=O)O)=C(CSc4nnnn4C)CS[C@H]23)c2ccc(O)cc2)c[nH]1","0","train"
"Cc1cc(=O)oc2cc(O)ccc12","0","train"
"Cc1cc(C(=O)NNCc2ccccc2)no1","1","train"
"Cc1cc(C(C)(C)SC(C)(C)CNc2[nH]ccc2[N+](=O)[O-])nc(C)c1C","1","train"
"Cc1cc(C)c(=O)[nH]n1","1","train"
"Cc1cc(NC(=O)C2=C(O)c3ccccc3S(=O)(=O)N2C)no1","0","train"
"Cc1ccc(C2(O)CCN(CCCC(=O)c3ccc(F)cc3)CC2)cc1","1","train"
"Cc1ccc(CC2=CN=C(NCCSCc3ccc(CN(C)C)o3)NC2)cn1","0","train"
"Cc1ccc(S(=O)(=O)CCN2C(=O)CN=C(c3ccccc3Cl)c3cc(Cl)ccc32)cc1","1","train"
"Cc1ccc2c(c1)C(N1CCN(C)CC1)=Nc1ccccc1S2","1","train"
"Cc1ccc2c(c1)C1CN(C)CCC1N2","1","train"
"Cc1ccc2c(c1)[C@]13CCCC[C@@H]1[C@H](C2)N(C)CC3","1","train"
"Cc1ccc2c(c1)c1c3n2CCNC3CCC1","1","train"
"Cc1cccc(/C=N\N2CCN(C(c3ccccc3)c3ccccc3)CC2)n1","1","train"
"Cc1cccc(C)c1NC(=O)CN1CCCC1=O","1","train"
"Cc1cccc(C)c1NC(=O)c1ccc(N)cc1","1","train"
"Cc1cccc(C)c1NC1=NCCCS1","1","train"
"Cc1cccc(Cc2cnc[nH]2)c1C","1","train"
"Cc1cccc(Cl)c1NC(=O)/C=C1\SCC(=O)N1C","1","train"
"Cc1cccc(N2CC(CO)OC2=O)c1","1","train"
"Cc1cccc(O[C@H]2CCNC[C@H]2O)c1C","1","train"
"Cc1cccc2c1Oc1ccccc1[C@@]1(O)CCN(C)C[C@H]21","1","train"
"Cc1cccc2c1Oc1ccccc1[C@@]1(O)CCNC[C@H]21","1","train"
"Cc1ccccc1-n1c(/C=C/c2ccccn2)nc2ccccc2c1=O","1","train"
"Cc1ccccc1-n1c(C)nc2ccccc2c1=O","1","train"
"Cc1ccccc1N1CCN(CCCOc2ccccn2)CC1","1","train"
"Cc1cn([C@H]2C=C[C@@H](CO)O2)c(=O)[nH]c1=O","1","train"
"Cc1cn[o+]c(C([NH])CC(C)C(C)(C)N(C(C)(C)C)C(C)(N)N)c1O","1","train"
"Cc1cnn(-c2c(Cl)cccc2Cl)c1C(=O)N[C@@H]1C(=O)N2[C@@H](C(=O)O)C(C)(C)S[C@H]12","0","train"
"Cc1nc2c(C)cccn2c(=O)c1CCN1CCC(c2noc3cc(F)ccc23)CC1","1","train"
"Cc1nc2ccccc2c(=O)n1-c1ccccc1Cl","1","train"
"Cc1nc2n(c(=O)c1CCN1CCC(C(=O)c3ccc(F)cc3)CC1)CCS2","1","train"
"Cc1nc2n(c(=O)c1CCN1CCC(c3noc4cc(F)ccc34)CC1)CCC[C@H]2O","1","train"
"Cc1nc2n(n1)C(N1CCN(C)CC1)=Nc1ccccc1C2","1","train"
"Cc1ncc(CSSCc2cnc(C)c(O)c2CO)c(CO)c1O","1","train"
"Cc1ncc([N+](=O)[O-])n1CC(O)CCl","1","train"
"Cc1nccc2c1[nH]c1ccccc12","1","train"
"Cc1nccn1C(C)c1ccccc1","1","train"
"Cc1nccnc1N1CCCCC1","1","train"
"Cc1ncsc1CCCl","1","train"
"Cc1nn(C)c2c1C(c1ccccc1F)=NCC(=O)N2C","1","train"
"Cc1nn(C)c2c1N(c1ccccc1)C(=O)CC(=O)N2C","1","train"
"Cc1nnc(SCC2=C(C(=O)O)N3C(=O)[C@@H](NC(=O)C(N)c4ccc(O)cc4)[C@H]3SC2)s1","0","train"
"Cc1nnc(SCC2=C(C(=O)O)N3C(=O)[C@@H](NC(=O)Cn4cc(Cl)c(=O)c(Cl)c4)[C@H]3SC2)s1","0","train"
"Cc1nnc(SCC2=C(C(=O)O)N3C(=O)[C@@H](NC(=O)Cn4cnnn4)[C@H]3SC2)s1","0","train"
"Cc1nnc(SCC2=C(C(=O)O)N3C(=O)[C@@H](NC(=O)[C@H](O)c4ccccc4)[C@H]3SC2)s1","0","train"
"Cc1nnc(SCC2=C(C(=O)OCc3oc(=O)oc3C)N3C(=O)C(NC(=O)C(OC(=O)C(C)N)c4ccccc4)C3SC2)s1","0","train"
"Cc1nnc2n1-c1sc(Br)cc1C(c1ccccc1Cl)=NC2","1","train"
"Cc1onc(-c2c(Cl)cccc2Cl)c1C(=O)N[C@@H]1C(=O)N2[C@@H](C(=O)O)C(C)(C)S[C@H]12","0","train"
"Cc1onc(-c2c(F)cccc2Cl)c1C(=O)N[C@@H]1C(=O)N2[C@@H](C(=O)O)C(C)(C)S[C@H]12","0","train"
"Cc1onc(-c2ccccc2)c1C(=O)N[C@@H]1C(=O)N2[C@@H](C(=O)O)C(C)(C)S[C@H]12","0","train"
"Clc1ccc(C(OCCN2CCOCC2)c2ccccc2)cc1","1","train"
"Clc1ccc(COC(Cn2ccnc2)c2ccc(Cl)cc2Cl)cc1","0","train"
"Clc1ccc(N2CCN(C/C=C/c3ccccc3)CC2)nn1","1","train"
"Clc1ccc([C@@H]2[C@H]3CC[C@@H](C3)C23CCC(N2CCOCC2)=N3)cc1","1","train"
"Clc1ccc2c(c1)/C(=C/C1CN3CCC1CC3)c1ccccc1S2","1","train"
"Clc1ccc2c(c1)C(c1ccccc1)=NCc1nncn1-2","1","train"
"Clc1cccc(Cl)c1NC1=NCCO1","1","train"
"Cn1c(=O)c2c(ncn2CCN2CCC(c3c[nH]c4ccccc34)CC2)n(C)c1=O","1","train"
"Cn1c(=O)c2c(ncn2CCNCC(O)c2ccc(O)c(O)c2)n(C)c1=O","0","train"
"Cn1nc(-c2cccc(F)c2)n(C)c1=S","1","train"
"Cn1nc(-c2cccnc2)nc1-c1ccccc1CO","1","train"
"Cn1nnnc1SCC1=C(C(=O)O)N2C(=O)[C@@H](NC(=O)CS/C=C\C#N)[C@H]2SC1","0","train"
"Cn1nnnc1SCC1=C(C(=O)O)N2C(=O)[C@@H](NC(=O)CSC(F)(F)F)[C@H]2SC1","0","train"
"FC(F)(Cl)C(F)(F)Cl","1","train"
"FC(F)(F)CCl","1","train"
"FC(F)(F)c1ccc2c(c1)N(CCCN1CCN(C3CC3)CC1)c1ccccc1S2","1","train"
"FC(F)(F)c1cccc(C2=CCN(CCc3ccc4ccccc4c3)CC2)c1","1","train"
"FC(F)(F)c1cccc(N2CCN(CCc3nnc4n3C[C@H]3CCC[C@@H]43)CC2)c1","1","train"
"FCC(F)(F)F","1","train"
"Fc1ccc(-c2ccc(CN3CCN(c4cccc5ccoc45)CC3)[nH]2)cc1","1","train"
"Fc1ccc(C(CCCN2CCN(CCNc3ccccc3)CC2)c2ccc(F)cc2)cc1","1","train"
"Fc1ccc([C@@H]2CCNC[C@H]2COc2ccc3c(c2)OCO3)cc1","1","train"
"Fc1ccc2[nH]c3c(c2c1)CN(CCCc1cccnc1)CC3","1","train"
"Fc1ccc2[nH]c3c(c2c1)CN(CCc1ccncc1)CC3","1","train"
"Fc1cccc(Br)c1NC1=NCCN1","1","train"
"Fc1ccccc1C1=NCC(=S)N(CC(F)(F)F)c2ccc(Cl)cc21","1","train"
"Fc1ccccc1C1=NCCN(CC(F)(F)F)c2ccc(Cl)cc21","1","train"
"N#CC(CCN1CCC(C(N)=O)(N2CCCCC2)CC1)(c1ccccc1)c1ccccc1","1","train"
"N#Cc1cc(-c2ccccc2)nnc1NCCN1CCOCC1","1","train"
"N=C(N)c1ccc(-c2ccccc2[N+](=O)[O-])o1","1","train"
"N=C(N=O)c1[nH][nH]c2ccccc2n(Cc2ccccc2)c1O","1","train"
"N=C1SCCN1c1ccc(Cl)cc1N","1","train"
"NC(=O)C1(N2CCCCC2)CCN(CCCC(=O)c2ccc(F)cc2)CC1","1","train"
"NC(=O)C1CCCCO1","1","train"
"NC(=O)CN1C(=O)C(c2ccccc2)c2ccccc21","1","train"
"NC(=O)CN1C(=O)COc2ccccc21","1","train"
"NC(=O)CN1CC(O)CC1=O","1","train"
"NC(=O)CN1CCCC1=O","1","train"
"NC(=O)CN1Cc2ccccc2OC1=O","1","train"
"NC(=O)C[S+]([O-])C(c1ccccc1)c1ccccc1","1","train"
"NC(=O)N1c2ccccc2CC(=O)c2ccccc21","1","train"
"NC(=O)NCCN1CCN(c2cccc(C(F)(F)F)c2)CC1","1","train"
"NC(=O)OCC1[C@H](NC(=O)/C(=N/OCC(=O)O)c2csc(N)n2)C(=O)N1S(=O)(=O)O","0","train"
"NC(=O)c1ccc(F)c2c1C[C@@H](N(C1CCC1)C1CCC1)CO2","1","train"
"NC(=O)c1cccnc1","1","train"
"NC(=O)c1cn(Cc2c(F)cccc2F)nn1","1","train"
"NC(=O)c1ncn([C@@H]2O[C@H](CO)[C@@H](O)[C@H]2O)n1","0","train"
"NC(Cc1c[nH]c2ccc(O)cc12)C(=O)O","1","train"
"NC(N)=NCC1COC2(CCCCC2)O1","0","train"
"NC(N)=NCCN1CCCCCCC1","0","train"
"NC(N)=Nc1nc(-c2ccccc2)cs1","1","train"
"N=C1NC(=O)C(c2ccccc2)O1","1","train"
"NC1CONC1=O","1","train"
"NCC1CCC(N)C(OC2C(N)CC(N)C(OC3OC(CO)C(O)C(N)C3O)C2O)O1","0","train"
"NCC1OC(OC2C(N)CC(N)C(OC3OC(CO)C(O)C(N)C3O)C2O)C(N)C(O)C1O","0","train"
"NCC1OC(OC2C(N)CC(N)C(OC3OC(CO)C(O)C(N)C3O)C2O)C(O)C(O)C1O","0","train"
"NCC1OC(OC2C(N)CC(NC(CO)CO)C(OC3OC(CO)C(O)C(N)C3O)C2O)C(N)C(O)C1O","0","train"
"NCCC(O)CNC1CC(N)C(OC2OC(CN)C(O)C(O)C2O)C(O)C1OC1OC(CO)C(O)C(N)C1O","0","train"
"NCCC(Oc1ccc(C(F)(F)F)cc1)c1ccccc1","1","train"
"NCCc1cn2ccccc2n1","0","train"
"NCCc1nccs1","1","train"
"NC[C@H]1O[C@H](O[C@@H]2[C@@H](N)C[C@@H](N)[C@H](O)[C@H]2O)[C@H](N)[C@@H](O)[C@@H]1O","0","train"
"NCc1ccccc1CC(=O)N[C@@H]1C(=O)N2C(C(=O)O)=C(CSc3nnnn3CC(=O)O)CS[C@H]12","0","train"
"NNC(=O)CP(=O)(c1ccccc1)c1ccccc1","1","train"
"NNCC1CCCCC1","1","train"
"NS(=O)(=O)c1cc2c(cc1Cl)NC(C(Cl)Cl)NS2(=O)=O","0","train"
"NS(=O)(=O)c1ccc(N2C(=O)CC(c3ccccc3)C2=O)c(Cl)c1","1","train"
"NS(=O)(=O)c1ccc(N2CCCCS2(=O)=O)cc1","1","train"
"N[C@@H](C(=O)NC1C(=O)N2C(C(=O)O)=C(Cl)CCC12)c1ccccc1","0","train"
"N[C@@H](C(=O)N[C@@H]1C(=O)N2C(C(=O)O)=C(Cl)CS[C@H]12)c1ccccc1","0","train"
"N[C@@H](Cc1c[nH]c2ccccc12)C(=O)O","1","train"
"N[C@@H]1C[C@H]1c1ccccc1","1","train"
"Nc1c2c(nc3ccccc13)CCCC2","1","train"
"Nc1c2c(nc3ccccc13)CCCC2O","1","train"
"Nc1cc(OCC2CC2)c(C(=O)NC2CN3CCC2CC3)cc1Cl","1","train"
"Nc1ccc(S(=O)(=O)N2CC3CCC(CC3)C2)cc1","1","train"
"Nc1cccc(-n2ccccc2=O)c1","1","train"
"Nc1nc(/C(=C/CC(=O)O)C(=O)N[C@@H]2C(=O)N3C(C(=O)O)=CCS[C@H]23)cs1","0","train"
"Nc1nc(N)c2nc(-c3ccccc3)c(N)nc2n1","0","train"
"Nc1nc2c(ncn2CC[C@@H](O)CO)c(=O)[nH]1","1","train"
"Nc1nc2ncc(CNc3ccc(C(=O)N[C@@H](CCC(=O)O)C(=O)O)cc3)nc2c(=O)[nH]1","1","train"
"Nc1ncc2ncn(COCCO)c2n1","1","train"
"Nn1cnc2cc3ccccc3cc2c1=O","1","train"
"O=C(CC1c2ccccc2C(=O)N1c1ccc2ccc(Cl)nc2n1)N1CCC2(CC1)OCCO2","1","train"
"O=C(CCCN1CC2CCC(CC2)C1)c1ccc(F)cc1","1","train"
"O=C(CCCN1CC=C(n2c(=O)[nH]c3ccccc32)CC1)c1ccc(F)cc1","1","train"
"O=C(CCCN1CCC(O)(c2ccc(Cl)c(C(F)(F)F)c2)CC1)c1ccc(F)cc1","1","train"
"O=C(CCCN1CCC(O)(c2cccc(C(F)(F)F)c2)CC1)c1ccc(F)cc1","1","train"
"O=C(CCCN1CCC(n2c(=O)[nH]c3ccccc32)CC1)c1ccc(F)cc1","1","train"
"O=C(CCCN1CCC(n2c(=S)[nH]c3ccccc32)CC1)c1ccc(F)cc1","1","train"
"O=C(CCCN1CCC2(CC1)C(=O)NCN2c1ccc(F)cc1)c1ccc(F)cc1","1","train"
"O=C(CCCN1CCN(C(=O)OC2CCCCC2)CC1)c1ccc(F)cc1","1","train"
"O=C(CCCN1CCN(c2cc3ccccc3cn2)CC1)c1ccc(F)cc1","1","train"
"O=C(CCCN1CCN(c2ccccn2)CC1)c1ccc(F)cc1","1","train"
"O=C(CCCN1CCN2CCCC2C1)c1ccc(F)cc1","1","train"
"O=C(CCN1CCN(CCO)CC1)N1c2ccccc2Sc2ccc(C(F)(F)F)cc21","1","train"
"O=C(CCNNC(=O)c1ccncc1)NCc1ccccc1","1","train"
"O=C(CN1CCC23CCCCC2C1Cc1ccc(O)cc13)c1ccccc1","1","train"
"O=C(CN1CCCC1=O)NNC(=O)CN1CCCC1=O","1","train"
"O=C(CN1CC[C@H](c2ccc(F)cc2)[C@@H](COc2ccc3c(c2)OCO3)C1)c1ccc(F)cc1","1","train"
"O=C(COc1ccc(Cl)cc1)N1CCN(Cc2ccc3c(c2)OCO3)CC1","1","train"
"O=C(COc1ccc(Cl)cc1)OCCNC12CC3CC(CC(C3)C1)C2","1","train"
"O=C(Cc1ccc(C(F)(F)F)cc1)N1CCCC[C@H]1CN1CCCC1","1","train"
"O=C(Cc1ccc(Cl)c(Cl)c1)N1CCCC[C@H]1CN1CCCC1","1","train"
"O=C(Cc1ccc(Cl)c(Cl)c1)N1CCN(CCO)C[C@@H]1CN1CC[C@@H](O)C1","0","train"
"O=C(Cc1ccc(Cl)c(Cl)c1)N1CCc2[nH]cnc2[C@H]1CN1CCCC1","0","train"
"O=C(Cc1ccc(Cl)c(Cl)c1)N1CCc2[nH]cnc2[C@H]1CN1CC[C@@H](O)C1","0","train"
"O=C(Cc1ccc(Cl)c(Cl)c1)N1CCc2occc2[C@H]1CN1CCCC1","1","train"
"O=C(Cc1ccc(Cl)c(Cl)c1)N1CCc2occc2[C@H]1CN1CC[C@@H](O)C1","1","train"
"O=C(Cc1ccc(Cl)c(Cl)c1)N1CCc2sccc2[C@H]1CN1CCCC1","1","train"
"O=C(Cc1ccc(Cl)c(Cl)c1)N1CCn2ccnc2[C@H]1CN1CCCC1","1","train"
"O=C(Cc1ccc(Cl)c(Cl)c1)N1CCn2ccnc2[C@H]1CN1CC[C@@H](O)C1","0","train"
"O=C(Cc1cccs1)N[C@@H]1C(=O)N2C(C(=O)O)=C(CSc3ncn[nH]3)CS[C@H]12","0","train"
"O=C(Cn1cnnn1)N[C@@H]1C(=O)N2C(C(=O)O)=C(CSc3nncs3)CS[C@H]12","0","train"
"O=C(NC(=O)c1ccccc1)NC1CCN(Cc2ccc3ccccc3c2)CC1","1","train"
"O=C(NCCCN1CCOCC1)c1ccc(Cl)cc1","1","train"
"O=C(NCCN1CCC(n2c(=O)[nH]c3cc(Cl)ccc32)CC1)c1ccc(F)cc1","1","train"
"O=C(NCCN1CCN(c2ncccn2)CC1)C12CC3CC(CC(C3)C1)C2","1","train"
"O=C(NCCN1CCOCC1)c1ccc(Cl)cc1","1","train"
"O=C(NCCc1ccc(O)c(O)c1)C12CC3CC(CC(C3)C1)C2","1","train"
"O=C(Nc1ccccc1)OCC1(COC(=O)Nc2ccccc2)CCCC1","1","train"
"O=C(O)C1=C(CSc2nnnn2CS(=O)(=O)O)CS[C@@H]2[C@H](NC(=O)C(O)c3ccccc3)C(=O)N12","0","train"
"O=C(O)C1CCN1C12CC3CC(CC(C3)C1)C2","1","train"
"O=C(O)CCCCC1SCC2NC(=O)NC21","1","train"
"O=C(O)CCCCCCCC(=O)O","0","train"
"O=C(O)CN1C(=O)c2cccc3cccc(c23)C1=O","1","train"
"O=C(O)COCCN1CCN(C(c2ccccc2)c2ccc(Cl)cc2)CC1","0","train"
"O=C(O)c1cc(=O)c2cc(OCC(O)COc3cccc4oc(C(=O)O)cc(=O)c34)ccc2o1","0","train"
"O=C(O)c1ccccc1Oc1ccccc1","1","train"
"O=C(O)c1cn(C2CC2)c2cc(N3CCNCC3)c(F)cc2c1=O","0","train"
"O=C(OC1CN2CCC1CC2)c1ccccc1","1","train"
"O=C(OCCN1CCCCC1)C(O)(c1ccccc1)c1ccccc1","1","train"
"O=C(c1ccc(F)cc1)C1CCN(CCCN2c3ccccc3Sc3ccc(C(F)(F)F)cc32)CC1","1","train"
"O=C(c1ccc(F)cc1)C1CCN(CCCn2c(=O)[nH]c3cc(Cl)ccc32)CC1","1","train"
"O=C(c1ccc(F)cc1)C1CCN(CCCn2c(=O)[nH]c3ccccc32)CC1","1","train"
"O=C(c1ccccn1)N1CCN(Cc2ccccc2)CC1","1","train"
"O=C(c1ccccn1)c1cnn2c(-c3ccncc3)ccnc12","1","train"
"O=C(c1cccnc1)N1CCOCC1","1","train"
"O=C(c1ccco1)N(c1cnccn1)C1CCN(CCc2ccccc2)CC1","1","train"
"O=C1CC(c2cccc(Br)c2)C(=O)N1","1","train"
"O=C1CC2(CCCC2)CC(=O)N1CCCCN1CCN(c2nsc3ccccc23)CC1","1","train"
"O=C1CC2(CCCC2)CC(=O)N1CCNCC1COc2ccccc2O1","1","train"
"O=C1CCC(C(=O)NC2CC2c2ccccc2)N1","1","train"
"O=C1CCC(c2ccccc2)(C2CCN(C/C=C/c3ccccc3)CC2)C(=O)N1","1","train"
"O=C1CCC2(CCC(=O)c3ccccc32)C(=O)N1","1","train"
"O=C1CCC2CCC(=O)N12","1","train"
"O=C1CCN=C2CC(c3ccccc3)CN12","1","train"
"O=C1CCNc2ccc(Cl)cc2N1c1ccccc1","1","train"
"O=C1CC[C@@]2(O)[C@H]3Cc4ccc(O)c5c4[C@@]2(CCN3CC2CC2)[C@H]1O5","1","train"
"O=C1CC[C@H](C(=O)N2CCCCC2)N1","1","train"
"O=C1CCc2ccc(OCCCCN3CCN(c4cccc(Cl)c4Cl)CC3)cc2N1","1","train"
"O=C1CN2C(=O)CCC2N1","1","train"
"O=C1CN2CCOC2(c2ccccc2Cl)c2cc(Cl)ccc2N1","1","train"
"O=C1CN2CCOC2(c2ccccc2F)c2cc(Br)ccc2N1","1","train"
"O=C1CN2CCOC2(c2ccccc2F)c2cc(Cl)ccc2N1CCO","1","train"
"O=C1CN=C(C2=CCCCC2)c2cc(Cl)ccc2N1","1","train"
"O=C1CSC2(CCN(CCCN3c4ccccc4Sc4ccc(Cl)cc43)CC2)N1","1","train"
"O=C1Cc2cc(CCN3CCN(c4nsc5ccccc45)CC3)c(Cl)cc2N1","1","train"
"O=C1N(c2ccccc2)c2ccccc2C1(Cc1ccncc1)Cc1ccncc1","1","train"
"O=C1NC(=NC2CC2)OC1c1ccccc1","1","train"
"O=C1NC(=O)C(CC2CCCCN2)(c2ccccc2)C(=O)N1","1","train"
"O=C1NC(=O)C2(CCc3ccccc3C2)N1","1","train"
"O=C1NC(=O)C2(c3ccc(Cl)cc3)CC12","1","train"
"O=C1NC(=O)[C@@]2(CCN(C(=O)Cc3ccc(Cl)c(Cl)c3)[C@@H](CN3CCCC3)C2)N1","0","train"
"O=C1NC(c2ccccc2)(c2ccccc2)C(=O)N1COP(=O)(O)O","1","train"
"O=C1NC2CCCCN2C12CCN(CCCN1c3ccccc3CCc3ccc(Cl)cc31)CC2","1","train"
"O=C1NCCCC1N1C(=O)c2ccccc2S1(=O)=O","1","train"
"O=C1NCCN1CCN1CCC(c2cn(-c3ccc(F)cc3)c3ccc(Cl)cc23)CC1","1","train"
"O=C1NCCNC1c1cccs1","1","train"
"O=C1NCN(c2ccccc2)C12CCN(CCCC(c1ccc(F)cc1)c1ccc(F)cc1)CC2","1","train"
"O=C1NCN(c2ccccc2)C12CCN(CCCOc1ccc(F)cc1)CC2","1","train"
"O=C1Nc2ccc(Cl)cc2[C@@](C#CC2CC2)(C(F)(F)F)O1","0","train"
"O=C1Nc2ccc(Cl)nc2C(c2ccccc2Cl)=NC1O","1","train"
"O=C1OC(c2ccc(O)cc2)(c2ccc(O)cc2)c2ccccc21","0","train"
"O=C1[C@H]2CCCC[C@H]2C(=O)N1CCCCN1CCN(c2nsc3ccccc23)CC1","1","train"
"O=C1c2ccccc2S(=O)(=O)N1CCCN1CCN(c2ncccn2)CC1","1","train"
"O=NN(CCCl)C(=O)NC1CCCCC1","1","train"
"O=c1[nH]c(=O)n([C@H]2C[C@H](O)[C@@H](CO)O2)cc1F","0","train"
"O=c1[nH]c2cc(Cl)c(Cl)c([N+](=O)[O-])c2[nH]c1=O","1","train"
"O=c1[nH]c2cc(Cl)ccc2n1C1CCN(CC2COc3ccccc3O2)CC1","1","train"
"O=c1[nH]c2cc(Cl)ccc2n1C1CCN(CCCC(c2ccc(F)cc2)c2ccc(F)cc2)CC1","1","train"
"O=c1[nH]c2cc(Cl)ccc2o1","1","train"
"O=c1[nH]c2ccccc2c(=O)n1CCCN1CCN(c2cccc(Cl)c2)CC1","1","train"
"O=c1[nH]c2ccccc2c(=O)n1CCN1C[C@H]2C[C@H](c3ccc(F)cc3)[C@H]2C1","1","train"
"O=c1[nH]c2ccccc2n1C1CCN(CCCC(c2ccc(F)cc2)c2ccc(F)cc2)CC1","1","train"
"O=c1[nH]c2ccccc2n1C1CCN(CCCc2noc3cc(F)ccc23)CC1","1","train"
"O=c1[nH]cc(F)c(=O)[nH]1","0","train"
"O=c1[nH]oc2c1CCNC2","1","train"
"O=c1c(O[C@@H]2O[C@H](CO)[C@@H](O)[C@H](O)[C@H]2O)c(-c2ccc(O)c(O)c2)oc2cc(O)cc(O)c12","0","train"
"O=c1cc[nH]nc1","1","train"
"O=c1oc2ccccc2c(O)c1Cc1c(O)c2ccccc2oc1=O","0","train"
"OC(Br)(Br)CBr","1","train"
"OC(CCCN1CCc2c(c3cc(F)ccc3n2-c2ccc(F)cc2)C1)c1ccc(F)cc1","1","train"
"OC(CCN1CCCC1)(c1ccccc1)C1CCCCC1","1","train"
"OC(CN1CCCCC1)c1cc(-c2ccccc2)on1","1","train"
"OC(Cn1ccnc1)c1ccc(CCc2ccccc2)cc1","1","train"
"OC(OCC(COC(O)C(Cl)(Cl)Cl)(COC(O)C(Cl)(Cl)Cl)COC(O)C(Cl)(Cl)Cl)C(Cl)(Cl)Cl","1","train"
"OC(c1ccccc1)(c1ccccc1)C1CC1c1ccncc1","1","train"
"OC(c1ccccc1)(c1ccccc1)C1CCCCN1","1","train"
"OC(c1ccccc1)(c1ccccc1)C1CCNCC1","1","train"
"OC1(c2ccc(Cl)cc2)c2ccccc2C2=NCCN21","1","train"
"OC1(c2cccc(Cl)c2)C2=NCCCN2c2ccccc21","1","train"
"OC1CCN(c2ccc(-c3ccc(Cl)cc3Cl)nn2)CC1","1","train"
"OC1CCN(c2ccc(-c3ccccc3Cl)nn2)CC1","1","train"
"OC1OC(COCCOC(O)C(Cl)(Cl)Cl)C(OC2OC(COCCOCCOC(O)C(Cl)(Cl)Cl)CC(OC(O)C(Cl)(Cl)Cl)C2O)C(OCCOCCOC(O)C(Cl)(Cl)Cl)C1O","1","train"
"OCC1(CO)COC(C(Cl)(Cl)Cl)OC1","1","train"
"OCCC1CCN(CC/C=C2\c3ccc(F)cc3Sc3ccc(C(F)(F)F)cc32)CC1","1","train"
"OCCN1C=CN(CCCN2c3ccccc3C=Cc3ccccc32)C=CC1","1","train"
"OCCN1CCCN(CCCN2c3ccccc3Sc3cc(C(F)(F)F)ccc32)CC1","1","train"
"OCCN1CCCN(CCCN2c3ccccc3Sc3ccc(C(F)(F)F)cc32)CC1","1","train"
"OCCN1CCN(CC/C=C2/c3ccccc3COc3ccc(Cl)cc32)CC1","1","train"
"OCCN1CCN(CC/C=C2/c3ccccc3Sc3ccc(C(F)(F)F)cc32)CC1","1","train"
"OCCN1CCN(CC/C=C2/c3ccccc3Sc3ccc(Cl)cc32)CC1","1","train"
"OCCN1CCN(CCCN2c3cc(C(F)(F)F)ccc3Sc3sccc32)CC1","1","train"
"OCCN1CCN(CCCN2c3ccccc3C=Cc3ccccc32)CC1","1","train"
"OCCN1CCN(CCCN2c3ccccc3Sc3cc(Cl)cnc32)CC1","1","train"
"OCCN1CCN([C@@H]2C[C@@H](c3ccc(F)cc3)c3ccc(C(F)(F)F)cc32)CC1","1","train"
"OCCOCCOCCN1CCN(C(c2ccccc2)c2ccc(Cl)cc2)CC1","1","train"
"OC[C@@H](O)[C@H]1OC2O[C@H](C(Cl)(Cl)Cl)O[C@@H]2[C@H]1O","1","train"
"OC[C@H]1O[C@@H](n2cnc3c2NC=NC[C@H]3O)C[C@@H]1O","1","train"
"OCc1cccnc1","0","train"
"ON1CC(=NCC2CC2)N=c2ccc(Cl)cc2=C1c1ccccc1","1","train"
"Oc1ccc2[nH]cc(CCCCN3CC=C(c4ccccc4)CC3)c2c1","1","train"
"Oc1ccc2c(c1)C13CCCCC1C(C2)NCC3","1","train"
"Oc1ccc2c(c1)C13CCN(CC4CC4)C(C2)C1CCOC3","1","train"
"Oc1ccc2c(c1)[C@@]13CCCC[C@@]1(O)[C@@H](C2)N(CC1CC1)CC3","1","train"
"Oc1ccc2c3c1OC1C(O)C=CC4C(C2)NCCC341","1","train"
"Oc1ccccc1-c1nnco1","1","train"
"S=C1NCCC(COc2ccccc2)O1","1","train"
"c1cc2c(c(N3CCNCC3)c1)OCCO2","1","train"
"c1ccc(-c2cc(CCC3CCNCC3)c3ccccc3n2)cc1","1","train"
"c1ccc(C2(c3ccccc3)OC[C@H]([C@@H]3CCCCN3)O2)cc1","1","train"
"c1ccc(C2CCN(CC3CCCc4c3ccc3c4OCO3)C2)cc1","1","train"
"c1ccc(C2CN=C3NCCN32)cc1","1","train"
"c1ccc(Cn2cc(CCc3ccncc3)c3ccccc32)cc1","1","train"
"c1ccc([C@@H]2CN3CCSC3=N2)cc1","1","train"
"c1ccc2c(c1)CCN1CCNCC21","1","train"
"c1ccc2c(c1)CCc1cccc3c1C2CN1CCCCC31","1","train"
"c1ccc2c(c1)CCc1ccccc1N2C1CN2CCC1CC2","1","train"
"c1ccc2c(c1)cc1n2CCCNC1","1","train"
"c1ccc2cc(COC3CCNCC3)ccc2c1","1","train"
"c1cnc(N2CCN(Cc3ccc4c(c3)OCO4)CC2)nc1","1","train"
"c1cncc(CC2(Cc3ccncc3)c3cccnc3-c3ncccc32)c1","1","train"
"CC(=O)C[C@@H](c1ccccc1)c1c(O)c2ccccc2oc1=O","0","train"
"CC(C(O)c1ccc(O)cc1)N1CCC(Cc2ccccc2)CC1","1","train"
"CC1=NN=C(c2ccc(N)cc2)c2cc3c(cc2C1)OCO3","1","train"
"CCCCC(=O)O[C@H]1CC[C@H]2[C@@H]3CCc4cc(O)ccc4[C@H]3CC[C@]12C","0","train"
"CCCN1CCC[C@@H]2Cc3[nH]ncc3C[C@H]21","1","train"
"CCN1CCC[C@H]1CNC(=O)c1c(O)c(Cl)cc(Cl)c1OC","1","train"
"CCOC(=O)C(N)/C=C(\C)CP(=O)(O)O","1","train"
"CCc1cccc2cc(C(O)CNC(C)(C)C)oc12","0","train"
"CN(C(=O)Cc1ccc(Cl)c(Cl)c1)C(CN1CCCC1)c1cccc(OCC(=O)O)c1","0","train"
"CN(C(=O)Cc1ccc(Cl)c(Cl)c1)[C@@H]1CCCC[C@H]1N1CCCC1","1","train"
"CN(C(=O)Cc1cccc2sccc12)[C@@H]1CCCC[C@H]1N1CCCC1","1","train"
"CO/N=C(\C(=O)N[C@@H]1C(=O)N2C(C(=O)O)=C(CSc3nc(=O)c(=O)[nH]n3C)CS[C@H]12)c1csc(N)n1","0","train"
"COCc1c(C(=O)OC(C)C)ncc2[nH]c3ccc(OCc4ccccc4)cc3c12","1","train"
"COc1cc2c(cc1OC)CN(CCc1ccc(NC(=O)c3cccc4c(=O)c5cccc(OC)c5[nH]c34)cc1)CC2","0","train"
"C[C@@H]1O[C@@H](O[C@@H]2C=C3CC[C@@H]4[C@H](CC[C@]5(C)[C@@H](c6ccc(=O)oc6)CC[C@]45O)[C@@]3(C)CC2)[C@H](O)[C@H](O)[C@H]1O","0","train"
"C[C@H]1O[C@H](O[C@@H]2[C@@H](CO)O[C@H](O[C@@H]3[C@@H](CO)OC(O)[C@H](O)[C@H]3O)[C@H](O)[C@H]2O)[C@H](O)[C@@H](O)[C@@H]1N[C@H]1C=C(CO)[C@@H](O)[C@H](O)[C@H]1O","0","train"
"N=C(N)N1CCC[C@@H](CNC(=O)C[C@H](NS(=O)(=O)c2ccc3ccccc3c2)C(=O)N(CC(=O)O)C2CC2)C1","0","train"
"N=c1nc(N2CCCCC2)cc(N)n1O","0","train"
"O=C(O)c1cc(N=Nc2ccc(O)c(C(=O)O)c2)ccc1O","0","train"
"O=C(O)c1ccc2[nH]cc(CCCCN3CC=C(c4ccccc4)CC3)c2c1","0","train"
"OCCN1C[C@H](O)[C@@H](O)[C@H](O)[C@H]1CO","0","train"
"c1ccc2nc(N3CCNCC3)ccc2c1","1","train"
"C#CC1(O)CC[C@H]2[C@H]3CCC4=CC(=O)CC[C@H]4[C@H]3CCC21C","0","train"
"C#CC1(O)CC[C@H]2[C@H]3CCC4=Cc5c(cnn5-c5ccc(F)cc5)CC4(C)[C@H]3CCC21C","1","train"
"C#CC1(OC[C@@H](O)CN2CCN(c3ccc(F)cc3)CC2)CCCCC1","1","train"
"C#CCN[C@H]1CCc2ccccc21","1","train"
"C/C(=C(/CCO)SSC[C@@H]1CCCO1)N(C=O)Cc1cnc(C)nc1N","1","train"
"C/C(=C(/CCOC(=O)c1ccccc1)SC(=O)c1ccccc1)N(C=O)Cc1cnc(C)nc1N","1","train"
"C/C(O)=C1/C(=O)[C@@H](N)[C@@H]2Cc3c(c(O)c4c(O)c(C)ccc4c3C)C(=O)C2(O)C1=O","0","train"
"C/C(O)=C1\C(=O)[C@@H](N)[C@@H]2Cc3c(c(O)c4c(O)c(C)ccc4c3C)C(=O)C2(O)C1=O","0","train"
"C/C=C(/CC)C(=O)NC(N)=O","1","train"
"C/C=C/C(=O)N(CC)[C@@H](CC)C(=O)N(C)C","1","train"
"C/C=C/C(=O)N(CCC)[C@@H](CC)C(=O)N(C)C","1","train"
"C1=C(C=C2NCCN2)CCc2ccccc21","1","train"
"C1=CCC2=C3C(=NC2=C1)CCN[C@H]3Cc1ccccc1","1","train"
"C1=Cc2c(cccc2OC[C@@H]2CNCCO2)C1","1","train"
"C1=NC[C@H](CC2=Cc3ccccc3CC2)N1","1","train"
"C=C1C[C@H]2[C@@H]3CCC4=CC(=O)C=CC4(C)C3(F)[C@@H](O)CC2(C)C1(O)C(=O)CO","1","train"
"C=C1C[C@H]2[C@@H]3CCC4=CC(=O)C=CC4(C)[C@H]3[C@@H](O)CC2(C)C1(O)C(=O)CO","1","train"
"C=C1c2c(Cl)ccc(O)c2C(=O)C2=C(O)C3(O)C(=O)C(C(N)=O)=C(O)[C@@H](N(C)C)[C@H]3[C@@H](O)[C@@H]12","0","train"
"C=C1c2c(Cl)ccc(O)c2C(O)=C2C(=O)C3(O)C(O)=C(C(N)=O)C(=O)[C@@H](N(C)C)[C@H]3[C@@H](O)[C@@H]12","0","train"
"C=C1c2cccc(O)c2C(=O)C2=C(O)C3(O)C(=O)C(C(N)=O)=C(O)[C@@H](N(C)C)[C@H]3[C@@H](O)[C@@H]12","0","train"
"C=C1c2cccc(O)c2C(O)=C2C(=O)C3(O)C(O)=C(C(N)=O)C(=O)[C@@H](N(C)C)[C@H]3[C@@H](O)[C@@H]12","0","train"
"C=CC1([C@@H](C)CCC)C(=O)NC(=O)NC1=O","1","train"
"C=CC1=C(C(=O)O)N2C(=O)C(NC(=O)/C(=N\O)c3csc(N)n3)[C@@H]2SC1","0","train"
"C=CC1=C(C(=O)O)N2C(=O)C(NC(=O)/C(=N\OCC(=O)O)c3csc(N)n3)[C@@H]2SC1","0","train"
"C=CC1CN2CCC1CC2[C@@H](O)c1ccnc2ccc(OC)cc12","0","train"
"C=CC1O[C@H]2C[C@H]3[C@@H]4CCC5=CC(=O)C=CC5(C)C4(F)C(O)CC3(C)C2(C(=O)CO)O1","1","train"
"C=CCC1(C[C@H](C)O)C(=O)NC(=O)NC1=O","1","train"
"C=CCC1([C@@H](C)C#CCC)C(=O)NC(=O)N(C)C1=O","1","train"
"C=CCC1([C@@H](C)CCC)C(=O)NC(=O)NC1=O","1","train"
"C=CCC1([C@@H](C)CCC)C(=O)NC(=S)NC1=O","1","train"
"C=CCC1([C@@H]2C=CCCC2)C(=O)NC(=S)NC1=O","1","train"
"C=CCN1C(=O)[C@H](CC(C)C)NC1=S","1","train"
"C=CCN1CCC23CCCC[C@@H]2C1Cc1ccc(O)cc13","1","train"
"C=CCN1CCC23c4c5ccc(O)c4O[C@@H]2[C@@H](O)C=C[C@@H]3C1C5","1","train"
"C=CCN1CCC23c4c5ccc(OC(C)=O)c4O[C@@H]2C(OC(C)=O)C=C[C@@H]3C1C5","1","train"
"C=CCN1CCC[C@H]1CNC(=O)c1cc(S(=O)(=O)NC)c(N)cc1OC","1","train"
"C=CCN1CCC[C@H]1CNC(=O)c1cc(S(N)(=O)=O)cc(OC)c1OC","1","train"
"C=CCN1C[C@@H](C(=O)N(CCCN(C)C)C(=O)NCC)C[C@H]2c3cccc4[nH]cc(c34)C[C@@H]21","1","train"
"C=CCSCC(=O)NC1C(=O)N2[C@H]1SC(C)(C)[C@@H]2C(=O)O","0","train"
"C=CC[C@H]1/C=C(\C)C[C@H](C)C[C@H](OC)[C@@H]2OC(O)(C(=O)C(=O)N3CCCC[C@H]3C(=O)O[C@H](/C(C)=C/[C@H]3CC[C@H](O)[C@@H](OC)C3)[C@@H](C)[C@@H](O)CC1=O)[C@@H](C)C[C@@H]2OC","0","train"
"C=C[C@@H](N)CCC(=O)O","1","train"
"C=N[C@H](C(=O)NC1C(=O)N2[C@H]1SC(C)(C)[C@@H]2C(=O)O)c1ccccc1","0","train"
"CC(=O)C1(N)Cc2c(O)c3c(c(O)c2[C@@H](O[C@H]2C[C@H](O)[C@@H](O)CO2)C1)C(=O)c1ccccc1C3=O","0","train"
"CC(=O)C1(O)C(O)C[C@H]2[C@@H]3CCC4=CC(=O)C=CC4(C)C3(F)[C@@H](O)CC21C","1","train"
"CC(=O)C1(O)CC[C@H]2[C@@H]3CCC4=CC(=O)C=CC4(C)[C@H]3[C@@H](O)CC21C","1","train"
"CC(=O)C1(O)CC[C@H]2[C@@H]3C[C@H](C)C4=CC(=O)C=CC4(C)C3(F)[C@@H](O)CC21C","1","train"
"CC(=O)C1(O)Cc2c(O)c3c(c(O)c2[C@@H](O[C@@H]2C[C@H](N)[C@H](O)[C@H](C)O2)C1)C(=O)c1c(O)cccc1C3=O","0","train"
"CC(=O)C1(O)Cc2c(O)c3c(c(O)c2[C@@H](O[C@@H]2C[C@H](N)[C@H](O)[C@H](C)O2)C1)C(=O)c1ccccc1C3=O","0","train"
"CC(=O)C1(O)[C@@H](C)C[C@H]2[C@@H]3CCC4=CC(=O)C=CC4(C)C3(F)[C@@H](O)CC21C","1","train"
"CC(=O)C1(O)[C@@H](O)C[C@H]2[C@H]3CCC4=CC(=O)CCC4(C)[C@H]3CCC21C","1","train"
"CC(=O)C12OC(C)(C)O[C@H]1C[C@H]1[C@@H]3CCC4=CC(=O)C=CC4(C)C3(F)C(O)CC12C","1","train"
"CC(=O)C1CC[C@H]2[C@@H]3CC=C4C[C@@H](OC(=O)CCC(=O)O)CCC4(C)[C@H]3CCC12C","1","train"
"CC(=O)C1CC[C@H]2[C@@H]3C[C@H](C)C4=CC(=O)C=CC4(C)[C@H]3[C@@H](O)CC12C","1","train"
"CC(=O)CC(=O)C1(O)CC[C@H]2[C@@H]3CCC4=CC(=O)C=CC4(C)C3(Cl)[C@@H](Cl)CC21C","1","train"
"CC(=O)CC(=O)C12OC(C)(C)O[C@H]1C[C@H]1[C@@H]3CC(C#N)=C4C=C(OCCCl)CCC4(C)C3(F)C(O)CC12C","1","train"
"CC(=O)N1CCN(C(=O)Cc2cc(F)cc(F)c2)[C@@H](CN2CC[C@H](O)C2)C1","0","train"
"CC(=O)N1CCN(C(=O)Cc2ccc(C(F)(F)F)cc2)[C@@H](CN2CC[C@H](O)C2)C1","0","train"
"CC(=O)N1CCN(C(=O)Cc2ccc(Cl)c(Cl)c2)[C@@H](CN2CC[C@H](O)C2)C1","0","train"
"CC(=O)N1CCN(C(=O)Cc2ccc([S+](C)[O-])cc2)[C@@H](CN2CC[C@H](O)C2)C1","0","train"
"CC(=O)N1CCN(C(=O)Cc2ccccc2)[C@@H](CN2CC[C@H](O)C2)C1","0","train"
"CC(=O)N1CCN(c2ccc(OC[C@H]3COC(Cn4ccnc4)(c4ccc(Cl)cc4Cl)O3)cc2)CC1","0","train"
"CC(=O)N[C@@H](CCC(N)=O)C(=O)O","1","train"
"CC(=O)OC1(C(C)=O)CC[C@H]2[C@@H]3C[C@H](C)C4=CC(=O)C=CC4(C)C3(F)[C@@H](O)CC21C","1","train"
"CC(=O)OC12CO[C@H]1C[C@H](O)C1(C)C(=O)[C@@H](O)C3=C(C)[C@@H](OC(=O)[C@@H](O)[C@@H](NC(=O)OC(C)(C)C)c4ccccc4)CC(O)([C@@H](OC(=O)c4ccccc4)[C@@H]21)C3(C)C","0","train"
"CC(=O)OCC(=O)C1(O)CC[C@H]2[C@@H]3CCC4=CC(=O)C=CC4(C)C3(Cl)[C@@H](Cl)CC21C","1","train"
"CC(=O)OCC(=O)C1(O)CC[C@H]2[C@@H]3CCC4=CC(=O)C=CC4(C)C3(F)[C@@H](O)CC21C","1","train"
"CC(=O)OCC(=O)C1(O)CC[C@H]2[C@@H]3CCC4=CC(=O)C=CC4(C)[C@H]3[C@@H](O)CC21C","1","train"
"CC(=O)OCC(=O)C1(O)CC[C@H]2[C@@H]3CCC4=CC(=O)CCC4(C)C3(F)[C@@H](O)CC21C","1","train"
"CC(=O)OCC(=O)C1(O)CC[C@H]2[C@@H]3CCC4=CC(=O)CCC4(C)[C@H]3C(=O)CC21C","1","train"
"CC(=O)OCC(=O)C1(O)CC[C@H]2[C@@H]3C[C@H](C)C4=CC(=O)C=CC4(C)[C@H]3[C@@H](O)CC21C","1","train"
"CC(=O)OCC(=O)C1(O)CC[C@H]2[C@@H]3C[C@H](Cl)C4=CC(=O)C=CC4(C)[C@H]3C(=O)CC21C","1","train"
"CC(=O)OCC(=O)C1(O)[C@@H](C)C[C@H]2[C@@H]3C=C(C)C4=Cc5c(cnn5-c5ccccc5)CC4(C)[C@H]3[C@@H](O)CC21C","1","train"
"CC(=O)OCC(=O)C1(O)[C@@H](C)C[C@H]2[C@@H]3CC(F)(F)C4=CC(=O)C=CC4(C)C3(F)[C@@H](O)CC21C","1","train"
"CC(=O)OCC(=O)C1(O)[C@@H](C)C[C@H]2[C@@H]3CCC4=CC(=O)C=CC4(C)C3(F)[C@@H](O)CC21C","1","train"
"CC(=O)OCC(=O)C1(O)[C@@H](C)C[C@H]2[C@@H]3C[C@H](F)C4=CC(=O)C=CC4(C)[C@H]3C(O)CC21C","1","train"
"CC(=O)OCC(=O)C1(O)[C@@H](C)C[C@H]2[C@@H]3C[C@H](F)C4=CC(=O)C=CC4(C)[C@H]3[C@@H](O)CC21C","1","train"
"CC(=O)OCC(=O)C1(O)[C@@H](OC(C)=O)C[C@H]2[C@@H]3CCC4=CC(=O)C=CC4(C)C3(F)[C@@H](O)CC21C","1","train"
"CC(=O)OCC(=O)C1(OC(=O)C(C)C)[C@@H](C)C[C@H]2[C@@H]3CCC4=CC(=O)C=CC4(C)C3(F)[C@@H](O)CC21C","1","train"
"CC(=O)OCC(=O)C1(OC(=O)c2ccco2)[C@@H](C)C[C@H]2[C@@H]3CCC4=CC(=O)C=CC4(C)C3(F)[C@@H](O)CC21C","1","train"
"CC(=O)OCC(=O)C1(OC(C)=O)CC[C@H]2[C@@H]3C[C@H](F)C4=CC(=O)C(Br)=CC4(C)C3(F)[C@@H](O)CC21C","1","train"
"CC(=O)OCC(=O)C1(OC(C)=O)[C@@H](C)C[C@H]2[C@@H]3C[C@H](F)C4=CC(=O)C=CC4(C)C3(F)[C@@H](O)CC21C","1","train"
"CC(=O)OCC(=O)C12N=C(C)O[C@H]1C[C@H]1[C@@H]3CCC4=CC(=O)C=CC4(C)[C@H]3C(O)CC12C","1","train"
"CC(=O)OCC(=O)C12OC(C)(C)O[C@H]1C[C@H]1[C@@H]3CC(C#N)=C4C=C(OCCCl)CCC4(C)C3(F)C(O)CC12C","1","train"
"CC(=O)OCC(=O)C12OC(C)(C)O[C@H]1C[C@H]1[C@@H]3CC(C=O)=C4C=C(OCCCl)CCC4(C)C3(F)C(O)CC12C","1","train"
"CC(=O)OCC(=O)C12OC(C)(C)O[C@H]1C[C@H]1[C@@H]3C[C@H](F)C4=CC(=O)C=CC4(C)C3(F)C(O)CC12C","1","train"
"CC(=O)OCC(=O)C12OC(C)(C)O[C@H]1C[C@H]1[C@@H]3C[C@H](F)C4=CC(=O)C=CC4(C)[C@H]3C(O)CC12C","1","train"
"CC(=O)OCC(=O)C12OC3(CCCC3)O[C@H]1C[C@H]1[C@@H]3CCC4=CC(=O)C=CC4(C)C3(F)C(O)CC12C","1","train"
"CC(=O)OCC(=O)C12OC3(CCCC3)O[C@H]1C[C@H]1[C@@H]3CCC4=CC(=O)C=CC4(C)C3(F)[C@@H](O)CC12C","1","train"
"CC(=O)OCC(=O)C1[C@@H](C)C[C@H]2[C@@H]3C[C@H](F)C4=CC(=O)C=CC4(C)C3(Cl)[C@@H](O)CC12C","1","train"
"CC(=O)OCC1=C(C(=O)O)N2C(=O)C(NC(=O)CC#N)[C@@H]2SC1","0","train"
"CC(=O)OCC1=C(C(=O)O)N2C(=O)C(NC(=O)CCC[C@H](N)C(=O)O)[C@@H]2SC1","0","train"
"CC(=O)OCC1=C(C(=O)O)N2C(=O)C(NC(=O)CSc3ccncc3)[C@@H]2SC1","0","train"
"CC(=O)OCC1=C(C(=O)O)N2C(=O)C(NC(=O)Cc3cccs3)[C@@H]2SC1","0","train"
"CC(=O)OCC1=C(C(=O)O)N2C(=O)C(NC(=O)c3c(-c4ccccc4Cl)noc3C)[C@@H]2SC1","0","train"
"CC(=O)OCOC(=O)[C@@H]1N2C(=O)C(NC(=O)Cc3ccccc3)[C@@H]2SC1(C)C","0","train"
"CC(=O)O[C@@H](C)C(=O)C1(O)CC[C@H]2[C@@H]3CCC4=CC(=O)C=CC4(C)C3(F)[C@@H](O)CC21C","1","train"
"CC(=O)O[C@@H]1/C=C/C(C)=C/C[C@H](O)/C=C/C(C)=C/[C@H](NC(=O)C(C)=O)C2(C)C(=O)O[C@@H](C1)[C@H](C)C2=O","0","train"
"CC(=O)O[C@@H]1C(=O)C2(C)[C@@H](O)C[C@@H]3OCC3(OC(C)=O)[C@@H]2[C@H](OC(=O)c2ccccc2)C2(O)C[C@H](OC(=O)[C@@H](O)[C@@H](NC(=O)c3ccccc3)c3ccccc3)C(C)=C1C2(C)C","0","train"
"CC(=O)O[C@H]1CCC2(C)[C@H]3CCC4(C)C(C(C)CCCC(C)C)CC[C@H]4[C@@H]3C[C@H](Br)C2(Br)C1","1","train"
"CC(=O)O[C@H]1CCC2(C)[C@H]3CCC4(C)C(C(C)CCCC(C)C)CC[C@H]4[C@@H]3C[C@H](Br)[C@H]2[C@@H]1Br","1","train"
"CC(=O)O[C@H]1C[C@@H]2C(COC(=O)CC(C)C)=CO[C@@H](OC(=O)CC(C)C)[C@@H]2C12CO2","1","train"
"CC(=O)Oc1ccc2c3c1O[C@@H]1C(OC(C)=O)C=C[C@@H]4C(C2)N(C)CCC341","1","train"
"CC(=O)SC[C@@H](Cc1ccccc1)C(=O)NCC(=O)OCc1ccccc1","1","train"
"CC(=O)S[C@H]1CC2=CC(=O)CCC2(C)[C@H]2CCC3(C)[C@@H](CCC34CCC(=O)O4)[C@@H]12","0","train"
"CC(=O)c1ccc2c(c1)N(C[C@H](C)N(C)C)c1ccccc1S2","1","train"
"CC(C)(C(=O)O)c1ccc([C@@H](O)CCCN2CCC(C(O)(c3ccccc3)c3ccccc3)CC2)cc1","0","train"
"CC(C)(C)C(=O)OCOC(=O)[C@@H]1N2C(=O)C(NC(=O)[C@@H](N)c3ccccc3)[C@@H]2SC1(C)C","0","train"
"CC(C)(C)C1(O)CCN2C[C@H]3c4ccccc4CCc4cccc(c43)[C@@H]2C1","1","train"
"CC(C)(C)CC(=O)OCC(=O)C1(O)CC[C@H]2[C@@H]3CCC4=CC(=O)C=CC4(C)[C@H]3C(O)CC21C","1","train"
"CC(C)(C)CC(=O)OCC(=O)C1(O)CC[C@H]2[C@@H]3CCC4=CC(=O)C=CC4(C)[C@H]3[C@@H](O)CC21C","1","train"
"CC(C)(C)CC(=O)OCC(=O)C12OC(C)(C)O[C@H]1C[C@H]1[C@@H]3CC4=CC(=O)C=CC4(C)C3(F)[C@@H](O)CC12C","1","train"
"CC(C)(C)CC(=O)OCC(=O)C12OC(C)(C)O[C@H]1C[C@H]1[C@@H]3CCC4=CC(=O)C=CC4(C)C3(F)C(O)CC12C","1","train"
"CC(C)(C)NC[C@H](O)COc1cccc2c1CCC(=O)N2","1","train"
"CC(C)(C)NC[C@H](O)COc1cccc2c1C[C@H](O)[C@@H](O)C2","1","train"
"CC(C)(C)NC[C@H](O)c1ccc(O)c(CO)n1","0","train"
"CC(C)(C)OC(=O)c1ncn2c1[C@@H]1CCCN1C(=O)c1cc(Br)ccc1-2","1","train"
"CC(C)(C)[C@@H](O)/C=C/c1ccc2c(c1)OCO2","1","train"
"CC(C)(C)[C@@H](O)/C=C\c1ccc2c(c1)OCO2","1","train"
"CC(C)(C)c1ccc(OC(F)(F)F)c(CN[C@H]2CCCN[C@H]2c2ccccc2)c1","1","train"
"CC(C)(C)c1ccc([C@@H](O)CCCN2CCC(C(O)(c3ccccc3)c3ccccc3)CC2)cc1","1","train"
"CC(C)(O)C(Cl)(Cl)Cl","1","train"
"CC(C)(O)C(F)(F)F","1","train"
"CC(C)(Oc1ccc(Cl)cc1)C(=O)N[C@H](C(=O)NC1C(=O)N2[C@H]1SC(C)(C)[C@@H]2C(=O)O)c1ccccc1","0","train"
"CC(C)(Oc1ccccc1)C(=O)NC1C(=O)N2[C@H]1SC(C)(C)[C@@H]2C(=O)O","0","train"
"CC(C)=CCN1CCC23c4c5ccc(O)c4OC2C(=O)CCC3(O)C1C5","1","train"
"CC(C)C(=O)OCC(=O)C12O[C@@H](C3CCCCC3)O[C@H]1C[C@H]1[C@@H]3CCC4=CC(=O)C=CC4(C)[C@H]3C(O)CC12C","1","train"
"CC(C)C(=O)OCc1cccc(OC(=O)[C@@H]2N3C(=O)C(NC(=O)Cc4ccccc4)[C@@H]3SC2(C)C)c1","0","train"
"CC(C)C1(C(C)C)OC[C@H](CO)O1","1","train"
"CC(C)C1(O)CCN2C[C@H]3c4ccccc4CCc4cccc(c43)[C@@H]2C1","1","train"
"CC(C)CCC(=O)C[C@H]1c2ccccc2C(=O)N1c1ccc2ccc(Cl)nc2n1","1","train"
"CC(C)CN(C[C@H](O)[C@H](Cc1ccccc1)NC(=O)OC1CCOC1)S(=O)(=O)c1ccc(N)cc1","1","train"
"CC(C)COC[C@H](CN(Cc1ccccc1)c1ccccc1)N1CCCC1","0","train"
"CC(C)C[C@H](N(C)C)C1(c2ccc(Cl)cc2)CCC1","1","train"
"CC(C)C[C@H](N)C(=O)N[C@@H](CCCN)C(=O)N[C@H](C(=O)N[C@@H](CCCN)C(=O)N1CCC[C@H]1C(=O)N[C@H](C=O)Cc1ccccc1)C(C)C","0","train"
"CC(C)C[C@H](OC(=O)c1ccco1)C(=O)NC1C(=O)N2[C@H]1SC(C)(C)[C@@H]2C(=O)O","0","train"
"CC(C)C[C@H]1C(=O)N2CCC[C@H]2C2(O)OC(NC(=O)[C@H]3C=C4c5cccc6[nH]c(Br)c(c56)C[C@@H]4N(C)C3)(C(C)C)C(=O)N12","0","train"
"CC(C)N1CCN(c2ccc(OC[C@H]3COC(Cn4cncn4)(c4ccc(Cl)cc4Cl)O3)cc2)CC1","0","train"
"CC(C)NC1C2CCC(CC2)C1(O)c1ccc(Cl)c(Cl)c1","1","train"
"CC(C)NC[C@H](O)COc1ccc(CCOCC2CC2)cc1","1","train"
"CC(C)NC[C@H](O)COc1cccc2[nH]ccc12","1","train"
"CC(C)Oc1ccc(OC(F)(F)F)cc1CN[C@H]1CCCN[C@H]1c1ccccc1","1","train"
"CC(C)[C@H](Br)C(=O)NC(N)=O","1","train"
"CC(C)[C@H](N)C(=O)OC[C@H](CO)OCn1cnc2c(=O)[nH]c(N)nc21","1","train"
"CC(C)[C@H](NC(=O)[C@H](Cc1ccccc1)NC(=O)CNC(=O)[C@H](C)NC(=O)[C@@H](N)Cc1ccc(O)cc1)C(N)=O","0","train"
"CC(C)[C@H](O)C1CCCCC1","1","train"
"CC(C)n1cc2c3c(cccc31)[C@@H]1C[C@H](C(=O)NC3CCCCC3)CN(C)[C@H]1C2","1","train"
"CC(CCC(=O)O)[C@@H]1CC[C@H]2[C@H]3C(=O)C[C@@H]4CC(=O)CCC4(C)[C@H]3CC(=O)C12C","0","train"
"CC(Cc1ccccc1)N1CC(NC(=O)Nc2ccccc2)[O+]N1","1","train"
"CC([C@H](C)OC(N)=O)[C@H](C)OC(N)=O","1","train"
"CC/C=C(/C(=O)NC1C(=O)N2C(C(=O)O)=C(COC(N)=O)CS[C@@H]12)c1csc(N)n1","0","train"
"CC/C=C(/C)C1(CC)C(=O)NC(=O)NC1=O","1","train"
"CC/C=C(\C(=O)NC1C(=O)N2C(C(=O)O)=C(COC(N)=O)CS[C@@H]12)c1csc(N)n1","0","train"
"CC1(C(=O)O)CCC2(C)CCC3(C)C(=CC(=O)[C@H]4C5(C)CC[C@H](O)C(C)(C)[C@H]5CCC43C)[C@H]2C1","0","train"
"CC1(C)C(NC(=O)/C(=N/OCC(=O)O)c2csc(N)n2)C(=O)N1OS(=O)(=O)O","0","train"
"CC1(C)C(NC/C(=N/OCC(=O)O)c2csc(N)n2)C(=O)N1OS(=O)(=O)O","0","train"
"CC1(C)CCN(C(=O)Cc2ccc(Cl)c(Cl)c2)[C@H](CN2CCCC2)C1","1","train"
"CC1(C)O[C@H]2COC3(COS(N)(=O)=O)OC(C)(C)O[C@H]3[C@H]2O1","1","train"
"CC1(C)O[C@H]2C[C@H]3[C@@H]4CC5=CC(=O)C=CC5(C)C4(F)[C@@H](O)CC3(C)C2(C(=O)COC(=O)c2cc3ccccc3o2)O1","1","train"
"CC1(C)O[C@H]2C[C@H]3[C@@H]4CCC5=CC(=O)C=CC5(C)C4(F)C(O)CC3(C)C2(C(=O)CO)O1","1","train"
"CC1(C)O[C@H]2C[C@H]3[C@@H]4CCC5=CC(=O)C=CC5(C)C4(F)C(O)CC3(C)C2(C(=O)COC(=O)c2cc3ccccc3o2)O1","1","train"
"CC1(C)O[C@H]2C[C@H]3[C@@H]4CCC5=CC(=O)C=CC5(C)[C@H]4C(O)CC3(C)C2(C(=O)CO)O1","1","train"
"CC1(C)O[C@H]2C[C@H]3[C@@H]4CCC5=CC(=O)C=CC5(C)[C@H]4[C@@H](O)CC3(C)C2(C(=O)CO)O1","1","train"
"CC1(C)O[C@H]2C[C@H]3[C@@H]4CCC5=CC(=O)CCC5(C)C4(F)C(O)CC3(C)C2(C(=O)CCl)O1","1","train"
"CC1(C)O[C@H]2C[C@H]3[C@@H]4C[C@H](F)C5=CC(=O)C=CC5(C)C4(Cl)[C@@H](Cl)CC3(C)C2(C(=O)CCl)O1","1","train"
"CC1(C)O[C@H]2C[C@H]3[C@@H]4C[C@H](F)C5=CC(=O)C=CC5(C)C4(Cl)[C@@H](Cl)CC3(C)C2(C(=O)CF)O1","1","train"
"CC1(C)O[C@H]2C[C@H]3[C@@H]4C[C@H](F)C5=CC(=O)C=CC5(C)C4(Cl)[C@@H](Cl)CC3(C)C2(C(=O)CO)O1","1","train"
"CC1(C)O[C@H]2C[C@H]3[C@@H]4C[C@H](F)C5=CC(=O)C=CC5(C)C4(F)C(O)CC3(C)C2(C(=O)CO)O1","1","train"
"CC1(C)O[C@H]2C[C@H]3[C@@H]4C[C@H](F)C5=CC(=O)C=CC5(C)[C@H]4C(O)CC3(C)C2(C(=O)CO)O1","1","train"
"CC1(C)S[C@@H]2C(NC(=O)[C@@H](Oc3ccccc3)c3ccccc3)C(=O)[C@@H]2[C@H]1C(=O)O","0","train"
"CC1(C)S[C@H]2C(N(C(=N)c3ccncc3)[C@H](C(=O)NC(=O)CN)c3ccccc3)C(=O)N2[C@H]1C(=O)O","0","train"
"CC1(C)S[C@H]2C(N3C(=O)C(c4ccc(O)cc4)NC3(C)C)C(=O)N2[C@H]1C(=O)O","0","train"
"CC1(C)S[C@H]2C(N3C(=O)C(c4ccccc4)NC3(C)C)C(=O)N2[C@H]1C(=O)O","0","train"
"CC1(C)S[C@H]2C(N3C(=O)[C@H](c4ccc(O)cc4)NC3(C)C)C(=O)N2[C@H]1C(=O)O","0","train"
"CC1(C)S[C@H]2C(NC(=O)C3(N)CCCCC3)C(=O)N2[C@H]1C(=O)O","0","train"
"CC1(C)S[C@H]2C(NC(=O)CCC[C@H](N)C(=O)O)C(=O)N2[C@H]1C(=O)O","0","train"
"CC1(C)S[C@H]2C(NC(=O)COc3ccccc3)C(=O)N2[C@H]1C(=O)O","0","train"
"CC1(C)S[C@H]2C(NC(=O)CSc3ccccc3)C(=O)N2[C@H]1C(=O)O","0","train"
"CC1(C)S[C@H]2C(NC(=O)Cc3ccccc3)C(=O)N2[C@H]1C(=O)O","0","train"
"CC1(C)S[C@H]2C(NC(=O)[C@@H](/N=C/c3ccco3)c3ccc(O)cc3)C(=O)N2[C@H]1C(=O)O","0","train"
"CC1(C)S[C@H]2C(NC(=O)[C@@H](/N=C\c3ccco3)c3ccc(O)cc3)C(=O)N2[C@H]1C(=O)O","0","train"
"CC1(C)S[C@H]2C(NC(=O)[C@@H](C(=O)O)c3ccccc3)C(=O)N2[C@H]1C(=O)O","0","train"
"CC1(C)S[C@H]2C(NC(=O)[C@@H](C(=O)O)c3ccsc3)C(=O)N2[C@H]1C(=O)O","0","train"
"CC1(C)S[C@H]2C(NC(=O)[C@@H](C(=O)Oc3ccc4c(c3)CCC4)c3ccccc3)C(=O)N2[C@H]1C(=O)O","0","train"
"CC1(C)S[C@H]2C(NC(=O)[C@@H](C(=O)Oc3ccccc3)c3ccccc3)C(=O)N2[C@H]1C(=O)O","0","train"
"CC1(C)S[C@H]2C(NC(=O)[C@@H](N)C3=CCC=CC3)C(=O)N2[C@H]1C(=O)O","0","train"
"CC1(C)S[C@H]2C(NC(=O)[C@@H](N)c3ccc(O)cc3)C(=O)N2[C@H]1C(=O)O","0","train"
"CC1(C)S[C@H]2C(NC(=O)[C@@H](N)c3ccccc3)C(=O)N2[C@H]1C(=O)O","0","train"
"CC1(C)S[C@H]2C(NC(=O)[C@@H](N)c3ccccc3)C(=O)N2[C@H]1C(=O)OCOC(=O)[C@@H]1N2C(=O)C[C@@H]2S(=O)(=O)C1(C)C","0","train"
"CC1(C)S[C@H]2C(NC(=O)[C@@H](N)c3ccccc3)C(=O)N2[C@H]1C(=O)O[C@@H]1OC(=O)c2ccccc21","0","train"
"CC1(C)S[C@H]2C(NC(=O)[C@@H](NC(=O)C/N=C(\N)c3ccncc3)c3ccccc3)C(=O)N2[C@H]1C(=O)O","0","train"
"CC1(C)S[C@H]2C(NC(=O)[C@@H](NC(=O)Cc3ccc(C4=NCCCN4)cc3)c3ccccc3)C(=O)N2[C@H]1C(=O)O","0","train"
"CC1(C)S[C@H]2C(NC(=O)[C@@H](NC(=O)N3CCN(S(C)(=O)=O)C3=O)c3ccccc3)C(=O)N2[C@H]1C(=O)O","0","train"
"CC1(C)S[C@H]2C(NC(=O)[C@@H](NC(=O)Nc3cnc(Nc4ccc(S(N)(=O)=O)cc4)[nH]c3=O)c3ccc(O)cc3)C(=O)N2[C@H]1C(=O)O","0","train"
"CC1(C)S[C@H]2C(NC(=O)[C@@H](NC(=O)c3c[nH]c4cccnc4c3=O)c3ccccc3)C(=O)N2[C@H]1C(=O)O","0","train"
"CC1(C)S[C@H]2C(NC(=O)[C@@H](NC(=O)c3ccc(-c4ccc(S(=O)(=O)N(CCO)CCO)cc4)[nH]c3=O)c3ccc(O)cc3)C(=O)N2[C@H]1C(=O)O","0","train"
"CC1(C)S[C@H]2C(NC(=O)[C@@H](NS(=O)(=O)O)c3ccccc3)C(=O)N2[C@H]1C(=O)O","0","train"
"CC1(C)S[C@H]2C(NC(=O)[C@H](c3ccccc3)S(=O)(=O)O)C(=O)N2[C@H]1C(=O)O","0","train"
"CC1(C)S[C@H]2C(NC(=O)c3nc4ccccc4nc3C(=O)O)C(=O)N2[C@H]1C(=O)O","0","train"
"CC1(Cn2ccnn2)[C@H](C(=O)O)N2C(=O)C[C@@H]2S1(=O)=O","0","train"
"CC1(c2ccccc2)O[C@H]2C[C@H]3[C@@H]4CCC5=CC(=O)C=CC5(C)C4(F)C(O)CC3(C)C2(C(=O)CO)O1","1","train"
"CC12C=C(Br)C(=O)C=C1[C@@H](F)C[C@H]1[C@@H]3CCC(O)(C(=O)CO)C3(C)C[C@H](O)C12F","1","train"
"CC12C=CC(=O)C=C1CC[C@@H]1[C@@H]2C(=O)CC2(C)[C@H]1CCC2(O)C(=O)CO","1","train"
"CC12C=CC(=O)C=C1CC[C@@H]1[C@@H]2[C@@H](O)CC2(C)[C@H]1CCC2(O)C(=O)CO","1","train"
"CC12C=CC(=O)C=C1CC[C@@H]1[C@@H]2[C@@H](O)CC2(C)[C@H]1CCC2(O)C(=O)COC(=O)CCC(=O)O","1","train"
"CC12C=CC(=O)C=C1CC[C@H]1[C@@H]3CCC(O)(C(=O)CO)C3(C)C[C@H](Cl)C12Cl","1","train"
"CC12C=CC(=O)C=C1CC[C@H]1[C@@H]3CCC(O)(C(=O)CO)C3(C)C[C@H](O)C12F","1","train"
"CC12C=CC(=O)C=C1CC[C@H]1[C@@H]3C[C@H](O)C(O)(C(=O)CO)C3(C)C[C@H](O)C12F","1","train"
"CC12C=CC(=O)C=C1CC[C@H]1[C@@H]3C[C@H]4Cc5ccccc5CC4(C(=O)CO)C3(C)C[C@H](O)C12F","1","train"
"CC12C=CC(=O)C=C1[C@@H](Cl)C[C@@H]1[C@@H]2C(=O)CC2(C)[C@H]1CCC2(O)C(=O)CO","1","train"
"CC12C=CC(=O)C=C1[C@@H](F)C[C@@H]1[C@@H]2[C@@H](O)CC2(C)[C@H]1CCC2(O)C(=O)CO","1","train"
"CC12C=CC(=O)C=C1[C@@H](F)C[C@H]1[C@@H]3C[C@H](O)C(O)(C(=O)CO)C3(C)C[C@H](O)C12F","1","train"
"CC12C=CC(=O)[C@@H]1C(=O)CC[C@@H]1[C@@H]2[C@@H](O)CC2(C)[C@H]1CCC2(O)C(=O)CO","1","train"
"CC12CCC(=O)C=C1CC[C@@H]1[C@@H]2C(=O)CC2(C)[C@H]1CCC2(O)C(=O)CO","1","train"
"CC12CCC(=O)C=C1CC[C@@H]1[C@@H]2[C@@H](O)CC2(C)[C@H]1CCC2(O)C(=O)COC(=O)CCC1CCCC1","1","train"
"CC12CCC(=O)C=C1CC[C@H]1[C@@H]2CCC2(C)C(O)CC[C@@H]12","1","train"
"CC12CCC(=O)C=C1CC[C@H]1[C@@H]2CCC2(C)[C@H]1CCC2(C)O","0","train"
"CC12CCC(=O)C=C1CC[C@H]1[C@@H]2CCC2(C)[C@H]1CCC2(O)C(=O)CO","1","train"
"CC12CCC(=O)C=C1CC[C@H]1[C@@H]3CCC(O)(C(=O)CO)C3(C)C[C@H](O)C12F","1","train"
"CC12CCCCC[C@@H](Cc3ccc(O)cc31)[C@@H]2N","1","train"
"CC12CC[C@@H]3[C@@H]4CCC(=O)C=C4CC[C@@H]3[C@@H]1CCC2O","0","train"
"CC12CC[C@H]3[C@H](CCC4=CC(=O)C=CC43C)[C@@H]1CCC(=O)O2","0","train"
"CC12COC(=O)C[C@@H]1CC[C@H]1[C@@H]2CCC2(C)[C@H]1CCC2(C)O","0","train"
"CC12N[C@@H](Cc3ccccc31)c1ccccc12","1","train"
"CC1=C(C(=O)O)N2C(=O)C(NC(=O)Cc3ccc(C4=NCCCN4)cc3)[C@@H]2SC1","0","train"
"CC1=CC[C@@H]2C3Cc4ccc(O)c5c4C2(CCN3C)[C@H]1O5","1","train"
"CC1=CC[C@@H]2C3Cc4ccc(O)c5c4C2(CN3C)[C@H]1O5","1","train"
"CC1=C[C@@H]2[C@H]([C@@H](O)CC3(C)[C@H]2C[C@H](C)C3(O)C(=O)COC(=O)c2cccc(S(=O)(=O)O)c2)C2(C)Cc3cnn(-c4ccccc4)c3C=C12","1","train"
"CC1=C\[C@@H](O)CC(=O)Cc2nc(co2)C(=O)N2CCC=C2C(=O)O[C@@H](C(C)C)[C@@H](C)/C=C/C(=O)NC\C=C\1","0","train"
"CC1C(NC(=O)/C(=N/OC(C)(C)C(=O)O)c2csc(N)n2)C(=O)N1S(=O)(=O)O","0","train"
"CC1C(NC(=O)/C(=N\OC(C)(C)C(=O)O)c2csc(N)n2)C(=O)N1S(=O)(=O)O","0","train"
"CC1CCNC2C1NC(=O)C1CCCNC1N2C1CC1","1","train"
"CCC(=O)C(C[C@H](C)N(C)C)(c1ccccc1)c1ccccc1","1","train"
"CCC(=O)C1(C)[C@@H](C)C[C@H]2[C@@H]3CCC4=CC(=O)C=CC4(C)[C@H]3[C@@H](O)CC21C","1","train"
"CCC(=O)N(c1ccc(Cl)c(Cl)c1)[C@H]1CCC[C@@H]1N(C)C","1","train"
"CCC(=O)OC(Cc1ccccc1)(c1ccccc1)C(C)CN(C)C","1","train"
"CCC(=O)OC1(C(=O)CCl)[C@@H](C)C[C@H]2[C@@H]3CCC4=CC(=O)C=CC4(C)C3(F)[C@@H](O)CC21C","1","train"
"CCC(=O)OC1(C(=O)COC(C)=O)CC[C@H]2[C@@H]3C[C@H](C)C4=CC(=O)C=CC4(C)[C@H]3C(O)CC21C","1","train"
"CCC(=O)OC1(C(=O)COC(C)=O)CC[C@H]2[C@@H]3C[C@H](C)C4=CC(=O)C=CC4(C)[C@H]3[C@@H](O)CC21C","1","train"
"CCC(=O)OC1(C(=O)COC)[C@@H](C)C[C@H]2[C@@H]3CCC4=CC(=O)C=CC4(C)C3(F)[C@@H](O)CC21C","1","train"
"CCC(=O)OC1(C(=O)SC)[C@@H](C)C[C@H]2[C@@H]3C[C@H](F)C4=CC(=O)C=CC4(C)C3(F)C(O)CC21C","1","train"
"CCC(=O)OC1(C(=O)SC)[C@@H](C)C[C@H]2[C@@H]3C[C@H](F)C4=CC(=O)C=CC4(C)C3(F)[C@@H](O)CC21C","1","train"
"CCC(=O)OC1(C(=O)SCCl)[C@@H](C)C[C@H]2[C@@H]3C[C@H](F)C4=CC(=O)C=CC4(C)C3(F)C(O)CC21C","1","train"
"CCC(=O)OC1(C(=O)SCCl)[C@@H](C)C[C@H]2[C@@H]3C[C@H](F)C4=CC(=O)C=CC4(C)C3(F)[C@@H](O)CC21C","1","train"
"CCC(=O)OC1(C(=O)SCF)[C@@H](C)C[C@H]2[C@@H]3C[C@H](F)C4=CC(=O)C=CC4(C)C3(F)C(O)CC21C","1","train"
"CCC(=O)OC1(C(=O)SCF)[C@@H](C)C[C@H]2[C@@H]3C[C@H](F)C4=CC(=O)C=CC4(C)C3(F)[C@@H](O)CC21C","1","train"
"CCC(=O)OC1(c2ccccc2)CCN(C)C[C@@H]1C","1","train"
"CCC(=O)OC1(c2ccccc2)CCN(C)C[C@@H]1CC","1","train"
"CCC(=O)OCC(=O)C1(OC(=O)CC)[C@@H](C)C[C@H]2[C@@H]3CCC4=CC(=O)C=CC4(C)C3(Cl)[C@@H](O)CC21C","1","train"
"CCC(=O)OCC(=O)C1(OC(=O)CC)[C@@H](C)C[C@H]2[C@@H]3CCC4=CC(=O)C=CC4(C)C3(F)[C@@H](O)CC21C","1","train"
"CCC(=O)OCC(=O)C1(OC(=O)CC)[C@@H](C)C[C@H]2[C@@H]3[C@@H](Cl)CC4=CC(=O)C=CC4(C)[C@H]3[C@@H](O)CC21C","1","train"
"CCC(=O)OCC(=O)C12OC(C)(C)O[C@H]1C[C@H]1[C@@H]3C[C@H](F)C4=CC(=O)C=CC4(C)C3(F)C(O)CC12C","1","train"
"CCC(=O)O[C@@H]1[C@H](O[C@H]2C(C)[C@H](O[C@@H]3CC(C)(OC)[C@@H](O)[C@H](C)O3)[C@H](C)C(=O)O[C@@H](CC)C(C)(O)[C@@H](O)[C@H](C)C(=O)[C@@H](C)CC2(C)O)O[C@@H](C)C[C@@H]1N(C)C","0","train"
"CCC(=O)O[C@H]1CC(=O)O[C@@H](C)C/C=C/C=C\[C@@H](O)[C@@H](C)C[C@@H](CC=O)[C@H](O[C@@H]2O[C@@H](C)[C@@H](O[C@H]3CC(C)(O)[C@@H](OC(=O)CC)[C@H](C)O3)[C@@H](N(C)C)[C@@H]2O)[C@H]1OC","0","train"
"CCC(=O)O[C@H]1[C@H](C)O[C@H](O[C@@H]2[C@H](C)C(=O)O[C@@H](C)[C@H](C)[C@H](OC(=O)CC)[C@H](C)C(=O)C3(CO3)C[C@H](C)[C@H](O[C@@H]3O[C@@H](C)C[C@H](N(C)C)[C@@H]3O)[C@@H]2C)C[C@@H]1OC","0","train"
"CCC(=O)c1ccc2c(c1)N(C[C@H](C)N(C)C)c1ccccc1S2","1","train"
"CCC(C)[C@H](CC)C(N)=O","1","train"
"CCC1(CC)C(=O)NC[C@H](C)C1=O","1","train"
"CCC1(CC)O[C@H]2C[C@H]3[C@@H]4CCC5=CC(=O)C=CC5(C)C4(F)C(O)CC3(C)C2(C(=O)CO)O1","1","train"
"CCC1(O)CCN2CCc3ccc(C)cc3[C@@H]2C1","1","train"
"CCC1(O)C[C@H](O[C@@H]2C[C@H](N(C)C)[C@H](O[C@H]3C[C@@H]4O[C@H]5CC(=O)[C@H](C)O[C@@H]5O[C@H]4[C@H](C)O3)[C@H](C)O2)c2c(O)c3c(c(O)c2[C@@H]1O[C@H]1C[C@H](N(C)C)[C@H](O)[C@H](C)O1)C(=O)c1cccc(O)c1C3=O","0","train"
"CCC1(O)C[C@H](O[C@@H]2C[C@H](N(C)C)[C@H](O[C@H]3C[C@H](O)[C@H](O[C@@H]4CCC(=O)[C@H](C)O4)C(C)O3)[C@H](C)O2)c2c(cc3c(c2O)C(=O)c2c(O)cccc2C3=O)[C@@H]1C(=O)OC","0","train"
"CCC1(O)C[C@H]2CN(CCc3c([nH]c4ccccc34)C(C(=O)OC)(c3cc4c(cc3OC)N(C)[C@@H]3C(O)(C(=O)OC)[C@@H](OC(C)=O)C5(CC)C=CCN6CCC43[C@H]65)C2)C1","1","train"
"CCC1(O)C[C@H]2CN(CCc3c([nH]c4ccccc34)C(C(=O)OC)(c3cc4c(cc3OC)N(C)[C@@H]3C(O)(C(N)=O)[C@@H](O)C5(CC)C=CCN6CCC43[C@H]65)C2)C1","0","train"
"CCC1(O)C[C@H]2CN(CCc3c([nH]c4ccccc34)C(C(=O)OC)(c3cc4c(cc3OC)N(C=O)[C@@H]3C(O)(C(=O)OC)[C@@H](OC(C)=O)C5(CC)C=CCN6CCC43[C@H]65)C2)C1","0","train"
"CCC1(c2ccccc2)OC[C@H]([C@@H]2CCCCN2)O1","1","train"
"CCC12CCN(CC3(O)CC3)[C@@H](Cc3ccc(O)cc31)C2(C)C","1","train"
"CCC12CCN(CC3CC3)[C@@H](Cc3ccc(O)cc31)C2(C)C","1","train"
"CCC12CCN(CC3CCC3)[C@@H](Cc3ccc(O)cc31)C2(C)C","1","train"
"CCC1CC(=O)C2Oc3c(OC)ccc4c3C23CCN(CC2CC2)C(C4)[C@@H]13","1","train"
"CCCC(=O)OC1(C(=O)CCl)[C@@H](C)C[C@H]2[C@@H]3CCC4=CC(=O)C=CC4(C)C3(F)C(=O)CC21C","1","train"
"CCCC(=O)OC1(C(=O)COC(C)=O)CC[C@H]2[C@@H]3C[C@H](F)C4=CC(=O)C=CC4(C)C3(F)C(O)CC21C","1","train"
"CCCC(=O)OC1(C(=O)COC(C)=O)CC[C@H]2[C@@H]3C[C@H](F)C4=CC(=O)C=CC4(C)C3(F)[C@@H](O)CC21C","1","train"
"CCCC(=O)OC1(C(=O)COC(C)=O)[C@@H](C)C[C@H]2[C@@H]3CCC4=CC(=O)C=CC4(C)C3(Cl)[C@@H](O)CC21C","1","train"
"CCCC(=O)OC1(C(C)=O)CCC[C@H]2[C@@H]3CCC4=CC(=O)C=CC4(C)[C@H]3C(O)CC21C","1","train"
"CCCC(=O)OCC(=O)C1(OC(=O)CCC)[C@@H](C)C[C@H]2[C@@H]3CCC4=CC(=O)C=CC4(C)C3(Cl)[C@@H](Cl)CC21C","1","train"
"CCCC1(c2cccc(O)c2)CCN(C)C[C@H]1C","1","train"
"CCCCC(=O)OC1(C(=O)CO)CC[C@H]2[C@@H]3CCC4=CC(=O)C=CC4(C)[C@H]3[C@@H](O)CC21C","1","train"
"CCCCC(=O)OC1(C(=O)CO)CC[C@H]2[C@@H]3C[C@H](F)C4=CC(=O)C=CC4(C)[C@H]3[C@@H](O)CC21C","1","train"
"CCCCC(=O)OC1(C(=O)CO)[C@@H](C)C[C@H]2[C@@H]3CCC4=CC(=O)C=CC4(C)C3(F)[C@@H](O)CC21C","1","train"
"CCCCCC(=O)OCC(=O)C1[C@@H](C)C[C@H]2[C@@H]3C[C@H](F)C4=CC(=O)C=CC4(C)[C@H]3C(O)CC12C","1","train"
"CCCCCCC(C)(C)c1cc(O)c2c(c1)OC(C)(C)[C@H]1CCC(=O)C[C@H]21","1","train"
"CCCCCCCCCC1(C)OC[C@@H](COC(N)=O)O1","1","train"
"CCCCCCCCCCCCCCCCCC(=O)OCC(=O)OCC(=O)C1(O)CC[C@H]2[C@@H]3CCC4=CC(=O)C=CC4(C)[C@H]3C(O)CC21C","1","train"
"CCCCCCCNC(=O)Oc1ccc2c(c1)C1(C)CCN(C)[C@H]1N2C","1","train"
"CCCCCC[C@H](C)NN","1","train"
"CCCCCNC12C=CC(=O)C3Oc4c(O)ccc5c4C31CCN(C)C2C5","1","train"
"CCCCC[C@H](N)C(O)(c1ccccc1)c1ccccc1","1","train"
"CCCCC[C@H](O)/C=C/[C@@H]1C(O)CC(=O)[C@H]1CCCCCCC(=O)O","0","train"
"CCCCCc1cc(O)c2c(c1)OC(C)(C)[C@H]1CCC(C)=C[C@H]21","1","train"
"CCCCN1C(=O)[C@H]2C(=O)N(CCCCN3CCN(c4ccccc4OC)CC3)C(=O)[C@H](C1=O)C2(C)C","1","train"
"CCCCN1C[C@H]2Cc3cc(OC)c(OC)cc3[C@H]2C1","1","train"
"CCCCOC(=O)C(=O)C1[C@@H](C)C[C@H]2[C@@H]3C[C@H](F)C4=CC(=O)C=CC4(C)[C@H]3C(O)CC12C","1","train"
"CCCCSc1ccc([C@@H](SCCN(C)C)c2ccccc2)cc1","1","train"
"CCCC[C@H](CC)CNC(=O)C[C@H](C)O","1","train"
"CCCC[C@H]1CC(=O)C2(O)O[C@H]3[C@@H](NC)[C@@H](O)[C@H](NC)[C@H](O)[C@@H]3O[C@@H]2O1","0","train"
"CCCN(CCC)[C@H]1Cc2cccc3cc(O)cc(c23)C1","1","train"
"CCCN1CCC[C@H]1CNC(=O)c1cc(S(N)(=O)=O)ccc1OC","1","train"
"CCCN1C[C@@H](CSC)C[C@H]2c3cccc4[nH]cc(c34)C[C@@H]21","1","train"
"CCCN1C[C@@H](NS(=O)(=O)N(CC)CC)C[C@@H]2Cc3c(O)cccc3C[C@@H]21","1","train"
"CCCNC(=O)N1C[C@H](c2ccccc2)OC1=O","1","train"
"CCCNC(=O)c1ccc2c(c1)N(CCN1CCCC1)c1ccccc1S2","1","train"
"CCCOC(=O)c1cncn1[C@@H](C)c1ccccc1","1","train"
"CCC[C@@H](C)CC","1","train"
"CCC[C@@H](O)Cl","1","train"
"CCC[C@H](C)C1(CC)C(=O)NC(=O)NC1=O","1","train"
"CCC[C@H](C)C1(CC)C(=O)NC(=S)NC1=O","1","train"
"CCC[C@H](C)C1(CCSC)C(=O)NC(=S)NC1=O","1","train"
"CCC[C@H](CC)C1(CC)C(=O)NC(=O)NC1=O","1","train"
"CCC[C@H](CC)C1(CC)C(=O)NC(=S)NC1=O","1","train"
"CCC[C@H]1O[C@H]2C[C@H]3[C@@H]4CCC5=CC(=O)C=CC5(C)[C@H]4C(O)CC3(C)C2(C(=O)CO)O1","1","train"
"CCC[C@H]1O[C@H]2C[C@H]3[C@@H]4CCC5=CC(=O)C=CC5(C)[C@H]4[C@@H](O)CC3(C)C2(C(=O)CO)O1","1","train"
"CCC[C@H]1O[C@H]2C[C@H]3[C@@H]4C[C@H](F)C5=CC(=O)C=CC5(C)C4(F)C(O)CC3(C)C2(C(=O)O[C@H](C)OC(=O)OCC)O1","1","train"
"CCC[C@H]1O[C@H]2C[C@H]3[C@@H]4C[C@H](F)C5=CC(=O)CCC5(C)C4(F)C(O)CC3(C)C2(C(=O)CO)O1","1","train"
"CCN(CC)/C(C)=N/N=C/c1c2c(O)c3c(O)c(C)c4c(c3c1O)C(=O)C(C)(O/C=C/[C@H](OC)[C@H](C)[C@@H](OC(C)=O)[C@@H](C)[C@@H](O)[C@@H](C)[C@@H](O)[C@@H](C)/C=C/C=C(/C)C(=O)N2)O4","0","train"
"CCN(CC)C(=O)C1(c2ccccc2)C[C@@H]1CN","1","train"
"CCN(CC)C(=O)COc1cc2c(O)c3c(O)c(C)c4c(c13)C(=O)C(C)(O/C=C/[C@H](OC)[C@H](C)[C@@H](OC(C)=O)[C@@H](C)[C@@H](O)[C@@H](C)[C@@H](O)[C@@H](C)/C=C/C=C(/C)C(=O)N2)O4","0","train"
"CCN(CC)C(=O)N[C@H]1C=C2c3cccc4[nH]cc(c34)C[C@@H]2N(C)C1","1","train"
"CCN(CC)C(=O)N[C@H]1C[C@H]2c3cccc4[nH]cc(c34)C[C@@H]2N(C)C1","1","train"
"CCN(CC)C(=O)[C@H]1CN2CCc3cc(OC)c(OC)cc3[C@@H]2C[C@@H]1OC(C)=O","1","train"
"CCN(CC)C/C=C(\O)N1c2ccccc2Sc2ccc(C(F)(F)F)cc21","1","train"
"CCN(CC)CC(=O)OCC(=O)C1(O)CC[C@H]2[C@@H]3CCC4=CC(=O)C=CC4(C)[C@H]3C(O)CC21C","1","train"
"CCN(CC)CC(=O)OCC(=O)C1(O)CC[C@H]2[C@@H]3CCC4=CC(=O)C=CC4(C)[C@H]3[C@@H](O)CC21C","1","train"
"CCN(CC)CCOC(=O)[C@@H]1N2C(=O)C(NC(=O)c3c(OC)cccc3OC)[C@@H]2SC1(C)C","0","train"
"CCN(CC)S(=O)(=O)N[C@H]1C[C@H]2c3cccc4[nH]cc(c34)C[C@@H]2N(C)C1","1","train"
"CCN(CC)[C@@H](C)CN1c2ccccc2Sc2ccccc21","1","train"
"CCN1C(=O)N[C@@H](c2ccccc2)C1=O","1","train"
"CCN1CCC[C@H]1CNC(=O)c1cc(C(C)=O)ccc1OC","1","train"
"CCN1CCC[C@H]1CNC(=O)c1cc(S(=O)(=O)CC)c(N)cc1OC","1","train"
"CCN1CCC[C@H]1CNC(=O)c1cc(S(=O)(=O)CC)ccc1OC","1","train"
"CCN1CCC[C@H]1CNC(=O)c1cc(S(N)(=O)=O)ccc1OC","1","train"
"CCN1CCN(C(=O)N[C@H](C(=O)NC2C(=O)N3C(C(=O)O)=C(CSc4nnnn4C)CS[C@@H]23)c2ccc(O)cc2)C(=O)C1=O","1","train"
"CCN1CCN(C(=O)N[C@H](C(=O)NC2C(=O)N3[C@H]2SC(C)(C)[C@@H]3C(=O)O)c2ccccc2)C(=O)C1=O","0","train"
"CCN1C[C@@H](CCN2CCOCC2)C(c2ccccc2)(c2ccccc2)C1=O","1","train"
"CCN=C1NC(=O)[C@H](c2ccccc2)O1","1","train"
"CCN=C1Nc2ccc(Cl)cc2[C@H](c2ccccc2)S1","1","train"
"CCNC(Cc1ccccc1)[C@@H]1CCCO1","1","train"
"CCN[C@H]1C2CCC(C2)C1c1ccccc1","1","train"
"CCOC(=O)C1(c2ccccc2)CCC=C[C@@H]1N(C)C","1","train"
"CCOC(=O)CCC(=O)O[C@@H]1[C@H](O[C@H]2[C@@H](C)[C@H](O[C@@H]3CC(C)(OC)[C@@H](O)[C@H](C)O3)[C@H](C)C(=O)O[C@@H](CC)C(C)(O)[C@@H](O)[C@H](C)C(=O)[C@@H](C)CC2(C)O)O[C@@H](C)C[C@@H]1N(C)C","0","train"
"CCOC(=O)C[C@@H](O)C[C@H](O)/C=C/C1=C(c2ccc(F)cc2)c2ccccc2OC12CCCC2","1","train"
"CCOC(=O)C[C@@H](O)C[C@H](O)/C=C\C1=C(c2ccc(F)cc2)c2ccccc2OC12CCCC2","1","train"
"CCOC(=O)N[C@@H](O)C(Cl)(Cl)Cl","1","train"
"CCOC(=O)OC1(C(=O)COC(=O)CC)CC[C@H]2[C@@H]3CCC4=CC(=O)C=CC4(C)[C@H]3[C@@H](O)CC21C","1","train"
"CCOC(=O)OC1(C(=O)OCCl)CC[C@H]2[C@@H]3CCC4=CC(=O)C=CC4(C)[C@H]3C(O)CC21C","1","train"
"CCOC(=O)OCC/C(SC(=O)OCC)=C(/C)N(C=O)Cc1cnc(C)nc1N","1","train"
"CCOC(=O)O[C@@H]1[C@H](O[C@H]2[C@@H](C)[C@H](O[C@@H]3CC(C)(OC)[C@@H](O)[C@H](C)O3)[C@H](C)C(=O)O[C@@H](CC)C(C)(O)[C@@H](O)[C@H](C)C(=O)[C@@H](C)CC2(C)O)O[C@@H](C)C[C@@H]1N(C)C","0","train"
"CCOC(=O)c1cncn1[C@@H](C)c1ccc(F)cc1","1","train"
"CCOC(=O)c1cncn1[C@@H](C)c1ccccc1","1","train"
"CCOC(OCC)C(=O)OCC(=O)C1(O)Cc2c(O)c3c(c(O)c2[C@@H](O[C@@H]2C[C@H](N)[C@H](O)[C@H](C)O2)C1)C(=O)c1c(OC)cccc1C3=O","0","train"
"CCO[C@H]1CC2(C)[C@@H](CC[C@H]3[C@@H]4CC[C@H](C(C)=O)C4(C)C[C@H](N(C)C)[C@@H]32)C[C@@H]1O","1","train"
"CCO[C@H]1c2ccccc2C(=O)N(C)c2ccccc21","1","train"
"CCOc1ccc2ccccc2c1C(=O)NC1C(=O)N2[C@H]1SC(C)(C)[C@@H]2C(=O)O","0","train"
"CCOc1ccccc1OC[C@@H]1CNCCO1","1","train"
"CCSC1(SC)CC[C@H]2[C@@H]3CCC4=CC(=O)C=CC4(C)C3(F)[C@@H](O)CC21C","1","train"
"CC[C@@H]1C(=O)NC(=O)C1(C)c1ccccc1","1","train"
"CC[C@@H]1C(C)=NN=C(c2ccc(OC)c(OC)c2)c2cc(OC)c(OC)cc21","1","train"
"CC[C@@H]1NC(=O)[C@@H](NC(=O)c2ncccc2O)[C@H](C)OC(=O)[C@H](c2ccccc2)NC(=O)[C@@H]2CC(=O)CCN2C(=O)[C@H](Cc2ccc(N(C)C)cc2)N(C)C(=O)[C@@H]2CCCN2C1=O","0","train"
"CC[C@@H]1OC(=O)[C@@H](C)[C@@H](O[C@@H]2CC(C)(OC)[C@@H](O)[C@H](C)O2)C(C)[C@H](O[C@@H]2O[C@@H](C)C[C@H](N(C)C)[C@@H]2O)C(C)(O)CC(C)(F)C(=O)[C@@H](C)[C@H](O)C1(C)O","0","train"
"CC[C@@H]1OC(=O)[C@@H](C)[C@@H](O[C@@H]2CC(C)(OC)[C@@H](O)[C@H](C)O2)C(C)[C@H](O[C@@H]2O[C@@H](C)C[C@H](N(C)C)[C@@H]2O)C(C)(O)C[C@H](C)C(=O)[C@@H](C)[C@@H](O)C1C","0","train"
"CC[C@@H]1OC(=O)[C@@H](C)[C@@H](O[C@@H]2CC(C)(OC)[C@@H](O)[C@H](C)O2)C(C)[C@H](O[C@@H]2O[C@@H](C)C[C@H](N(C)C)[C@@H]2O)C(C)(O)C[C@H](C)C(=O)[C@@H](C)[C@H](O)C1(C)O","0","train"
"CC[C@@H]1OC(=O)[C@@H](C)[C@@H](O[C@@H]2CC(C)(OC)[C@@H](O)[C@H](C)O2)[C@H](C)[C@H](O[C@@H]2O[C@@H](C)C[C@H](N(C)C)[C@@H]2O)C(C)(O)CC(C)CN(C)[C@@H](C)[C@H](O)C1(C)O","0","train"
"CC[C@@H]1OC(=O)[C@@H](C)[C@@H](O[C@@H]2CC(C)(OC)[C@@H](O)[C@H](C)O2)[C@H](C)[C@H](O[C@@H]2O[C@@H](C)C[C@H](N(C)C)[C@@H]2O)C(C)(O)C[C@H](C)/C(=N/OCOCCOC)[C@H](C)[C@H](O)C1(C)O","0","train"
"CC[C@@H]1OC(=O)[C@@H](C)[C@@H](O[C@@H]2CC(C)(OC)[C@@H](O)[C@H](C)O2)[C@H](C)[C@H](O[C@@H]2O[C@@H](C)C[C@H](N(C)C)[C@@H]2O)C(C)(O)C[C@H](C)/C(=N\OC)[C@H](C)[C@H](O)C1(C)O","0","train"
"CC[C@@H]1OC(=O)[C@@H](C)[C@@H](O[C@@H]2CC(C)(OC)[C@@H](O)[C@H](C)O2)[C@H](C)[C@H](O[C@@H]2O[C@@H](C)C[C@H](N(C)C)[C@@H]2O)C(C)(O)C[C@H](C)/C(=N\OCOCCOC)[C@H](C)[C@H](O)C1(C)O","0","train"
"CC[C@@H]1OC(=O)[C@@H](C)[C@@H](O[C@@H]2CC(C)(OC)[C@@H](O)[C@H](C)O2)[C@H](C)[C@H](O[C@@H]2O[C@@H](C)C[C@H](N(C)C)[C@@H]2O)C(C)(OC)C[C@H](C)C(=O)[C@@H](C)[C@H](O)C1(C)O","0","train"
"CC[C@H](C(=O)OCCN1CCO[C@@H](c2ccccc2)[C@@H]1C)c1ccccc1","1","train"
"CC[C@H](C)C(=O)O[C@H]1C[C@H](O)C=C2C=C[C@H](C)[C@H](CC[C@H](O)C[C@H](O)CC(=O)O)[C@@H]21","0","train"
"CC[C@H](C)C(C)(COC(N)=O)COC(=O)NC(C)C","1","train"
"CC[C@H](C)C(C)(COC(N)=O)COC(N)=O","1","train"
"CC[C@H](C)N(C)C(=O)c1cc2ccccc2c(-c2ccccc2Cl)n1","1","train"
"CC[C@H](C)N1CCN(c2ccc(I)cc2)CC1","1","train"
"CC[C@H](C)n1ncn(-c2ccc(N3CCN(c4ccc(OC[C@H]5COC(Cn6cncn6)(c6ccc(Cl)cc6Cl)O5)cc4)CC3)cc2)c1=O","0","train"
"CC[C@H](N)Cc1c[nH]c2ccccc12","1","train"
"CC[C@H](O)C(C[C@H](C)N(C)C)(c1ccccc1)c1ccccc1","1","train"
"CC[C@H](OC(C)=O)C(C[C@H](C)N(C)C)(c1ccccc1)c1ccccc1","1","train"
"CC[C@H](OC(N)=O)C1CCCCC1","1","train"
"CC[C@H](Oc1ccccc1)C(=O)NC1C(=O)N2[C@H]1SC(C)(C)[C@@H]2C(=O)O","0","train"
"CC[C@H]1CC(=O)C2Oc3c(OC)ccc4c3C23CCN(CC2CC2)C(C4)[C@@H]13","1","train"
"CCc1c(C)[nH]c2c1C(=O)[C@H](CN1CCOCC1)CC2","1","train"
"CCc1ccc2c(c1)N(C[C@@H](C)CN(C)C)c1ccccc1S2","1","train"
"CCn1nnn(CCN2CC[C@H](N(C(=O)COC)c3ccccc3F)[C@@H](C)C2)c1=O","1","train"
"CN(C(=O)C(c1ccccc1)c1ccccc1)[C@H](CN1CCC(O)C1)c1ccccc1","1","train"
"CN(C(=O)Cc1ccc(Cl)c(Cl)c1)[C@H]1CCC2(CCCO2)C[C@@H]1N1CCCC1","1","train"
"CN(C(=O)Cc1ccc(Cl)c(Cl)c1)[C@H]1CCCC[C@@H]1N1CCCC1","1","train"
"CN(C)CCC1(C)OCCC2=C1Cc1ccccc12","1","train"
"CN(C)CCC1(c2ccccc2)CCc2ccccc2C1=O","1","train"
"CN(C)CCCN1Cc2ccccc2Cc2ccccc21","1","train"
"CN(C)CCC[C@H]1c2ccccc2Nc2ccc(Cl)cc21","1","train"
"CN(C)CCN1C(=O)C[C@@H](c2ccccc2)Sc2ccccc21","1","train"
"CN(C)CCO[C@@H](c1ccccc1)c1ccc(Br)cc1","1","train"
"CN(C)CCO[C@@H](c1ccccc1)c1ccccc1C(C)(C)C","1","train"
"CN(C)CCn1nnnc1SCC1=C(C(=O)O)N2C(=O)C(NC(=O)Cc3csc(N)n3)[C@@H]2SC1","0","train"
"CN(C)C[C@@H](CN1c2ccccc2Sc2ccccc21)N(C)C","1","train"
"CN(C)C[C@@H](O)[C@@H](c1ccccc1)c1ccc(Cl)cc1","1","train"
"CN(C)C[C@@H](O)[C@@H](c1ccccc1)c1cccc(Cl)c1","1","train"
"CN(C)Cc1ccc(-c2cccc(N[C@H]3N=CC=C3[N+](=O)[O-])c2)o1","1","train"
"CN(C)Cc1ccc(CSCCN[C@H]2N=CC=C2[N+](=O)[O-])o1","0","train"
"CN(C)Cc1ccnc(-c2cccc(N[C@H]3N=CC=C3[N+](=O)[O-])c2)c1","1","train"
"CN(C)[C@@H]1C(=O)C(C(=O)NCN2CCCC2)=C(O)C2(O)C(=O)C3=C(O)c4c(O)cccc4C(C)(O)[C@H]3C[C@@H]12","1","train"
"CN(C)[C@@H]1C(=O)C(C(=O)NCN2CCC[C@H](C(=O)O)C2)=C(O)C2(O)C(=O)C3=C(O)c4c(O)cccc4C(C)(O)[C@H]3C[C@@H]12","0","train"
"CN(C)[C@@H]1C(=O)C(C(=O)NCN[C@H](C(=O)NC2C(=O)N3[C@H]2SC(C)(C)[C@@H]3C(=O)O)c2ccccc2)=C(O)C2(O)C(=O)C3=C(O)c4c(O)cccc4C(C)(O)[C@H]3C[C@@H]12","0","train"
"CN(C)[C@@H]1C(=O)C(C(=O)NCO)=C(O)C2(O)C(=O)C3=C(O)c4c(O)ccc(Cl)c4C(C)(O)[C@H]3C[C@@H]12","0","train"
"CN(C)[C@@H]1C(=O)C(C(N)=O)=C(O)C2(O)C(=O)C3=C(O)c4c(O)ccc(Cl)c4C(C)(O)[C@H]3C[C@@H]12","0","train"
"CN(C)[C@@H]1C(=O)C(C(N)=O)=C(O)C2(O)C(=O)C3=C(O)c4c(O)ccc(Cl)c4[C@@H](O)[C@H]3C[C@@H]12","0","train"
"CN(C)[C@@H]1C(=O)C(C(N)=O)=C(O)C2(O)C(=O)C3=C(O)c4c(O)ccc([N+](=O)[O-])c4C[C@@H]3C[C@@H]12","0","train"
"CN(C)[C@@H]1C(=O)C(C(N)=O)=C(O)C2(O)C(=O)C3=C(O)c4c(O)cccc4C(C)(O)[C@@H]3[C@H](O)[C@H]12","0","train"
"CN(C)[C@@H]1C(=O)C(C(N)=O)=C(O)C2(O)C(=O)C3=C(O)c4c(O)cccc4C(C)(O)[C@H]3C[C@@H]12","0","train"
"CN(C)[C@@H]1C(=O)C(C(N)=O)=C(O)C2(O)C(=O)C3=C(O)c4c(O)cccc4[C@@H](O)[C@H]3C[C@@H]12","0","train"
"CN(C)[C@@H]1C(=O)C(C(N)=O)=C(O)C2(O)C(=O)C3=C(O)c4c(ccc(N)c4O)C[C@@H]3C[C@@H]12","0","train"
"CN(C)[C@@H]1C(O)=C(C(=O)NCN2CCN(/C(N)=N/C(=N)N)CC2)C(=O)C2(O)C(O)=C3C(=O)c4c(O)cccc4C(C)(O)[C@H]3C[C@@H]12","0","train"
"CN(C)[C@@H]1C(O)=C(C(=O)NCN2CCN(CCO)CC2)C(=O)C2(O)C(O)=C3C(=O)c4c(O)cccc4C(C)(O)[C@H]3C[C@@H]12","0","train"
"CN(C)[C@@H]1C(O)=C(C(=O)NCNCCCC[C@H](N)C(=O)O)C(=O)C2(O)C(O)=C3C(=O)c4c(O)cccc4C(C)(O)[C@H]3C[C@@H]12","0","train"
"CN(C)[C@@H]1C(O)=C(C(=O)NCN[C@H](C(=O)NC2C(=O)N3[C@H]2SC(C)(C)[C@@H]3C(=O)O)c2ccccc2)C(=O)C2(O)C(O)=C3C(=O)c4c(O)cccc4C(C)(O)[C@H]3C[C@@H]12","0","train"
"CN(C)[C@@H]1C(O)=C(C(=O)NCO)C(=O)C2(O)C(O)=C3C(=O)c4c(O)ccc(Cl)c4C(C)(O)[C@H]3C[C@@H]12","0","train"
"CN(C)[C@@H]1C(O)=C(C(=O)N[C@H](C(=O)O)N2CCN(CCO)CC2)C(=O)C2(O)C(O)=C3C(=O)c4c(O)cccc4C(C)(O)[C@H]3C[C@@H]12","0","train"
"CN(C)[C@@H]1C(O)=C(C(N)=O)C(=O)C2(O)C(O)=C3C(=O)c4c(O)ccc(Cl)c4[C@@H](O)[C@H]3C[C@@H]12","0","train"
"CN(C)[C@@H]1C(O)=C(C(N)=O)C(=O)C2(O)C(O)=C3C(=O)c4c(O)cccc4C(C)(O)[C@@H]3[C@H](O)[C@H]12","0","train"
"CN(C)[C@@H]1C(O)=C(C(N)=O)C(=O)C2(O)C(O)=C3C(=O)c4c(O)cccc4C(C)(O)[C@H]3C[C@@H]12","0","train"
"CN(C)[C@@H]1C(O)=C(C(N)=O)C(=O)C2(O)C(O)=C3C(=O)c4c(ccc(N)c4O)C[C@@H]3C[C@@H]12","0","train"
"CN(C)c1ccc(O)c2c1C[C@@H]1C[C@H]3[C@H](N(C)C)C(O)=C(C(N)=O)C(=O)C3(O)C(O)=C1C2=O","1","train"
"CN(c1nc2ccccc2s1)C1CCN(C[C@H](O)COc2ccc(F)cc2)CC1","1","train"
"CN1C(=O)CCS(=O)(=O)[C@H]1c1ccc(Cl)c(Cl)c1","1","train"
"CN1C(=O)CCS(=O)(=O)[C@H]1c1ccc(Cl)cc1","1","train"
"CN1C(=O)CN2CCc3ccccc3[C@H]2c2cc(Cl)ccc21","1","train"
"CN1C(=O)C[C@@H](c2ccccc2)C1=O","1","train"
"CN1CCC2(C)C[C@@H](Cc3ccc(O)cc32)C1","1","train"
"CN1CCC2(C)c3cc(OC(=O)N4CCc5ccccc5C4)ccc3N(C)[C@H]12","1","train"
"CN1CCC2(C)c3cc(OC(=O)Nc4ccccc4)ccc3N(C)[C@H]12","1","train"
"CN1CCC23CCCC[C@@H]2C1Cc1ccc(O)cc13","1","train"
"CN1CCC23NC(=O)CC(c4cc(Cl)ccc4O2)[C@H]3C1","1","train"
"CN1CCC23c4c5ccc(O)c4OC2(C)C(=O)CC[C@@H]3C1C5","1","train"
"CN1CCC23c4c5ccc(O)c4OC2C(=O)CCC3(O)C1C5","1","train"
"CN1CCC23c4c5ccc(O)c4OC2C(=O)CC[C@@H]3C1C5","1","train"
"CN1CCC23c4c5ccc(O)c4OC2C(C)(O)CC[C@@H]3C1C5","1","train"
"CN1CCC23c4c5ccc(O)c4O[C@@H]2[C@@H](O)C=C[C@@H]3C1C5","1","train"
"CN1CCC23c4c5ccc(O)c4O[C@@H]2[C@@H](O)CCC3(O)C1C5","1","train"
"CN1CCC23c4c5ccc(O)c4O[C@@H]2[C@@H](O)CC[C@@H]3C1C5","1","train"
"CN1CCC23c4c5ccc(O)c4O[C@H]2CCC[C@@H]3C1C5","1","train"
"CN1CCC23c4c5ccc(OC(=O)c6cccnc6)c4O[C@@H]2C(OC(=O)c2cccnc2)C=C[C@@H]3C1C5","1","train"
"CN1CCCC[C@H]1CCN1c2ccccc2Sc2ccc(S(C)(=O)=O)cc21","1","train"
"CN1CCCC[C@H]1CCN1c2ccccc2Sc2ccc([S+](C)[O-])cc21","1","train"
"CN1CCC[C@H](CN2c3ccccc3Sc3ccccc32)C1","1","train"
"CN1CCCc2cccc(OC[C@@H]3CNCCO3)c21","1","train"
"CN1CCN(C(=O)Cc2ccc(Cl)c(Cl)c2)[C@H](CN2CCCC2)C1","1","train"
"CN1CCN(C(=O)O[C@H]2c3nccnc3C(=O)N2c2ccc(Cl)cn2)CC1","1","train"
"CN1CCN(C2=Cc3cc(Cl)ccc3/C(=C/C#N)c3ccccc32)CC1","1","train"
"CN1CCN(CC(=O)C2(O)CC[C@H]3[C@@H]4CCC5=CC(=O)C=CC5(C)[C@H]4[C@@H](O)CC32C)CC1","1","train"
"CN1CCN(CC/C=C2/c3ccccc3Sc3ccc(S(=O)(=O)N(C)C)cc32)CC1","1","train"
"CN1CCN([C@@H](c2ccccc2)c2ccc(Cl)cc2)CC1","1","train"
"CN1CCN([C@H]2Cc3ccccc3Sc3ccc(Cl)cc32)CC1","1","train"
"CN1CCN2c3cc(F)ccc3C(c3cccs3)=NC[C@@H]2C1","1","train"
"CN1CCN2c3ccccc3Cc3ccccc3[C@H]2C1","1","train"
"CN1CCN2c3ccccc3Cn3cccc3[C@@H]2C1","1","train"
"CN1CCc2cccc3c2[C@@H]1Cc1ccc(O)c(O)c1-3","1","train"
"CN1C[C@@H](C(=O)NC2(C)OC3(O)[C@@H]4CCCN4C(=O)[C@H](Cc4ccccc4)N3C2=O)C[C@H]2c3cccc4[nH]cc(c34)C[C@@H]21","0","train"
"CN1C[C@@H](NS(=O)(=O)N(C)C)C[C@H]2c3cccc4c3c(cn4C)C[C@@H]21","1","train"
"CN1C[C@@H]2c3ccccc3Oc3ccc(Cl)cc3[C@H]2C1","1","train"
"CN1C[C@H](CC#N)C[C@H]2c3cccc4[nH]cc(c34)C[C@@H]21","1","train"
"CN1C[C@H](CN2CC(=O)NC(=O)C2)C=C2c3cccc4[nH]cc(c34)C[C@@H]21","1","train"
"CN1C[C@H]2Cc3ccc(Cl)cc3[C@H](c3ccccc3)[C@@H]2C1","1","train"
"CN1[C@@H](CCl)Nc2cc(Cl)c(S(N)(=O)=O)cc2S1(=O)=O","0","train"
"CN1[C@@H](CSCC(F)(F)F)Nc2cc(Cl)c(S(N)(=O)=O)cc2S1(=O)=O","0","train"
"CN1[C@H](CC(=O)c2ccccc2)CCC[C@H]1C[C@H](O)c1ccccc1","1","train"
"CN1[C@H]2CC(OC(=O)[C@H](CO)c3ccccc3)C[C@H]1[C@@H]1O[C@H]12","1","train"
"CN1[C@H]2CCC[C@H]1CC(NC(=O)c1nn(C)c3ccccc13)C2","1","train"
"CN1[C@H]2CC[C@H]1CC(NC(=O)N1CC(C)(C)c3ccccc31)C2","1","train"
"CN1[C@H]2CC[C@H]1CC(NC(=O)c1cn(C3CCCCC3)c3ccccc3c1=O)C2","1","train"
"CN1[C@H]2CC[C@H]1CC(OC(c1ccccc1)c1ccccc1)C2","1","train"
"CN1c2cc(F)ccc2C(c2ccccc2)=NC[C@@H]1CNC(=O)c1ccoc1","1","train"
"CN1c2ccc(Cl)cc2C(c2ccccc2Cl)=NC[C@H]1CO","1","train"
"CN1c2ccccc2C(c2ccccc2F)=NC[C@@H]1CNC(=O)c1ccsc1","1","train"
"CN1c2ccccc2[C@H](NCCCCCCC(=O)O)c2ccc(Cl)cc2S1(=O)=O","1","train"
"CNC(=O)CCN1CCN(CC/C=C2/c3ccccc3Sc3ccc(Cl)cc32)CC1","1","train"
"CNC(=O)CCN1CCN(CC/C=C2\c3ccccc3Sc3ccc(Cl)cc32)CC1","1","train"
"CNC(=O)C[C@H](N)C(=O)N[C@H](C(=O)NC1C(=O)N2[C@H]1SC(C)(C)[C@@H]2C(=O)O)c1ccc(O)cc1","0","train"
"CNC(=O)N[C@@H](O)C(Cl)(Cl)Cl","1","train"
"CNC(=O)O[C@@H]1OC(=O)C2(C)C3C=CC(C3)[C@H]12","1","train"
"CNC(=O)Oc1ccc2c(c1)C1(C)CCN(C)[C@H]1N2C","1","train"
"CNC1=CN(O)C(c2ccccc2)=c2cc(Cl)ccc2=N1","1","train"
"CNCCO[C@@H](c1ccccc1)c1ccccc1C","1","train"
"CNCCSC1=Cc2ccccc2Oc2ccc(F)cc21","1","train"
"CNCC[C@H](O)[C@@H]1C[C@H](SC2=C(C(=O)O)N3C(=O)C([C@H](C)O)[C@H]3[C@@H]2C)CN1","0","train"
"CNCC[C@H](Oc1ccc(C(F)(F)F)cc1)c1ccccc1","1","train"
"CNCC[C@H](Oc1cccc2ccccc12)c1cccs1","1","train"
"CNCC[C@H](Oc1ccccc1C)c1ccccc1","1","train"
"CNCC[C@H](Oc1ccccc1OC)c1ccccc1","1","train"
"CNC[C@@H](O)CC12CCC(c3ccccc31)c1ccccc12","1","train"
"CN[C@@H](C)[C@@H]1CC[C@H](N)[C@H](O[C@H]2[C@@H](N)C[C@H](N)[C@H](O[C@@H]3OCC(C)(O)[C@@H](NC)[C@@H]3O)[C@H]2O)O1","0","train"
"CN[C@@H]1[C@H](O[C@@H]2C(O[C@@H]3[C@@H](O)[C@@H](O)[C@@H](NC(=N)N)[C@H](O)[C@@H]3NC(=N)N)O[C@@H](C)C2(O)CO)O[C@@H](CO)[C@@H](O)[C@H]1O","0","train"
"CN[C@@H]1[C@H](O[C@@H]2O[C@H](CO)[C@@H](N)[C@H](O)[C@@H]2O)O[C@H]2C[C@H](N)[C@@H](O[C@H]3[C@@H](N)C[C@H](N)[C@H](O)[C@@H]3O)O[C@H]2[C@H]1O","0","train"
"CN[C@@H]1[C@H](O[C@@H]2[C@@H](O[C@@H]3[C@@H](O)[C@@H](O)[C@@H](NC(=N)N)[C@H](O)[C@@H]3NC(=N)N)OC(C)C2(O)C=O)O[C@@H](CO)[C@@H](O)[C@H]1O","0","train"
"CN[C@@H]1[C@H](O[C@@H]2[C@@H](O[C@@H]3[C@@H](O)[C@@H](O)[C@@H](NC(=N)N)[C@H](O)[C@@H]3NC(=N)N)O[C@@H](C)C2(O)C=O)O[C@@H](CO)[C@@H](O)[C@H]1O","0","train"
"CN[C@@H]1[C@H](O[C@@H]2[C@@H](O[C@@H]3[C@@H](O)[C@@H](O)[C@@H](NC(=N)N)[C@H](O)[C@@H]3NC(=N)N)O[C@@H](C)C2(O)CO)O[C@@H](CO)[C@@H](O)[C@H]1O","0","train"
"CN[C@H]1CCN2c3ccccc3CCc3cccc1c32","1","train"
"CN[C@H]1C[C@@H](c2ccc(Cl)c(Cl)c2)c2ccccc21","1","train"
"CN[C@H]1Cc2ccccc2N(C)c2ccccc21","1","train"
"CN[C@H]1[C@H](O)[C@H](O[C@H]2[C@@H](N)C[C@H](N)[C@H](O[C@@H]3O[C@H](CN)CC[C@@H]3N)[C@@H]2O)OCC1(C)O","0","train"
"CN[C@H]1[C@H](O)[C@H](O[C@H]2[C@@H](NC(=O)[C@@H](O)CN)C[C@H](N)[C@H](O[C@@H]3O[C@@H](CN)[C@@H](O)[C@H](O)[C@@H]3O)[C@@H]2O)OCC1(C)O","0","train"
"CNc1cc(OC)c(C(=O)N[C@H]2CCN(Cc3ccccc3)[C@H]2C)cc1Cl","1","train"
"CO/N=C(/C(=O)NC1C(=O)N(OCC(=O)O)C1C)c1csc(N)n1","0","train"
"CO/N=C(/C(=O)NC1C(=O)N(OCC(=O)OCC(=O)OC(C)(C)C)[C@H]1C)c1csc(N)n1","0","train"
"CO/N=C(/C(=O)NC1C(=O)N2C(C(=O)O)=C(/C=C/c3scnc3C)CS[C@@H]12)c1csc(N)n1","0","train"
"CO/N=C(/C(=O)NC1C(=O)N2C(C(=O)O)=C(COC(C)=O)C[S+]([O-])[C@@H]12)c1csc(N)n1","0","train"
"CO/N=C(/C(=O)NC1C(=O)N2C(C(=O)O)=C(CSC(=O)c3ccco3)CS[C@@H]12)c1csc(N)n1","0","train"
"CO/N=C(/C(=O)NC1C(=O)N2C(C(=O)O)=C(CSc3nc(C)c(CC(=O)O)s3)CS[C@@H]12)c1csc(N)n1","0","train"
"CO/N=C(/C(=O)NC1C(=O)N2C(C(=O)O)=C(CSc3nnnn3C)CS[C@@H]12)c1csc(N)n1","0","train"
"CO/N=C(/C(=O)NC1C(=O)N2C(C(=O)O)=CCS[C@@H]12)c1csc(N)n1","0","train"
"CO/N=C(/C(=O)NC1C(=O)N2C(C(=O)OCOC(=O)C(C)(C)C)=CCS[C@@H]12)c1csc(NC(=O)[C@H](C)N)n1","0","train"
"CO/N=C(\C(=O)NC1C(=O)N(OCC(=O)O)C1C)c1csc(N)n1","0","train"
"CO/N=C(\C(=O)NC1C(=O)N(OCC(=O)OCC(=O)OC(C)(C)C)C1C)c1csc(N)n1","0","train"
"CO/N=C(\C(=O)NC1C(=O)N2C(C(=O)O)=C(C)CS[C@@H]12)c1csc(N)n1","0","train"
"CO/N=C(\C(=O)NC1C(=O)N2C(C(=O)O)=C(COC(C)=O)CS[C@@H]12)c1csc(N)n1","0","train"
"CO/N=C(\C(=O)NC1C(=O)N2C(C(=O)O)=C(COC(C)=O)C[S+]([O-])[C@@H]12)c1csc(N)n1","0","train"
"CO/N=C(\C(=O)NC1C(=O)N2C(C(=O)O)=C(CSC(=O)c3ccco3)CS[C@@H]12)c1csc(N)n1","0","train"
"CO/N=C(\C(=O)NC1C(=O)N2C(C(=O)O)=C(CSc3cnns3)CS[C@@H]12)c1csc(N)n1","0","train"
"CO/N=C(\C(=O)NC1C(=O)N2C(C(=O)O)=C(CSc3nnnn3C)CS[C@@H]12)c1csc(N)n1","0","train"
"CO/N=C(\C(=O)NC1C(=O)N2C(C(=O)O)=CCS[C@@H]12)c1csc(N)n1","0","train"
"CO/N=C(\C(=O)N[C@H]1C(=O)N2C(C(=O)O)=C(C)CS[C@@H]12)c1csc(N)n1","0","train"
"CO/N=C(\C(=O)N[C@H]1C(=O)N2C(C(=O)O)=C(COC(C)=O)CS[C@@H]12)c1ccco1","0","train"
"COC(=O)C1(O)CC[C@H]2[C@@H]3CCC(=O)[C@H]4C(=O)C=CC4(C)[C@H]3[C@@H](O)CC21C","1","train"
"COC(=O)C1=C(C)NC(C)=C(C(=O)OCCN(C)Cc2ccccc2)[C@@H]1c1cccc([N+](=O)[O-])c1","0","train"
"COC(=O)[C@@H]1C(O)=CC(Nc2ccc(Cl)cc2)=C[C@@H]1C","1","train"
"COC(=O)[C@@H]1C(O)=CC(Nc2cccc(OC(F)(F)F)c2)=C[C@@H]1C","1","train"
"COC(=O)[C@@H]1C(O)=CC(Nc2cccc([N+](=O)[O-])c2)=C[C@@H]1C","1","train"
"COC(=O)[C@@H]1[C@@H](O)CC[C@@H]2CN3CCc4c([nH]c5ccccc45)[C@@H]3C[C@@H]21","0","train"
"COC(=O)[C@@H]1[C@@H](OC(=O)c2ccccc2)C[C@@H]2CC[C@@H]1N2C","1","train"
"COC(=O)[C@H]1[C@H]2C[C@H]3c4[nH]c5cc(OC)ccc5c4CCN3C[C@H]2C[C@H](OC(=O)/C=C/c2cc(OC)c(OC)c(OC)c2)[C@H]1OC","1","train"
"COC(=O)[C@H]1[C@H]2C[C@H]3c4[nH]c5cc(OC)ccc5c4CCN3C[C@H]2C[C@H](OC(=O)c2cc(OC)c(OC)c(OC)c2)[C@H]1OC","1","train"
"COC(=O)[C@H]1[C@H]2C[C@H]3c4[nH]c5cc(OC)ccc5c4CCN3C[C@H]2C[C@H](OC)[C@H]1OC","1","train"
"COC(=O)[C@H]1[C@H]2C[C@H]3c4[nH]c5ccc(Cl)cc5c4CCN3C[C@H]2C[C@H](OC(=O)c2cc(OC)c(OC)c(OC)c2)[C@H]1OC","1","train"
"COC(=O)[C@H]1[C@H]2C[C@H]3c4[nH]c5ccccc5c4CCN3C[C@H]2C[C@H](OC(=O)c2cc(OC)c(OC)c(OC)c2)[C@H]1OC","1","train"
"COC(=O)c1cncn1[C@@H](C)c1ccccc1","1","train"
"COC(F)(F)[C@@H](F)Br","1","train"
"COC(OC)C(=O)C12OC(C)(C)O[C@H]1C[C@H]1[C@@H]3C[C@H](F)C4=CC(=O)C=CC4(C)C3(F)C(O)CC12C","1","train"
"COC1(NC(=O)C2SC(=C(C#N)C(=O)O)S2)C(=O)N2C(C(=O)O)=C(CSc3nnnn3C)CS[C@H]21","0","train"
"COC1(NC(=O)C2SC(=C(C(N)=O)C(=O)O)S2)C(=O)N2C(C(=O)O)=C(CSc3nnnn3C)CS[C@H]21","0","train"
"COC1(NC(=O)CSCC#N)C(=O)N2C(C(=O)O)=C(CSc3nnnn3C)CS[C@H]21","0","train"
"COC1(NC(=O)CSC[C@@H](N)C(=O)O)C(=O)N2C(C(=O)O)=C(CSc3nnnn3C)CS[C@H]21","0","train"
"COC1(NC(=O)Cc2cccs2)C(=O)N2C(C(=O)O)=C(COC(N)=O)CS[C@H]21","0","train"
"COC1(NC(=O)[C@@H](C(=O)O)c2ccc(O)cc2)C(=O)N2C(C(=O)O)=C(CSc3nnnn3C)CO[C@H]21","0","train"
"COC1(NC(=O)[C@@H](C(=O)O)c2ccsc2)C(=O)N2[C@@H](C(=O)O)C(C)(C)S[C@H]21","0","train"
"COC12C(COC(N)=O)C3=C(C(=O)C(C)=C(N)C3=O)N1C[C@@H]1N[C@@H]12","0","train"
"COC1=CC(=O)O[C@H]1[C@@H](O)c1ccccc1Cl","1","train"
"COC1=CC=C2C3Cc4ccc(OC)c5c4C2(CCN3C)[C@@H]1O5","1","train"
"COCC(=O)OC1(CCN(C)CCCc2nc3ccccc3[nH]2)CCc2cc(F)ccc2[C@@H]1C(C)C","0","train"
"COCC1=C(C(=O)O)N2C(=O)C(NC(=O)/C(=N\O)c3csc(N)n3)[C@@H]2SC1","0","train"
"COCC1=C(C(=O)O)N2C(=O)C(NC(=O)/C(=N\OC)c3csc(N)n3)[C@@H]2SC1","0","train"
"COCC1=C(C(=O)O)N2C(=O)[C@H](NC(=O)/C(=N\O)c3csc(N)n3)[C@@H]2SC1","0","train"
"COCCN1CCC23c4c5ccc(O)c4OC2C(=O)CCC3(O)C1C5","1","train"
"COCOC(=O)[C@@H]1N2C(=O)C(N3C(=O)C(c4ccccc4)NC3(C)C)[C@@H]2SC1(C)C","0","train"
"COC[C@@H]1CN(c2ccc(OCC[C@H](O)C(F)(F)F)cc2)C(=O)O1","1","train"
"COC[C@@H]1CN=C(c2ccccc2Cl)c2cc(Br)ccc2N1C","1","train"
"COCc1c(C(C)C)nc(C(C)C)c(/C=C/[C@@H](O)C[C@H](O)CC(=O)O)c1-c1ccc(F)cc1","1","train"
"CO[C@H](C(=O)NC1C(=O)N2[C@H]1SC(C)(C)[C@@H]2C(=O)O)c1ccc(Cl)c(Cl)c1","0","train"
"CO[C@H]1/C=C/OC2(C)Oc3c(C)c(O)c4c(O)c(c(/C=N/N5CCN(C)CC5)c(O)c4c3C2=O)NC(=O)/C(C)=C/C=C/[C@H](C)[C@H](O)[C@H](C)[C@H](O)[C@H](C)[C@H](OC(C)=O)[C@H]1C","0","train"
"CO[C@H]1/C=C/OC2(C)Oc3c(C)c(O)c4c(O)c(c(/C=N/N5CCN(C)CC5)c(O)c4c3C2=O)NC(=O)/C(C)=C\C=C\[C@H](C)[C@H](O)[C@H](C)[C@H](O)[C@H](C)[C@H](OC(C)=O)[C@H]1C","0","train"
"CO[C@H]1/C=C/OC2(C)Oc3c(C)c(O)c4c(O)c(c(/C=N/N5CCN(C6CCCC6)CC5)c(O)c4c3C2=O)NC(=O)/C(C)=C\C=C\[C@H](C)[C@H](O)[C@H](C)[C@H](O)[C@H](C)[C@H](OC(C)=O)[C@H]1C","0","train"
"CO[C@H]1/C=C/OC2(C)Oc3c(C)c(O)c4c(O)c(c5c(nc6cc(C)ccn65)c4c3C2=O)NC(=O)/C(C)=C\C=C\[C@H](C)[C@H](O)[C@H](C)[C@H](O)[C@H](C)[C@H](OC(C)=O)[C@H]1C","0","train"
"CO[C@H]1/C=C/OC2(C)Oc3c(C)c(O)c4c(O)c(cc(O)c4c3C2=O)NC(=O)/C(C)=C\C=C\[C@H](C)[C@H](O)[C@H](C)[C@H](O)[C@H](C)[C@H](OC(C)=O)[C@H]1C","0","train"
"CO[C@H]1/C=C/OC2(C)Oc3c(C)c(O)c4c(c3C2=O)C(=O)/C(=C/NN2CCN(C)CC2)C(=C4O)NC(=O)/C(C)=C\C=C\[C@H](C)[C@H](O)[C@H](C)[C@H](O)[C@H](C)[C@H](OC(C)=O)[C@H]1C","0","train"
"CO[C@H]1/C=C/OC2(C)Oc3c(C)c(O)c4c(c3C2=O)C2=NC3(CCN(CC(C)C)CC3)NC2=C(NC(=O)/C(C)=C\C=C\[C@H](C)[C@H](O)[C@H](C)[C@H](O)[C@H](C)[C@H](OC(C)=O)[C@H]1C)C4=O","0","train"
"CO[C@H]1CCC[C@H]2C1=C(C(=O)O)N1C(=O)C([C@H](C)O)[C@H]21","0","train"
"CO[C@H]1CCC[C@H]2C1=C(C=O)N1C(=O)C([C@H](C)O)[C@H]21","0","train"
"CO[C@H]1CC[C@@H]2C3Cc4ccc(O)c5c4C2(CCN3C)[C@@H]1O5","1","train"
"CO[C@H]1C[C@@H](O[C@@H]2[C@H](C)C(=O)O[C@@H](C)[C@@H](C)[C@H](O)[C@H](C)C(=O)C3(CO3)C[C@H](C)[C@H](O[C@@H]3O[C@@H](C)C[C@H](N(C)C)[C@@H]3O)[C@@H]2C)O[C@@H](C)[C@@H]1O","0","train"
"CO[C@H]1C[C@@H](O[C@@H]2[C@H](C)C(=O)O[C@@H](C)[C@H](C)[C@H](OC(C)=O)[C@H](C)C(=O)C3(CO3)C[C@H](C)[C@H](O[C@@H]3O[C@@H](C)C[C@H](N(C)C)[C@@H]3OC(C)=O)[C@@H]2C)O[C@@H](C)[C@@H]1OC(C)=O","0","train"
"CO[C@H]1OC2OC3(CN4CCCCC4)C(O)CC(C13)[C@@H]2C","1","train"
"COc1cc(N)c(Cl)cc1C(=O)N[C@H]1CCN(CCCOc2ccc(F)cc2)C[C@@H]1OC","1","train"
"COc1cc([C@H]2c3cc4c(cc3[C@@H](O[C@H]3O[C@H]5CO[C@H](C)O[C@H]5[C@@H](O)[C@@H]3O)[C@@H]3COC(=O)[C@@H]23)OCO4)cc(OC)c1O","0","train"
"COc1cc([C@H]2c3cc4c(cc3[C@@H](O[C@H]3O[C@H]5CO[C@H](c6cccs6)O[C@H]5[C@@H](O)[C@@H]3O)[C@@H]3COC(=O)[C@@H]23)OCO4)cc(OC)c1O","1","train"
"COc1cc([C@H]2c3cc4c(cc3[C@@H](O[C@H]3O[C@H]5CO[C@H](c6cccs6)O[C@H]5[C@@H](O)[C@@H]3O)[C@@H]3COC(=O)[C@@H]23)OCO4)cc(OC)c1OC","0","train"
"COc1cc2c(c(CN[C@H]3CCCN[C@H]3c3ccccc3)c1)OCC2","1","train"
"COc1cc2c(cc1CN[C@H]1C3CCN(C3)C1C(c1ccccc1)c1ccccc1)N(S(C)(=O)=O)CC2","1","train"
"COc1cc2c(cc1CN[C@H]1CCCN[C@H]1c1ccccc1)N(S(C)(=O)=O)[C@@H](C)C2","1","train"
"COc1cc2c(cc1OC)C(=O)[C@@H](CC1CCN(Cc3ccccc3)CC1)C2","1","train"
"COc1cc2c(cc1OC)S(=O)(=O)O[C@H](C(=O)N[C@@H](C)CC(C)(C)N(C)C)C2","1","train"
"COc1cc2c(cc1OC)[C@@H]1CC(=O)[C@@H](CC(C)C)CN1CC2","1","train"
"COc1cc2c(cc1OC)[C@H](c1ccccc1)CN(C)CC2","1","train"
"COc1cc2c3c(c1O)C1(C=CC(=O)C=C1)C[C@@H]3N(C)CC2","1","train"
"COc1cc2sc(C(C)(C)C)nc2cc1CN[C@H]1CCCN[C@H]1c1ccccc1","1","train"
"COc1cc2sc(C)nc2cc1CN[C@H]1CCCN[C@H]1c1ccccc1","1","train"
"COc1cc2sc(C3CC3)nc2cc1CN[C@H]1CCCN[C@H]1c1ccccc1","1","train"
"COc1ccc(-c2cc(=O)c3c(O)cc(O[C@@H]4O[C@@H](CO[C@H]5O[C@@H](C)[C@@H](O)[C@H](O)[C@@H]5O)[C@@H](O)[C@H](O)[C@@H]4O)cc3o2)cc1O","0","train"
"COc1ccc(-c2nccs2)cc1CN[C@H]1CCCN[C@H]1c1ccccc1","1","train"
"COc1ccc(-n2nc(C)cc2C)cc1CN[C@H]1CCCN[C@H]1c1ccccc1","1","train"
"COc1ccc(C(C)(C)C)cc1CN[C@H]1C2CCN(CC2)C1C(c1ccccc1)c1ccccc1","1","train"
"COc1ccc(C(C)C)cc1CN[C@H]1CCCN[C@H]1c1ccccc1","1","train"
"COc1ccc(CC(=O)N2CCN(C(C)=O)C[C@@H]2CN2CC[C@H](O)C2)cc1","0","train"
"COc1ccc(Cl)c2c1CCC[C@@H]2N(C)C","1","train"
"COc1ccc(OC[C@@H]2CN(C)CC[C@@H]2c2ccccc2)cc1","1","train"
"COc1ccc(S(C)(=O)=O)cc1CN[C@H]1CCCN[C@H]1c1ccccc1","1","train"
"COc1ccc(S(N)(=O)=O)cc1C(=O)NC[C@@H]1CCCN1C","1","train"
"COc1ccc(S(N)(=O)=O)cc1C(=O)NC[C@@H]1CCCN1Cc1ccc(F)cc1","1","train"
"COc1ccc2c(c1)/C(=C\CCN(C)C)c1ccccc1O2","1","train"
"COc1ccc2c(c1)C13CCCC[C@@H]1C(C2)N(C)CC3","1","train"
"COc1ccc2c(c1)N(CC[C@@H]1CCCCN1C)c1ccccc1S2","1","train"
"COc1ccc2c(c1)N(C[C@@H](C)CN(C)C)c1ccccc1S2","1","train"
"COc1ccc2c(c1)[C@H](CC(=O)O)[C@H](C)N2C(=O)c1ccc(Cl)cc1","0","train"
"COc1ccc2c(c1OC)C(=O)O[C@@H]2[C@@H]1c2c(cc3c(c2OC)OCO3)CCN1C","1","train"
"COc1ccc2c(c1OC)C13CCN(C)C(C2)C1(O)CC[C@H](O)C3","1","train"
"COc1ccc2c3c([nH]c2c1)[C@@H]1C[C@H]2[C@H](C[C@H](OC(=O)c4cc(OC)c(OC)c(OC)c4)[C@H](OC)[C@H]2OC(C)=O)CN1CC3","1","train"
"COc1ccc2c3c1OC1C(=O)CCC4(O)C(C2)N(C)CCC314","1","train"
"COc1ccc2c3c1OC1C(=O)CC[C@@H]4C(C2)N(C)CCC314","1","train"
"COc1ccc2c3c1O[C@@H]1C(OC(=O)c4cccnc4)CC[C@@H]4C(C2)N(C)CCC341","1","train"
"COc1ccc2c3c1O[C@@H]1C(OC(C)=O)=CC[C@@H]4C(C2)N(C)CCC314","1","train"
"COc1ccc2c3c1O[C@@H]1[C@@H](O)C=C[C@@H]4C(C2)N(C)CCC341","1","train"
"COc1ccc2c3c1O[C@@H]1[C@@H](O)C=C[C@@H]4C(C2)NCCC341","1","train"
"COc1ccc2c3c1O[C@@H]1[C@@H](O)CC[C@@H]4C(C2)N(C)CCC341","1","train"
"COc1ccc2c3c1O[C@H]1C[C@H](O)C=CC31CCN(C)C2","1","train"
"COc1cccc(C(=O)NC2C[C@@H]3CC[C@@H](C2)N3Cc2ccccc2)c1OC","1","train"
"COc1cccc(C2(O)CCCC[C@H]2CN(C)C)c1","1","train"
"COc1cccc(CC(=O)N2CCN(C(C)=O)C[C@@H]2CN2CC[C@H](O)C2)c1","0","train"
"COc1cccc(OC)c1C(=O)NC1C(=O)N2[C@H]1SC(C)(C)[C@@H]2C(=O)O","0","train"
"COc1cccc2c1C(=O)c1c(O)c3c(c(O)c1C2=O)CC(O)(/C(C)=N/NC(=O)c1ccccc1)C[C@@H]3O[C@@H]1C[C@H](N)[C@H](O)[C@H](C)O1","0","train"
"COc1cccc2c1C(=O)c1c(O)c3c(c(O)c1C2=O)CC(O)(C(=O)CO)C[C@@H]3O[C@@H]1C[C@H](N)[C@H](O)[C@H](C)O1","1","train"
"COc1cccc2c1C(=O)c1c(O)c3c(c(O)c1C2=O)CC(O)(C(=O)CO)C[C@@H]3O[C@@H]1C[C@H](NC(=O)[C@@H](N)CC(C)C)[C@H](O)[C@H](C)O1","0","train"
"COc1cccc2c1C(=O)c1c(O)c3c(c(O)c1C2=O)CC(O)(C(=O)CO)C[C@@H]3O[C@H]1C[C@@H](N)C[C@H](C)O1","0","train"
"COc1cccc2c1C(=O)c1c(O)c3c(c(O)c1C2=O)CC(O)(C(C)=O)C[C@@H]3O[C@@H]1C[C@H](N)[C@H](O)[C@H](C)O1","0","train"
"COc1cccc2c1C[C@H](CCCNCCCCN1C(=O)CC3(CCCC3)CC1=O)CO2","1","train"
"COc1ccccc1CN[C@H]1CCCN[C@H]1c1ccccc1","1","train"
"COc1ccccc1OC[C@@H]1CNC(=O)O1","1","train"
"CSC(=O)C1(O)[C@@H](C)C[C@H]2[C@@H]3CCC4=CC(=O)C=CC4(C)C3(F)[C@@H](O)CC21C","1","train"
"CSC(=O)C1(OC(C)=O)[C@@H](C)C[C@H]2[C@@H]3CCC4=CC(=O)C=CC4(C)C3(F)C(O)CC21C","1","train"
"CSc1ccc(CC(=O)N2CCN(C(C)=O)C[C@@H]2CN2CC[C@H](O)C2)cc1","0","train"
"CSc1ccc2c(c1)N(CC[C@@H]1CCCCN1C)c1ccccc1S2","1","train"
"CSc1ccc2c(c1)N(CC[C@@H]1CCCNC1)c1ccccc1S2","1","train"
"CSc1ccc2c(c1)N(C[C@@H](C)CN(C)C)c1ccccc1S2","1","train"
"CSc1ccc2c(c1)[C@@H](N1CCN(C)CC1)Cc1ccccc1S2","1","train"
"C[C@@H](CC#N)N(C)CC(=O)N(C)c1ccc(Cl)cc1C(=O)c1ccccc1F","1","train"
"C[C@@H](CC(C)(C)O)O[C@H](O)C(Cl)(Cl)Cl","1","train"
"C[C@@H](CCN1CCN(c2ccc(F)cc2)CC1)NC(=O)c1cccnc1","1","train"
"C[C@@H](CCc1ccccc1)N[C@@H](C)[C@@H](O)c1ccc(O)cc1","0","train"
"C[C@@H](CN(C)C)CN1c2ccccc2CCc2ccccc21","1","train"
"C[C@@H](CN(C)C)CN1c2ccccc2S(=O)(=O)c2ccccc21","1","train"
"C[C@@H](CN(C)C)CN1c2ccccc2Sc2ccc(C#N)cc21","1","train"
"C[C@@H](CN(C)C)CN1c2ccccc2Sc2ccc(C(F)(F)F)cc21","1","train"
"C[C@@H](CN(C)C)CN1c2ccccc2Sc2ccccc21","1","train"
"C[C@@H](CN(C)C)OC(C)(c1ccccc1)c1ccc(Cl)cc1","0","train"
"C[C@@H](CN1CCN(CCOCCO)CC1)CN1c2ccccc2Sc2ccccc21","1","train"
"C[C@@H](CN1c2ccccc2Sc2ccccc21)N(C)C","1","train"
"C[C@@H](CNC(=O)c1ccccc1)C(=O)OCC(=O)C12OC(C)(C)O[C@H]1C[C@H]1[C@@H]3CCC4=CC(=O)C=CC4(C)C3(F)C(O)CC12C","1","train"
"C[C@@H](Cc1ccc(O)cc1)NC[C@@H](O)c1cc(O)cc(O)c1","0","train"
"C[C@@H](Cc1ccccc1)N(C)Cc1ccccc1","1","train"
"C[C@@H](Cc1ccccc1)NCCn1cnc2c1c(=O)n(C)c(=O)n2C","1","train"
"C[C@@H](Cc1ccccc1)N[C@H](C#N)c1ccccc1","1","train"
"C[C@@H](Cc1ccccc1)[N+](C)([O-])Cc1ccccc1","1","train"
"C[C@@H](c1noc2ccc(Cl)cc12)n1ccnc1","1","train"
"C[C@@H]1C[C@H](OC(=O)[C@@H]2CCC(=O)N2)CC(C)(C)C1","1","train"
"C[C@@H]1NC(=O)CO[C@H]1c1ccccc1","1","train"
"C[C@@H]1NC(=O)[C@@H](NC(=O)c2ncccc2O)[C@H](C)OC(=O)[C@H](c2ccccc2)NC(=O)[C@@H]2CC(=O)CCN2C(=O)[C@H](Cc2ccc(N(C)C)cc2)N(C)C(=O)[C@@H]2CCCN2C1=O","0","train"
"C[C@@H]1OC2(CCCC[C@@H]2Oc2cccc(Cl)c2)NC1=O","1","train"
"C[C@@H]1O[C@@H](O[C@H]2[C@@H](O)C[C@H](O[C@H]3[C@@H](O)C[C@@H](O[C@H]4CCC5(C)[C@@H](CC[C@H]6[C@@H]5CCC5(C)[C@H](C7=CC(=O)OC7)CCC65O)C4)O[C@H]3C)O[C@H]2C)C[C@H](O)[C@@H]1O","0","train"
"C[C@@H]1O[C@@H](O[C@H]2[C@@H](O)C[C@H](O[C@H]3[C@@H](O)C[C@@H](O[C@H]4CCC5(C)[C@@H](CC[C@H]6[C@@H]5C[C@H](O)C5(C)C(C7=CC(=O)OC7)CCC65O)C4)O[C@H]3C)O[C@H]2C)C[C@H](O)[C@@H]1O","0","train"
"C[C@@H]1O[C@H](O[C@@H]2C=C3CC[C@H]4[C@H](CCC5(C)C(c6ccc(=O)oc6)CCC45O)C3(C)CC2)[C@@H](O)[C@@H](O)[C@@H]1O","0","train"
"C[C@@H]1O[C@H](O[C@H]2CC(O)(C(=O)CO)Cc3c(O)c4c(c(O)c32)C(=O)c2ccccc2C4=O)C[C@H](N)[C@@H]1O","0","train"
"C[C@@H]1[C@@H]2Cc3ccc(O)cc3C1(C)CCN2CC1CC1","1","train"
"C[C@@H]1[C@@H]2Cc3ccc(O)cc3C1(C)CCN2CCc1ccccc1","1","train"
"C[C@@H]1[C@H]2C(=O)c3ccc(O)cc3C1(C)CCN2CC1CC1","1","train"
"C[C@@H]1c2cccc(O)c2C(=O)C2=C(O)C3(O)C(=O)C(C(N)=O)=C(O)[C@@H](N(C)C)[C@H]3[C@@H](O)[C@H]21","0","train"
"C[C@@H]1c2cccc(O)c2C(O)=C2C(=O)C3(O)C(=O)C(C(N)=O)=C(O)[C@@H](N(C)C)[C@H]3[C@@H](O)[C@H]21","0","train"
"C[C@@H]1c2ccccc2N(C(N)=O)c2ccccc2[C@H]1C","1","train"
"C[C@H](C(=O)O)c1cccc(C(=O)c2ccccc2)c1","1","train"
"C[C@H](CN1CCOCC1)C(C(=O)N1CCCC1)(c1ccccc1)c1ccccc1","1","train"
"C[C@H](F)OC(=O)c1ncn2c1CN(C)C(=O)c1cc(F)ccc1-2","1","train"
"C[C@H](NCCn1cnc2c1c(=O)n(C)c(=O)n2C)[C@@H](O)c1ccccc1","1","train"
"C[C@H](O)C1C(=O)N2C(C(=O)O)=C(COC(N)=O)S[C@@H]12","0","train"
"C[C@H](O)C1C(=O)N2C(C(=O)O)=C(F)S[C@@H]12","0","train"
"C[C@H](O)C1C(=O)N2C(C(=O)O)=C(SCC/N=C\N)C[C@@H]12","0","train"
"C[C@H](O)C1C(=O)N2C(C(=O)O)=C(S[C@H]3CC[S+]([O-])C3)S[C@@H]12","0","train"
"C[C@H](O)C1C(=O)N2C(C(=O)O)=C([C@@H]3CCCO3)S[C@@H]12","0","train"
"C[C@H](O)[C@H]1C(=O)N2C(C(=O)O)=C(S[C@@H]3CN[C@H](C(=O)N(C)C)C3)[C@@H](C)[C@H]12","0","train"
"C[C@H](Oc1ccccc1)C(=O)NC1C(=O)N2[C@H]1SC(C)(C)[C@@H]2C(=O)O","0","train"
"C[C@H]1/C=C/C=C/C=C/C=C/C=C/C=C/C=C/[C@@H](O[C@H]2O[C@@H](C)[C@@H](O)[C@H](N)[C@@H]2O)C[C@@H]2OC(O)(C[C@H](O)[C@@H](O)CC[C@H](O)C[C@H](O)C[C@H](O)CC(=O)O[C@@H](C)[C@@H](C)[C@H]1O)C[C@H](O)[C@@H]2C(=O)O","0","train"
"C[C@H]1CCCCC1(c1cccs1)N1CCCCC1","1","train"
"C[C@H]1CCCC[C@@H]1C","1","train"
"C[C@H]1CC[C@H](C)[C@@H](C)C1","1","train"
"C[C@H]1CN(C)C[C@@H]2Cc3c(ccc4ccccc34)OC12O","1","train"
"C[C@H]1CN2CC(=O)Nc3ccc(Cl)cc3C2(c2ccccc2)O1","1","train"
"C[C@H]1COC2(c3ccccc3Cl)c3cc(Cl)ccc3NC(=O)CN12","1","train"
"C[C@H]1C[C@@H]2[C@H]([C@@H](O)CC3(C)[C@H]2CCC3(O)C(=O)CO)C2(C)C=CC(=O)C=C12","1","train"
"C[C@H]1C[C@@H]2[C@H]([C@@H](O)CC3(C)[C@H]2CCC3(O)C(=O)COC(=O)CCC(=O)O)C2(C)C=CC(=O)C=C12","1","train"
"C[C@H]1C[C@H]2[C@@H]3CC(F)(F)C4=CC(=O)C=CC4(C)C3(F)[C@@H](O)CC2(C)C1(O)C(=O)CO","1","train"
"C[C@H]1C[C@H]2[C@@H]3CCC4=CC(=O)C=CC4(C)C3(Cl)[C@@H](Cl)CC2(C)C1(O)C(=O)CO","1","train"
"C[C@H]1C[C@H]2[C@@H]3CCC4=CC(=O)C=CC4(C)C3(Cl)[C@@H](O)CC2(C)C1(O)C(=O)CCl","1","train"
"C[C@H]1C[C@H]2[C@@H]3CCC4=CC(=O)C=CC4(C)C3(Cl)[C@@H](O)CC2(C)C1(O)C(=O)CO","1","train"
"C[C@H]1C[C@H]2[C@@H]3CCC4=CC(=O)C=CC4(C)C3(Cl)[C@@H](O)CC2(C)C1(OC(=O)c1ccco1)C(=O)CCl","1","train"
"C[C@H]1C[C@H]2[C@@H]3CCC4=CC(=O)C=CC4(C)C3(F)C(=O)CC2(C)C1(O)C(=O)CCl","1","train"
"C[C@H]1C[C@H]2[C@@H]3CCC4=CC(=O)C=CC4(C)C3(F)C(O)CC2(C)C1(C)C(=O)CO","1","train"
"C[C@H]1C[C@H]2[C@@H]3CCC4=CC(=O)C=CC4(C)C3(F)[C@@H](O)CC2(C)C1(O)C(=O)CCl","1","train"
"C[C@H]1C[C@H]2[C@@H]3CCC4=CC(=O)C=CC4(C)C3(F)[C@@H](O)CC2(C)C1(O)C(=O)CO","0","train"
"C[C@H]1C[C@H]2[C@@H]3CCC4=CC(=O)C=CC4(C)C3(F)[C@@H](O)CC2(C)C1(OC(=O)c1ccccc1)C(=O)CO","1","train"
"C[C@H]1C[C@H]2[C@@H]3CCC4=CC(=O)C=CC4(C)C3(F)[C@@H](O)CC2(C)C1C(=O)CO","1","train"
"C[C@H]1C[C@H]2[C@@H]3CCC4=CC(=O)C=CC4(C)[C@H]3C(=O)CC2(C)C1(O)C(=O)CO","1","train"
"C[C@H]1C[C@H]2[C@@H]3C[C@H](F)C4=CC(=O)C(Cl)=CC4(C)C3(F)[C@@H](O)CC2(C)C1(O)C(=O)CO","1","train"
"C[C@H]1C[C@H]2[C@@H]3C[C@H](F)C4=CC(=O)C=CC4(C)C3(Cl)C(O)CC2(C)C1C(=O)COC(=O)C(C)(C)C","1","train"
"C[C@H]1C[C@H]2[C@@H]3C[C@H](F)C4=CC(=O)C=CC4(C)C3(Cl)[C@@H](F)CC2(C)C1C(=O)CO","1","train"
"C[C@H]1C[C@H]2[C@@H]3C[C@H](F)C4=CC(=O)C=CC4(C)C3(Cl)[C@@H](F)CC2(C)[C@H]1C(=O)CO","1","train"
"C[C@H]1C[C@H]2[C@@H]3C[C@H](F)C4=CC(=O)C=CC4(C)C3(Cl)[C@@H](O)CC2(C)C1C(=O)CO","1","train"
"C[C@H]1C[C@H]2[C@@H]3C[C@H](F)C4=CC(=O)C=CC4(C)C3(F)C(O)CC2(C)C1C(=O)COC(=O)C(C)(C)C","1","train"
"C[C@H]1C[C@H]2[C@@H]3C[C@H](F)C4=CC(=O)C=CC4(C)C3(F)[C@@H](O)CC2(C)C1(O)C(=O)CCl","1","train"
"C[C@H]1C[C@H]2[C@@H]3C[C@H](F)C4=CC(=O)C=CC4(C)C3(F)[C@@H](O)CC2(C)C1(O)C(=O)CO","1","train"
"C[C@H]1C[C@H]2[C@@H]3C[C@H](F)C4=CC(=O)C=CC4(C)C3(F)[C@@H](O)CC2(C)C1(O)C(=O)COC(=O)C(C)(C)C","1","train"
"C[C@H]1C[C@H]2[C@@H]3C[C@H](F)C4=CC(=O)C=CC4(C)C3(F)[C@@H](O)CC2(C)C1(O)C(=O)SCF","1","train"
"C[C@H]1C[C@H]2[C@@H]3C[C@H](F)C4=CC(=O)C=CC4(C)C3(F)[C@@H](O)CC2(C)C1C(=O)CO","1","train"
"C[C@H]1C[C@H]2[C@@H]3C[C@H](F)C4=CC(=O)C=CC4(C)[C@H]3[C@@H](O)CC2(C)C1(O)C(=O)CO","1","train"
"C[C@H]1C[C@H]2[C@@H]3C[C@H](F)C4=CC(=O)C=CC4(C)[C@H]3[C@@H](O)CC2(C)C1C(=O)CO","1","train"
"C[C@H]1C[C@H]2[C@@H]3[C@@H](Cl)CC4=CC(=O)C=CC4(C)[C@H]3[C@@H](O)CC2(C)C1(O)C(=O)CO","1","train"
"C[C@H]1c2ccccc2[C@H](CCCN(C)C)c2cc(C(F)(F)F)ccc21","1","train"
"C[N+]1([O-])[C@H]2CC[C@H]1CC(OC(=O)[C@H](CO)c1ccccc1)C2","1","train"
"Cc1c(F)c(N2CCN[C@@H](C)C2)cc2c1c(=O)c(C(=O)O)cn2C1CC1","0","train"
"Cc1c(O)cccc1C(=O)N[C@H](CSc1ccccc1)[C@@H](O)CN1C[C@H]2CCCC[C@H]2C[C@H]1C(=O)NC(C)(C)C","0","train"
"Cc1cc(=O)c(C(=O)N[C@H](C(=O)N[C@H]2C(=O)N3C(C(=O)O)=C(CSc4nnnn4C)CS[C@@H]23)c2ccc(O)cc2)c[nH]1","0","train"
"Cc1cc(=O)n(-c2ccccc2)[nH]1","1","train"
"Cc1cc(C)cc(OC[C@@H]2CNC(=O)O2)c1","1","train"
"Cc1ccc2c(c1)C13CCCC[C@@H]1C(C2)N(C)CC3","1","train"
"Cc1ccc2c(c1)c1c3n2CCN[C@H]3CCC1","1","train"
"Cc1cccc(Cl)c1NC(=O)/C=C1/SCC(=O)N1C","1","train"
"Cc1cccc(N2C[C@@H](CO)OC2=O)c1","1","train"
"Cc1cccc(O[C@H]2CCNC[C@@H]2O)c1C","1","train"
"Cc1cccc2c1Oc1ccccc1C1(O)CCN(C)C[C@H]21","1","train"
"Cc1cccc2c1Oc1ccccc1C1(O)CCNC[C@H]21","1","train"
"Cc1cn([C@@H]2C[C@H](F)[C@H](CO)O2)c(=O)[nH]c1=O","1","train"
"Cc1cn([C@@H]2C[C@H](N=[N+]=[N-])[C@@H](CO)O2)c(=O)[nH]c1=O","1","train"
"Cc1cn[o+]c(C(N)CC(C)C(C)(C)N(C(C)(C)C)C(C)(N)N)c1O","1","train"
"Cc1cnn(-c2c(Cl)cccc2Cl)c1C(=O)NC1C(=O)N2[C@H]1SC(C)(C)[C@@H]2C(=O)O","0","train"
"Cc1nc(Nc2ccc(F)cc2)nc(N2CCc3ccccc3[C@@H]2C)c1C","1","train"
"Cc1nc2cc(CN[C@H]3CCCN[C@H]3c3ccccc3)c(OC(C)C)cc2s1","1","train"
"Cc1nc2n(c(=O)c1CCN1CCC(c3noc4cc(F)ccc34)CC1)CCC[C@@H]2O","1","train"
"Cc1nc2n(c(=O)c1CCN1CCC(c3noc4cc(F)ccc34)CC1)C[C@@H](O)CC2","1","train"
"Cc1ncc([N+](=O)[O-])n1C[C@H](O)CCl","1","train"
"Cc1ncc2n1-c1ccc(Cl)cc1C(c1ccccc1F)=N[C@H]2O","1","train"
"Cc1nccn1C[C@@H]1CCc2c(c3ccccc3n2C)C1=O","1","train"
"Cc1nccn1[C@@H](C)c1ccccc1","1","train"
"Cc1nnc(SCC2=C(C(=O)O)N3C(=O)C(NC(=O)Cn4cc(Cl)c(=O)c(Cl)c4)[C@@H]3SC2)s1","0","train"
"Cc1nnc(SCC2=C(C(=O)O)N3C(=O)C(NC(=O)Cn4cnnn4)[C@@H]3SC2)s1","0","train"
"Cc1nnc(SCC2=C(C(=O)O)N3C(=O)C(NC(=O)[C@@H](N)c4ccc(O)cc4)[C@@H]3SC2)s1","0","train"
"Cc1nnc(SCC2=C(C(=O)O)N3C(=O)C(NC(=O)[C@@H](O)c4ccccc4)[C@@H]3SC2)s1","0","train"
"Cc1nnc2n1-c1ccc(Cl)cc1C(c1ccccc1)=N[C@H]2O","0","train"
"Cc1oc(=O)oc1COC(=O)[C@@H]1N2C(=O)C(NC(=O)[C@@H](N)c3ccccc3)[C@@H]2SC1(C)C","0","train"
"Cc1oc(C(C)(C)N(C(C)(C)N)C(C)(C)N)c(C)c1C","1","train"
"Cl/C(=C/n1cncn1)c1ccc(Cl)cc1Cl","1","train"
"Clc1ccc(C2C3CCC(C3)C23CCC(N2CCOCC2)=N3)cc1","1","train"
"Clc1ccc(CO[C@H](Cn2ccnc2)c2ccc(Cl)cc2Cl)c(Cl)c1","1","train"
"Clc1ccc(CO[C@H](Cn2ccnc2)c2ccc(Cl)cc2Cl)cc1","0","train"
"Clc1ccc([C@@H](OCCN2CCOCC2)c2ccccc2)cc1","1","train"
"Clc1cccc(Cl)c1N[C@H]1N=CCN1","1","train"
"Cn1c(=O)c2c(ncn2CCNC[C@@H](O)c2ccc(O)c(O)c2)n(C)c1=O","0","train"
"Cn1nnnc1SCC1=C(C(=O)O)N2C(=O)C(NC(=O)CS/C=C/C#N)[C@@H]2SC1","0","train"
"Cn1nnnc1SCC1=C(C(=O)O)N2C(=O)C(NC(=O)CS/C=C\C#N)[C@@H]2SC1","0","train"
"Cn1nnnc1SCC1=C(C(=O)O)N2C(=O)C(NC(=O)CSC(F)(F)F)[C@@H]2SC1","0","train"
"Cn1nnnc1SCC1=C(C(=O)O)N2C(=O)C(NC(=O)[C@@H](O)c3ccccc3)[C@@H]2SC1","0","train"
"FC(F)(F)[C@@H](Cl)Br","1","train"
"FC(F)(F)c1cccc(N2CCN(CCc3nnc4n3C[C@H]3CCC[C@H]43)CC2)c1","1","train"
"FC(F)OC(F)(F)[C@@H](F)Cl","1","train"
"FC(F)O[C@@H](Cl)C(F)(F)F","1","train"
"FC(F)Oc1ccc(OC(F)(F)F)cc1CN[C@H]1CCCN[C@H]1c1ccccc1","1","train"
"Fc1ccc([C@H]2CCNC[C@H]2COc2ccc3c(c2)OCO3)cc1","1","train"
"N#CC(=C/c1ccc(O)cc1)/C(C#N)=C\c1ccc(O)cc1","0","train"
"N#CCN[C@H]1CCc2ccccc21","1","train"
"NC(=O)CN1C[C@@H](O)CC1=O","1","train"
"NC(=O)OCC1C(NC(=O)/C(=N/OCC(=O)O)c2csc(N)n2)C(=O)N1S(=O)(=O)O","0","train"
"NC(=O)OCC1C(NC(=O)/C(=N\OCC(=O)O)c2csc(N)n2)C(=O)N1S(=O)(=O)O","0","train"
"NC(=O)[C@@H]1CCCCO1","1","train"
"NC(=O)c1ccc(F)c2c1C[C@H](N(C1CCC1)C1CCC1)CO2","1","train"
"NC(=O)c1ncn([C@H]2O[C@@H](CO)[C@@H](O)[C@@H]2O)n1","1","train"
"NC(N)=NC[C@H]1COC2(CCCCC2)O1","0","train"
"NC1[C@@H]2CN(c3nc4c(cc3F)c(=O)c(C(=O)O)cn4-c3ccc(F)cc3F)C[C@@H]12","1","train"
"NCC[C@H](Oc1ccc(C(F)(F)F)cc1)c1ccccc1","1","train"
"NC[C@@H]1O[C@@H](O[C@@H]2C(CO)O[C@@H](O[C@H]3[C@@H](O)[C@@H](N)C[C@H](N)[C@@H]3O[C@@H]3O[C@@H](CN)[C@@H](O)[C@@H](O)[C@@H]3N)[C@H]2O)[C@@H](N)[C@H](O)[C@@H]1O","0","train"
"NCc1ccccc1CC(=O)NC1C(=O)N2C(C(=O)O)=C(CSc3nnnn3CC(=O)O)CS[C@@H]12","0","train"
"NCc1ccccc1Sc1ccccc1CO","1","train"
"NS(=O)(=O)c1cc2c(cc1Cl)N[C@H](C(Cl)Cl)NS2(=O)=O","0","train"
"N[C@@H](Cc1c[nH]c2ccc(O)cc12)C(=O)O","1","train"
"N[C@H](C(=O)NC1C(=O)N2C(C(=O)O)=C(Cl)CC[C@@H]12)c1ccccc1","0","train"
"N[C@H]1CONC1=O","1","train"
"N[C@H]1C[C@H]1c1ccccc1","1","train"
"Nc1c2c(nc3ccccc13)CCC[C@@H]2O","1","train"
"Nc1cc(OCC2CC2)c(C(=O)N[C@@H]2CN3CCC2CC3)cc1Cl","1","train"
"Nc1nc(/C(=C/CC(=O)O)C(=O)NC2C(=O)N3C(C(=O)O)=CCS[C@@H]23)cs1","0","train"
"Nc1nc(/C(=C\CC(=O)O)C(=O)NC2C(=O)N3C(C(=O)O)=CCS[C@@H]23)cs1","0","train"
"Nc1nc(Cl)nc2c1ncn2[C@@H]1C[C@H](O)[C@H](CO)O1","1","train"
"Nc1nc2c(c(=O)[nH]1)N(C=O)[C@@H](CNc1ccc(C(=O)N[C@@H](CCC(=O)O)C(=O)O)cc1)CN2","1","train"
"Nc1nc2c(ncn2CC[C@H](O)CO)c(=O)[nH]1","1","train"
"Nc1ncnc2c1ncn2[C@H]1O[C@@H](CO)[C@@H](O)[C@@H]1O","1","train"
"O=C(CCCN1CCN2CCC[C@H]2C1)c1ccc(F)cc1","1","train"
"O=C(CCCN1CCN2Cc3[nH]c4ccccc4c3C[C@H]2C1)c1ccc(F)cc1","1","train"
"O=C(CN1CCC23CCCC[C@@H]2C1Cc1ccc(O)cc13)c1ccccc1","1","train"
"O=C(CN1CC[C@H](c2ccc(F)cc2)[C@H](COc2ccc3c(c2)OCO3)C1)c1ccc(F)cc1","1","train"
"O=C(C[C@H]1c2ccccc2C(=O)N1c1ccc2ccc(Cl)nc2n1)N1CCC2(CC1)OCCO2","1","train"
"O=C(Cc1ccc(Cl)c(Cl)c1)N1CCN(CCO)C[C@@H]1CN1CC[C@H](O)C1","0","train"
"O=C(Cc1ccc(Cl)c(Cl)c1)N1CCc2ccsc2[C@@H]1CN1CCCC1","1","train"
"O=C(Cc1ccc(Cl)c(Cl)c1)N1CCc2occc2[C@H]1CN1CCC(O)C1","1","train"
"O=C(Cc1ccc(Cl)c(Cl)c1)N1CCn2ncnc2[C@@H]1CN1CCCC1","1","train"
"O=C(Cc1cccs1)NC1C(=O)N2C(C(=O)O)=C(CSc3ncn[nH]3)CS[C@@H]12","0","train"
"O=C(Cn1cnnn1)NC1C(=O)N2C(C(=O)O)=C(CSc3nncs3)CS[C@@H]12","0","train"
"O=C(O)C1=C(CSc2nnnn2CS(=O)(=O)O)CS[C@H]2C(NC(=O)[C@@H](O)c3ccccc3)C(=O)N12","0","train"
"O=C(O)COCCN1CCN([C@@H](c2ccccc2)c2ccc(Cl)cc2)CC1","0","train"
"O=C(O)c1cc(=O)c2cc(OC[C@H](O)COc3cccc4oc(C(=O)O)cc(=O)c34)ccc2o1","0","train"
"O=C(Oc1ccccc1)c1ccccc1O","1","train"
"O=C1CC2c3cc(Cl)ccc3OC3(CCNC[C@H]23)N1","1","train"
"O=C1CCC2(O)C3Cc4ccc(O)c5c4C2(CCN3CC2CC2)C1O5","1","train"
"O=C1CC[C@@H](C(=O)N2CCCCC2)N1","1","train"
"O=C1CC[C@@H](C(=O)N[C@H]2C[C@H]2c2ccccc2)N1","1","train"
"O=C1CC[C@@H]2C3Cc4cccc(O)c4C2(CCN3CC2CC2)C1","1","train"
"O=C1CC[C@H](N2C(=O)[C@H]3C4CCC(C4)[C@@H]3C2=O)C(=O)N1","1","train"
"O=C1CC[C@H](N2C(=O)c3ccccc3C2=O)C(=O)N1","1","train"
"O=C1CN(C(=O)CN2C[C@H](c3ccc(Cl)cc3)CC2=O)CCN1","1","train"
"O=C1CN2C(=O)CC[C@H]2N1","1","train"
"O=C1C[C@@H](c2cccc(Br)c2)C(=O)N1","1","train"
"O=C1C[C@@H]2S[C@H](C3(O)CN4C(=O)C[C@@H]4S3)CN12","1","train"
"O=C1NC(=NC2CC2)O[C@H]1c1ccccc1","1","train"
"O=C1NC(=O)C2(CCN(C(=O)Cc3ccc(Cl)c(Cl)c3)[C@H](CN3CCCC3)C2)N1","0","train"
"O=C1NC(=O)C2(c3ccc(Cl)cc3)C[C@H]12","1","train"
"O=C1NC(c2ccccc2)(c2ccccc2)C(=O)N1CP(=O)(O)O","1","train"
"O=C1NCCN[C@@H]1c1cccs1","1","train"
"O=C1NCN(c2ccccc2)C12CCN(C[C@H]1COc3ccccc3O1)CC2","1","train"
"O=C1Nc2ccc(Cl)cc2C(C#CC2CC2)(C(F)(F)F)O1","0","train"
"O=C1Nc2ccc(Cl)nc2C(c2ccccc2Cl)=N[C@H]1O","1","train"
"O=C1OCC[C@H]1C1(O)CCN(CCCN2c3ccccc3Sc3ccc(Cl)cc32)CC1","1","train"
"O=C1O[C@@H]([C@@H](O)CO)C(O)=C1O","1","train"
"O=C1[C@H]2C3CCC(C3)[C@@H]2C(=O)N1CCCCN1CCN(c2ncccn2)CC1","1","train"
"O=C1[C@H]2CCCC[C@@H]2C(=O)N1CCCCN1CCN(c2nsc3ccccc23)CC1","1","train"
"O=[N+]([O-])C1=CC=N[C@@H]1NCCSCc1ccccn1","1","train"
"O=[N+]([O-])C1=CC=N[C@@H]1NCCSCc1ncccc1Br","1","train"
"O=[N+]([O-])c1nccn1C[C@H](O)CF","1","train"
"O=[N+]([O-])c1nccn1C[C@H](O)COCF","1","train"
"O=c1[nH]c(=O)n([C@@H]2C[C@H](O)[C@H](CO)O2)cc1F","0","train"
"O=c1[nH]c2cc(Cl)ccc2n1C1CCN(C[C@H]2COc3ccccc3O2)CC1","1","train"
"O=c1[nH]c2ccccc2c(=O)n1CCN1C[C@H]2CC(c3ccc(F)cc3)[C@@H]2C1","1","train"
"O=c1[nH]cnc2c1ncn2[C@@H]1CC[C@@H](CO)O1","0","train"
"O=c1c(Br)ccc2n1C[C@@H]1CNC[C@@H]2C1","1","train"
"O=c1c(O[C@@H]2O[C@@H](CO)[C@@H](O)[C@H](O)[C@@H]2O)c(-c2ccc(O)c(O)c2)oc2cc(O)cc(O)c12","0","train"
"O=c1cccc2n1C[C@@H]1CNC[C@@H]2C1","0","train"
"O=c1ccn([C@H]2O[C@@H](CO)[C@@H](O)[C@@H]2O)c(=O)[nH]1","1","train"
"OC(c1ccccc1)(c1ccccc1)C1C[C@@H]1c1ccncc1","1","train"
"OC(c1ccccc1)(c1ccccc1)[C@@H]1CCCCN1","1","train"
"OC1(c2ccccc2Cl)C2=NCCCN2c2ccccc21","1","train"
"OCC(Br)(Br)Br","1","train"
"OCCC1CCN(CC/C=C2/c3ccc(F)cc3Sc3ccc(C(F)(F)F)cc32)CC1","1","train"
"OCCN1CCN(C2CC(c3ccc(F)cc3)c3ccc(C(F)(F)F)cc32)CC1","1","train"
"OCCOCCOCCN1CCN([C@@H](c2ccccc2)c2ccc(Cl)cc2)CC1","1","train"
"OC[C@@H]1O[C@H](n2cnc3c2NC=NC[C@@H]3O)C[C@@H]1O","1","train"
"ON1C=C(NCC2CC2)N=c2ccc(Cl)cc2=C1c1ccccc1","1","train"
"O[C@@H](CCCN1CCc2c(c3cc(F)ccc3n2-c2ccc(F)cc2)C1)c1ccc(F)cc1","1","train"
"O[C@@H](CN1CCCCC1)c1cc(-c2ccccc2)on1","1","train"
"O[C@@H](OCC(CO[C@H](O)C(Cl)(Cl)Cl)(CO[C@H](O)C(Cl)(Cl)Cl)CO[C@H](O)C(Cl)(Cl)Cl)C(Cl)(Cl)Cl","1","train"
"O[C@@H](c1cc(C(F)(F)F)nc2c(C(F)(F)F)cccc12)[C@@H]1CCCCN1","1","train"
"O[C@H](Cn1ccnc1)c1ccc(CCc2ccccc2)cc1","1","train"
"Oc1ccc2c(c1)C13CCCCC1(O)C(C2)N(CC1CC1)CC3","1","train"
"Oc1ccc2c(c1)C13CCCCC1(O)C(C2)N(CC1CCC1)CC3","1","train"
"Oc1ccc2c(c1)C13CCCC[C@@H]1C(C2)N(CCc1ccccc1)CC3","1","train"
"Oc1ccc2c(c1)C13CCCC[C@@H]1C(C2)NCC3","1","train"
"Oc1ccc2c(c1)C13CCN(CC4CC4)C(C2)[C@H]1CCOC3","1","train"
"Oc1ccc2c3c1O[C@@H]1[C@@H](O)C=C[C@@H]4C(C2)NCCC341","1","train"
"Oc1ccc2c3c1O[C@@H]1[C@@H](O)CCC4(O)C(C2)N(CC2CCC2)CCC314","1","train"
"S=C1NCC[C@@H](COc2ccccc2)O1","1","train"
"c1ccc(C[C@@H]2NCCc3c2[nH]c2ccccc32)cc1","1","train"
"c1ccc2c(c1)CCc1cccc3c1[C@H]2CN1CCCC[C@@H]31","1","train"
"c1csc(Cc2ccccc2OC[C@@H]2CNCCO2)c1","1","train"
"CC(=O)c1c(C)nn(CCC(=O)N2CCC[C@H]2c2n[nH]c(C)n2)c1C","0","train"
"CC(=O)c1c2c(c3oc(=O)cc(C)c3c1O)[C@@H](c1cc(F)c(F)c(F)c1)CC(=O)O2","0","train"
"CC(=O)c1ccc2c(c1O)[C@@H](c1ccc(F)c(Cl)c1)CC(=O)O2","0","train"
"CC(=O)c1ccc2c(c1O)[C@@H](c1cnn(C)c1)CC(=O)O2","1","train"
"CC(C)(C)OC(=O)N[C@@]1(CN)[C@H](c2ccccc2)[C@@H]1S(=O)(=O)c1ccc(Cl)cc1","1","train"
"CC(C)(C)OC(=O)N[C@]1(C=O)[C@@H](S(C)(=O)=O)[C@@H]1c1ccc2c(c1)OCO2","1","train"
"CC(C)C1CCC(C(=O)N[C@@H](Cc2ccccc2)C(=O)N2CCCC[C@H]2c2cccnc2)CC1","0","train"
"CC(O)C1([SiH3])CCCCO1","0","train"
"CC1Cc2ccccc2N(C(=O)c2ccnc(F)c2F)C1","0","train"
"CCN(CCCNS(=O)(=O)N1C[C@H](C)O[C@@H](C)C1)c1ccccc1","0","train"
"CCOC(=O)C1(C(=O)OCC)[C@H](c2ccc(OC)cc2)[C@H]1S(=O)(=O)c1ccccc1","0","train"
"CCOC(=O)[C@@]1(C#N)[C@H](c2ccc(OC)cc2)[C@@H]1S(=O)(=O)c1ccc(Cl)cc1","1","train"
"CCOC(=O)[C@@]1(CN)[C@@H](S(=O)(=O)CC)[C@@H]1c1ccc(OC)cc1","1","train"
"CCOC(=O)[C@]1(CN)[C@H](c2ccc(OC)cc2)[C@@H]1S(=O)(=O)CC","1","train"
"CCOC(=O)[C@]1(N)[C@@H](S(=O)(=O)CC)[C@@H]1c1ccc2c(c1)OCO2","1","train"
"CCOC(=O)[C@]1(N)[C@@H](S(C)(=O)=O)[C@@H]1c1ccc2c(c1)OCO2","0","train"
"CCOC(=O)c1c[nH]c(=O)c2c1OC(=O)C[C@@H]2c1ccc2c(c1)n(C)c(=O)n2C","0","train"
"CCOC[C@@]1(C(N)=S)[C@@H](S(C)(=O)=O)[C@@H]1c1ccc(OC)cc1","0","train"
"CCOC[C@@]1(C(N)=S)[C@H](c2ccc(CC)cc2)[C@@H]1S(=O)(=O)c1ccc(Cl)cc1","1","train"
"CCOC[C@@]1(C(N)=S)[C@H](c2ccc(OC)cc2)[C@@H]1S(=O)(=O)CC","0","train"
"CCOC[C@@]1(CN)[C@H](c2ccc(OC)cc2)[C@@H]1S(C)(=O)=O","1","train"
"CCOC[C@]1(CN)[C@@H](S(C)(=O)=O)[C@@H]1c1ccc2c(c1)OCO2","0","train"
"CCOC[C@]1(CN)[C@H](c2ccc3c(c2)OCO3)[C@@H]1S(C)(=O)=O","1","train"
"CCOC[C@]1(N)[C@@H](S(=O)(=O)c2ccc(C)cc2)[C@@H]1c1ccc2c(c1)OCO2","0","train"
"CCOc1ccc(CCCNC(=O)[C@H](C)Sc2ccc(C)cc2)cc1","1","train"
"CCOc1ccc(N([C@@H](CC)C(=O)Nc2c(C)cccc2CC)S(C)(=O)=O)cc1","1","train"
"CCS(=O)(=O)[C@@H]1[C@@H](C#N)[C@@H]1c1ccc2c(c1)OCO2","1","train"
"CCS(=O)(=O)[C@@H]1[C@@H](CN)[C@@H]1c1ccc2c(c1)OCO2","0","train"
"CCS(=O)(=O)[C@H]1[C@@H](C#N)[C@@H]1c1ccccc1","1","train"
"CCS(=O)(=O)[C@H]1[C@@H](C(N)=S)[C@@H]1c1ccc(OC)cc1","1","train"
"CCS(=O)(=O)[C@H]1[C@@H](c2ccc3c(c2)OCO3)[C@@]1(COC)C(=O)O","1","train"
"CCS(=O)(=O)[C@H]1[C@H](CO)[C@@H]1c1ccc(Cl)cc1","1","train"
"CCS(=O)(=O)[C@H]1[C@H](c2ccc3c(c2)OCO3)C1(C#N)C#N","1","train"
"CCS(=O)(=O)[C@H]1[C@H](c2ccc3c(c2)OCO3)[C@]1(C#N)COC","1","train"
"CCS(=O)(=O)[C@H]1[C@H](c2ccccc2)[C@]1(C#N)COC","1","train"
"CC[C@@H](C)[C@@H](CO)NC(=O)CCc1nnc(-c2ccccc2)o1","1","train"
"CC[C@@H](C)[C@@H](CO)NC(=O)c1cn[nH]c1-c1ccc2c(c1)OCCO2","1","train"
"CC[C@H](NC(=O)CCSc1ccccc1)c1ccc(C)c(C)c1","1","train"
"CC[C@H](NC(=O)CSCc1ccc(OC)cc1)c1ccc(C)c(C)c1","0","train"
"CC[C@H](NC(=O)[C@@H](C)SCc1ccccc1)c1ccc(OC)c(OC)c1","1","train"
"CC[C@H](NC(=O)[C@@H](C)SCc1ccccc1)c1ccc(S(C)(=O)=O)cc1","1","train"
"CC[C@H](NC(=O)[C@@H](C)Sc1ccccc1)c1ccc(C)cc1C","1","train"
"CC[C@H](NC(=O)[C@H](C)Sc1ccc(C)cc1)c1ccc(S(C)(=O)=O)cc1","0","train"
"CCc1c(C)nn(CC(=O)NC[C@H]2CCCN(c3ccccn3)C2)c1C","1","train"
"CCc1nccn1CC(=O)N1CCCC[C@@H]1CCn1cccn1","1","train"
"CN(C)S(=O)(=O)c1ccc2c(c1)CCN2C(=O)CSCc1ccc([N+](=O)[O-])cc1","1","train"
"CN(CCC[C@H]1CCCO1)C(=O)Cc1cccnc1","1","train"
"CN(Cc1nc(-c2cccs2)no1)C(=O)CSCc1ccc([N+](=O)[O-])cc1","0","train"
"CN1CCC(NC(=O)c2ccc([C@H]3SCC(=O)N3Cc3ccccc3)cc2)CC1","0","train"
"CN1CCC(Oc2ccc(N=[N+]=[N-])c(F)c2)CC1","0","train"
"CNc1nc(Oc2cccc(Cl)c2F)c(Cl)cc1Cl","1","train"
"COC(=O)COc1ccc([C@H](CC(=O)OC)c2c3[nH]snc-3ccc2=O)cc1OC","0","train"
"COC(=O)C[C@@H](C1=C(O)C(=O)C([C@@H](CC(=O)OC)c2ccsc2)=C(O)C1=O)c1ccsc1","0","train"
"COC(=O)C[C@@H](c1cc(OC)c2c(c1)OCCO2)c1c(O)c(C(=O)OC)c[nH]c1=O","1","train"
"COC(=O)C[C@@H](c1ccc(O)cc1)c1c(O)c(C(=O)OC)c[nH]c1=O","1","train"
"COC(=O)C[C@@H](c1ccc2c(c1)OCO2)c1cc2c(cc1O)OCO2","1","train"
"COC(=O)C[C@@H](c1cccc(Br)c1)c1oc(CN2C[C@@H]3C[C@H](C2)c2cccc(=O)n2C3)cc(=O)c1O","1","train"
"COC(=O)C[C@@H](c1cccc(OC)c1OCCc1ccc(OC)cc1)c1c(O)c2ccccc2oc1=O","1","train"
"COC(=O)C[C@@H](c1ccccc1)c1c(O)c(C(=O)OC)c[nH]c1=O","0","train"
"COC(=O)C[C@H](CC(C)C)c1c(O)c(C(=O)OC)c[nH]c1=O","1","train"
"COC(=O)C[C@H](c1c(O)cc(C)n(CCc2ccc(O)cc2)c1=O)c1ccnc2ccccc12","0","train"
"COC(=O)C[C@H](c1cc(Cl)c2c(c1)OCO2)c1c(O)c(C(=O)OC)c[nH]c1=O","0","train"
"COC(=O)C[C@H](c1cc(OC)c(OC)cc1OC)c1c(O)cc(C)oc1=O","1","train"
"COC(=O)C[C@H](c1ccc(C(C)C)cc1)c1oc(CN2C[C@@H]3C[C@H](C2)c2cccc(=O)n2C3)cc(=O)c1O","0","train"
"COC(=O)C[C@H](c1ccc2c(c1)OCO2)c1cc2c(cc1O)OCO2","0","train"
"COC(=O)C[C@H](c1cccc(Br)c1)c1oc(CN2C[C@@H]3C[C@H](C2)c2cccc(=O)n2C3)cc(=O)c1O","1","train"
"COC(=O)C[C@H](c1ccccc1)c1c(O)cc(C)oc1=O","1","train"
"COC(=O)C[C@H](c1cccnc1)c1c(O)c(C(=O)OC)c[nH]c1=O","1","train"
"COC(=O)C[C@H](c1cnn(C)c1)c1oc(CN2CCCCC2)cc(=O)c1O","0","train"
"COC(=O)C[C@H](c1coc2ccccc2c1=O)c1c(O)cc(C)n(CCc2ccc(O)cc2)c1=O","1","train"
"COCCc1noc([C@H](C)NC(=O)c2ccncc2O)n1","1","train"
"COC[C@@]1(C(=O)O)[C@H](c2ccc3c(c2)OCO3)[C@@H]1S(C)(=O)=O","1","train"
"COC[C@@]1(C(N)=S)[C@@H](S(C)(=O)=O)[C@@H]1c1ccc2c(c1)OCO2","1","train"
"COC[C@@]1(CN)[C@H](c2ccc(OC)cc2)[C@@H]1S(C)(=O)=O","0","train"
"COC[C@@]1(N)[C@H](c2ccc(OC)cc2)[C@@H]1S(=O)(=O)c1ccc(Cl)cc1","1","train"
"COC[C@@]1(N)[C@H](c2ccccc2)[C@@H]1S(=O)(=O)c1ccc(C)cc1","0","train"
"COC[C@]1(C#N)[C@H](c2ccccc2)[C@@H]1S(=O)(=O)c1ccc(Cl)cc1","0","train"
"COC[C@]1(C(=O)O)[C@@H](S(C)(=O)=O)[C@@H]1c1ccc(OC)cc1","1","train"
"COC[C@]1(C(=O)O)[C@H](c2ccc(OC)cc2)[C@@H]1S(=O)(=O)c1ccc(Cl)cc1","0","train"
"COc1cc(/C=C2/SC(=O)N(CC(=O)Nc3ccc(F)cc3F)C2=O)ccc1Oc1ccc([N+](=O)[O-])cc1[N+](=O)[O-]","1","train"
"COc1cc(C(=O)NCCCN2CCCc3ccccc32)cc(OC)c1OC","1","train"
"COc1cc(C(=O)N[C@@H]2CC(C)(C)Oc3cc(C)ccc32)cc(OC)c1OC","1","train"
"COc1cc(CNC(=O)[C@@H](C)Sc2ccc(C)cc2)ccc1OC(C)C","0","train"
"COc1cc(OC)c(OC)cc1/C=C1/Oc2c(ccc3c2[C@@H](c2cc(OC)c(OC(C)=O)c(OC)c2)CC(=O)O3)C1=O","1","train"
"COc1cc(OC)c(OC)cc1/C=C1/Oc2c(ccc3c2[C@H](c2cc(OC)c(OC)c(OC)c2)CC(=O)O3)C1=O","0","train"
"COc1cc2c(c(OC)c1OC)[C@@H](c1cccc3ccccc13)CC(=O)O2","1","train"
"COc1ccc(-c2noc(CN(C)C(=O)[C@H](C)SCc3ccccc3)n2)c(OC)c1","1","train"
"COc1ccc(-c2noc(CNC(=O)CSCc3cccc(Cl)c3)n2)cc1","0","train"
"COc1ccc(-c2noc(CNC(=O)CSCc3ccccc3C)n2)c(OC)c1","0","train"
"COc1ccc(CN(C)C(=O)c2ccc(CN3CCc4ccccc4C3)cc2)cc1","0","train"
"COc1ccc(CSCC(=O)N[C@H]2CC(C)(C)Oc3cc(OC)ccc32)cc1","0","train"
"COc1ccc([C@@H](NC(=O)c2cc3ncccn3n2)C2CC(O)C2)cn1","0","train"
"COc1ccc([C@@H]2CC(=O)Oc3c(C(C)=O)c(O)c4c(C)cc(=O)oc4c32)cc1OCC(N)=O","0","train"
"COc1ccc([C@@H]2CC(=O)Oc3ccc4c(c32)O/C(=C/c2cc(OC)c(OC)cc2OC)C4=O)cc1","0","train"
"COc1ccc([C@@H]2[C@@H](S(=O)(=O)c3ccc(Cl)cc3)C2(CN)CN)cc1","1","train"
"COc1ccc([C@@H]2[C@@H](S(=O)(=O)c3ccccc3)[C@@]2(CO)C(=O)O)cc1","0","train"
"COc1ccc([C@@H]2[C@@H](S(=O)(=O)c3ccccc3)[C@@]2(N)CN)cc1","0","train"
"COc1ccc([C@@H]2[C@H](S(=O)(=O)c3ccc(C)cc3)[C@@]2(C#N)C(=O)O)cc1","0","train"
"COc1ccc([C@@H]2[C@H](S(=O)(=O)c3ccc(Cl)cc3)C2(CO)CO)cc1","0","train"
"COc1ccc([C@@H]2[C@H](S(C)(=O)=O)[C@@]2(N)C#N)cc1","0","train"
"COc1ccc([C@H]2CC(=O)Oc3cc(C)oc(=O)c32)cc1","1","train"
"COc1ccc([C@H]2[C@@H](C#N)[C@@H]2S(=O)(=O)c2ccc(Cl)cc2)cc1","0","train"
"COc1ccc([C@H]2[C@@H](S(C)(=O)=O)[C@@]2(CN)CO)cc1","0","train"
"COc1ccc([C@H]2[C@@H](S(C)(=O)=O)[C@@]2(CO)C(=O)O)cc1","1","train"
"COc1ccc([C@H]2[C@@H](S(C)(=O)=O)[C@]2(C#N)CO)cc1","0","train"
"COc1ccc([C@H]2[C@H](C#N)[C@@H]2S(=O)(=O)c2ccc(C)cc2)cc1","1","train"
"COc1ccc([C@H]2[C@H](CO)[C@@H]2S(=O)(=O)c2ccc(Cl)cc2)cc1","0","train"
"COc1ccc([C@H]2[C@H](N)[C@@H]2S(C)(=O)=O)cc1","1","train"
"COc1ccc([C@H]2[C@H](S(C)(=O)=O)[C@@]2(C#N)C(=O)O)cc1","1","train"
"COc1ccc2[nH]c(=O)c([C@H]3CC(=O)Oc4ccc5c(c43)O/C(=C\c3cccc(OC)c3OC)C5=O)cc2c1","1","train"
"COc1ccc2c(c1)CCC[C@@]2(O)CNC(=O)C(=O)Nc1cccc(Cl)c1C","0","train"
"COc1ccc2c(c1)CCC[C@]2(O)CNC(=O)C(=O)NCc1ccc2c(c1)OCO2","0","train"
"COc1ccc2c(c1OC)C(=O)O[C@H]2Nc1ccc2c(c1)COC2=O","1","train"
"COc1ccc2cc([C@@H]3CC(=O)Oc4cc(C)oc(=O)c43)c(=O)[nH]c2c1","1","train"
"COc1cccc([C@H]2CC(=O)Oc3cc(C)oc(=O)c32)c1OCCc1ccccc1","0","train"
"COc1ccccc1CCCNC(=O)CCSc1ccccc1","1","train"
"CS(=O)(=O)[C@@H]1[C@@H](c2ccc3c(c2)OCO3)[C@]1(C#N)C=O","1","train"
"CS(=O)(=O)[C@@H]1[C@H](C(N)=S)[C@@H]1c1ccccc1","1","train"
"CS(=O)(=O)[C@@H]1[C@H](c2ccc3c(c2)OCO3)C1(CN)CN","1","train"
"CS(=O)(=O)[C@@H]1[C@H](c2ccc3c(c2)OCO3)[C@@]1(N)CO","0","train"
"CS(=O)(=O)[C@H]1[C@@H](C#N)[C@@H]1c1ccccc1","1","train"
"CS(=O)(=O)[C@H]1[C@@H](c2ccc3c(c2)OCO3)C1(C#N)C#N","1","train"
"CS(=O)(=O)[C@H]1[C@H](c2ccc3c(c2)OCO3)[C@@]1(CN)CO","1","train"
"CS(=O)(=O)[C@H]1[C@H](c2ccccc2)[C@@]1(N)CO","0","train"
"CSCC[C@@H](CO)NC(=O)C1CCN(c2ncccn2)CC1","0","train"
"C[C@](O)(CNC(=O)C(=O)Nc1cccc(C(F)(F)F)c1)c1cc2ccccc2o1","1","train"
"Cc1cc(C(=O)NCCCN2CCCc3ccccc32)ccc1[N+](=O)[O-]","0","train"
"Cc1cc(C)n(CCNC(=O)[C@H]2Cc3cc(Cl)ccc3N2)c(=O)n1","0","train"
"Cc1cc2c(c(=O)o1)[C@@H](c1ccc3c(c1)OCO3)CC(=O)O2","0","train"
"Cc1ccc(-n2cccc2[C@H]2[C@H](c3ccccn3)NC(=S)N2CCN(C)C)cc1","0","train"
"Cc1ccc(C)c([C@H](C)NC(=O)[C@H](C)SCc2ccccc2)c1","0","train"
"Cc1ccc(OCCNC(=O)CCSc2ccccc2)cc1","0","train"
"Cc1ccc(OCCNC(=O)[C@@H](C)SCc2ccccc2)cc1","1","train"
"Cc1ccc(OC[C@@H](C)NC(=O)/C(=C/c2ccco2)c2ccccc2)cc1","0","train"
"Cc1ccc(OC[C@@H](C)NC(=O)c2cc([N+](=O)[O-])ccc2Cl)cc1","1","train"
"Cc1ccc(S(=O)(=O)[C@@H]2[C@@H](c3ccccc3)C2(CN)CN)cc1","1","train"
"Cc1ccc(S(=O)(=O)[C@H]2[C@H](C(N)=S)[C@@H]2c2ccccc2)cc1","1","train"
"Cc1ccc(S(=O)(=O)[C@H]2[C@H](C=O)[C@@H]2c2ccccc2)cc1","0","train"
"Cc1ccc(S(=O)(=O)[C@H]2[C@H](CN)[C@@H]2c2ccccc2)cc1","1","train"
"Cc1ccc(S[C@@H](C)C(=O)N[C@@H]2CC(C)(C)Oc3ccc(C)cc32)cc1","1","train"
"Cc1ccc(S[C@H](C)C(=O)NCCCc2ccc(OC(C)C)cc2)cc1","1","train"
"Cc1ccc([C@@H](C)NC(=O)CCSc2ccccc2)cc1C","0","train"
"Cc1ccc([C@H](C)NC(=O)CCSc2ccccc2)cc1C","1","train"
"Cc1ccc([C@H](C)NC(=O)Cc2ccsc2)nc1","0","train"
"Cc1ccc([C@H](C)NC(=O)[C@H](C)SCc2ccccc2)cc1C","0","train"
"Cc1ccc2[nH]c(CCC(=O)N[C@H](C)Cc3cnccn3)nc2c1C","0","train"
"Cc1ccc2c(c1)OC(C)(C)C[C@@H]2NC(=O)CCSc1ccccc1","1","train"
"Cc1ccc2c(c1)OC(C)(C)C[C@@H]2NC(=O)CSCc1ccc([N+](=O)[O-])cc1","1","train"
"Cc1ccc2c(c1)OC(C)(C)C[C@H]2NC(=O)CSCc1ccc([N+](=O)[O-])cc1","1","train"
"Cc1ccc2c(c1)[C@H](NC(=O)[C@@H](C)Sc1ccccc1)CC(C)(C)O2","1","train"
"Cc1cccc(CSCCNC(=O)/C(=C/c2ccco2)c2ccccc2)c1","0","train"
"Cc1ccccc1OC[C@H](C)NC(=O)CSCc1ccc([N+](=O)[O-])cc1","1","train"
"Cc1ccccc1OC[C@H](C)NC(=O)[C@H](C)Sc1ccccc1","0","train"
"Cc1nc(N)ncc1C(=O)N1CC[C@@H]1c1ccc(F)cc1","1","train"
"Cc1ncsc1CCC(=O)N[C@@H](c1cnn(C)c1)C1CC(O)C1","1","train"
"Cn1c(C(=O)N2CCCC[C@H]2c2cccnc2)cc2ccccc21","1","train"
"N#Cc1ccccc1C(=O)NCCC[C@@H]1CCOC1","0","train"
"NC(=O)C[C@@H](c1ccc(O)cc1)c1oc(CN2CCOCC2)cc(=O)c1O","1","train"
"NC(=O)C[C@@H](c1oc(CN2CCOCC2)cc(=O)c1O)c1ccnc2ccccc12","0","train"
"NC(=O)C[C@H](c1ccc(O)cc1)c1oc(CN2CCOCC2)cc(=O)c1O","0","train"
"NC(=O)C[C@H](c1oc(CN2CCOCC2)cc(=O)c1O)c1ccnc2ccccc12","0","train"
"NC(=S)[C@H]1[C@@H](S(=O)(=O)c2ccc(Cl)cc2)[C@H]1c1ccccc1","0","train"
"NC[C@@H]1[C@@H](c2ccc3c(c2)OCO3)[C@@H]1S(=O)(=O)c1ccccc1","1","train"
"NC[C@]1(CO)[C@H](c2ccccc2)[C@@H]1S(=O)(=O)c1ccc(Cl)cc1","0","train"
"Nc1nc(OC(C(F)(F)F)C(F)(F)F)ccc1[N+](=O)[O-]","0","train"
"O=C(/C=C\c1cccc2cccnc12)N(Cc1ccco1)C[C@@H]1CCCO1","0","train"
"O=C(CCN1C(=O)CC2(CCCC2)C1=O)NC[C@@H]1C[C@H]2C=C[C@@H]1C2","1","train"
"O=C(CCc1nc(-c2ccncc2)no1)NC[C@@H]1C[C@@H]2C=C[C@@H]1C2","1","train"
"O=C(CN1CCOC1=O)N1CCC[C@H](Cc2nc(-c3ccsc3)no2)C1","0","train"
"O=C(C[C@H]1C[C@H]2CC[C@@H]1C2)NC[C@@H](O)c1ccccc1","1","train"
"O=C(Cc1csc(-n2cccc2)n1)N1CCCC[C@H]1c1cccnc1","1","train"
"O=C(NCCCc1ccc(F)cc1)c1ccc([C@H]2SCC(=O)N2Cc2ccccc2)cc1","0","train"
"O=C(NCCSCc1ccccc1)/C(=C/c1ccco1)c1ccccc1","1","train"
"O=C(NCCSc1ccc(Cl)cc1)/C(=C/c1ccco1)c1ccccc1","1","train"
"O=C(NCc1nc(-c2ccc(Cl)cc2)no1)c1ccc(CN2CCOCC2)cc1","1","train"
"O=C(N[C@@H](Cc1ccccn1)C1CC(O)C1)c1n[nH]c2ccccc12","1","train"
"O=C(N[C@@H](c1ccccn1)C1CC(O)C1)c1ncoc1C1CC1","0","train"
"O=C(O)CC[C@@]1(CCC(=O)NCc2cc3cc(F)ccc3[nH]2)CCC(=O)N1","0","train"
"O=C(O)CC[C@]1(CCC(=O)NCc2cc3cc(F)ccc3[nH]2)CCC(=O)N1","1","train"
"O=C(c1cc(-c2ccc(Br)s2)[nH]n1)N1C[C@@H]2C[C@H](C1)c1cccc(=O)n1C2","0","train"
"O=C(c1cccc(-c2ccco2)c1)N(Cc1ccccn1)C[C@@H]1CCCO1","0","train"
"O=C1CCC(C(=O)N[C@@H](c2ccc(F)cc2)C2CC(O)C2)=NN1","1","train"
"O=C1C[C@@H](c2cccnc2)c2c(ccc3c2OC2(CCCCC2)CC3=O)O1","0","train"
"O=C[C@@H]1[C@@H](S(=O)(=O)c2ccc(Cl)cc2)[C@H]1c1ccccc1","1","train"
"C#CC1(O)CCC2C3CCC4=Cc5c(cnn5-c5ccc(F)cc5)CC4(C)C3CCC21C","1","train"
"C1=C(CC2=NCCN2)CCc2ccccc21","1","train"
"C1=CCC2=C3C(=NC2=C1)CCNC3Cc1ccccc1","1","train"
"C=C1CC(C)C2C3Cc4ccc(O)cc4C2(CCN3CC2CCC2)C1","1","train"
"C=C1CC2C3C=CC4=CC(=O)CCC4(C)C3C(O)CC2(C)C1(O)C(=O)CO","1","train"
"C=C1c2cccc(O)c2C(O)=C2C(=O)C3(O)C(O)=C(C(N)=O)C(=O)C(N(C)C)C3C(O)C12","0","train"
"C=CC1=C(C(=O)O)N2C(=O)C(NC(=O)C(=NO)c3csc(N)n3)C2SC1","0","train"
"C=CC1=C(C(=O)O)N2C(=O)C(NC(=O)C(=NOCC(=O)O)c3csc(N)n3)C2SC1","0","train"
"C=CCC1C=C(C)CC(C)CC(OC)C2OC(O)(C(=O)C(=O)N3CCCCC3C(=O)OC(C(C)=CC3CCC(O)C(OC)C3)C(C)C(O)CC1=O)C(C)CC2OC","0","train"
"C=CCN1CC(C(=O)N(CCCN(C)C)C(=O)NCC)CC2c3cccc4[nH]cc(c34)CC21","1","train"
"C=CCN1CCC23CCCCC2C1Cc1ccc(O)cc13","1","train"
"C=CCN1CCC23c4c5ccc(O)c4OC2C(=O)CCC3(O)C1C5","1","train"
"C=CCN1CCC23c4c5ccc(O)c4OC2C(O)C=CC3C1C5","1","train"
"CC#CC1(O)CCC2C3CCC4=CC(=O)CCC4=C3C(c3ccc(N(C)C)cc3)CC21C","0","train"
"CC(=C(CCOC(=O)c1ccccc1)SC(=O)c1ccccc1)N(C=O)Cc1cnc(C)nc1N","1","train"
"CC(=C(CCOC(=O)c1ccccc1)SSC(CCOC(=O)c1ccccc1)=C(C)N(C=O)Cc1cnc(C)nc1N)N(C=O)Cc1cnc(C)nc1N","1","train"
"CC(=C1CCOC(=O)S1)N(C=O)Cc1cnc(C)nc1N","1","train"
"CC(=CCCN1CCC2(CC1)C(=O)NCN2c1ccccc1)c1ccc(F)cc1","1","train"
"CC(=O)C1(N)Cc2c(O)c3c(c(O)c2C(OC2CC(O)C(O)CO2)C1)C(=O)c1ccccc1C3=O","0","train"
"CC(=O)C1(O)C(O)CC2C3CCC4=CC(=O)CCC4(C)C3CCC21C","1","train"
"CC(=O)C1(O)Cc2c(O)c3c(c(O)c2C(OC2CC(N)C(O)C(C)O2)C1)C(=O)c1c(O)cccc1C3=O","0","train"
"CC(=O)C1(O)Cc2c(O)c3c(c(O)c2C(OC2CC(N)C(O)C(C)O2)C1)C(=O)c1ccccc1C3=O","0","train"
"CC(=O)C1=C(O)C2(O)C(=O)c3c(c(C)c4ccc(C)c(O)c4c3O)CC2C(N)C1=O","0","train"
"CC(=O)C1CCC2C3CC(O)C45CC4CCC5(C)C3CCC12C","1","train"
"CC(=O)C1CCC2C3CCC4CC(C)(O)CCC4(C)C3CCC12C","1","train"
"CC(=O)C1CCC2C3CCC4CC(O)CCC4(C)C3C(=O)CC12C","1","train"
"CC(=O)C1CCC2C3CCC4CC(O)CCC4(C)C3CCC12C","1","train"
"CC(=O)N1CCN(C(=O)Cc2cc(F)cc(F)c2)C(CN2CCC(O)C2)C1","0","train"
"CC(=O)N1CCN(C(=O)Cc2ccc(C(F)(F)F)cc2)C(CN2CCC(O)C2)C1","0","train"
"CC(=O)N1CCN(C(=O)Cc2ccc(Cl)c(Cl)c2)C(CN2CCC(O)C2)C1","0","train"
"CC(=O)N1CCN(C(=O)Cc2ccc(Cl)c(Cl)c2)C(CN2CCCC2)C1","1","train"
"CC(=O)N1CCN(C(=O)Cc2ccc(S(C)(=O)=O)cc2)C(CN2CCC(O)C2)C1","0","train"
"CC(=O)N1CCN(C(=O)Cc2ccc([N+](=O)[O-])cc2)C(CN2CCC(O)C2)C1","0","train"
"CC(=O)N1CCN(C(=O)Cc2ccc([S+](C)[O-])cc2)C(CN2CCC(O)C2)C1","0","train"
"CC(=O)N1CCN(C(=O)Cc2cccc([N+](=O)[O-])c2)C(CN2CCC(O)C2)C1","0","train"
"CC(=O)N1CCN(C(=O)Cc2ccccc2)C(CN2CCC(O)C2)C1","0","train"
"CC(=O)N1CCN(c2ccc(OCC3COC(Cn4ccnc4)(c4ccc(Cl)cc4Cl)O3)cc2)CC1","0","train"
"CC(=O)Nc1ccc(OC(=O)C2CCC(=O)N2)cc1","1","train"
"CC(=O)OC12COC1CC(O)C1(C)C(=O)C(O)C3=C(C)C(OC(=O)C(O)C(NC(=O)OC(C)(C)C)c4ccccc4)CC(O)(C(OC(=O)c4ccccc4)C21)C3(C)C","0","train"
"CC(=O)OC1C=CC(C)=CCC(O)C=CC(C)=CC(NC(=O)C(C)=O)C2(C)C(=O)OC(C1)C(C)C2=O","0","train"
"CC(=O)OC1CC2(C)C(CC(O)C3C4(C)CCC(O)C(C)C4CCC32C)C1=C(CCC=C(C)C)C(=O)O","0","train"
"CC(=O)OC1CC2C(COC(=O)CC(C)C)=COC(OC(=O)CC(C)C)C2C12CO2","1","train"
"CC(=O)OC1CCC2(C)C3CCC4(C)C(C(C)CCCC(C)C)CCC4C3CC(Br)C2(Br)C1","1","train"
"CC(=O)OCC(=O)C1(O)CCC2C3CC(Cl)C4=CC(=O)C=CC4(C)C3C(=O)CC21C","1","train"
"CC(=O)OCC(=O)C1(O)CCC2C3CCC4=CC(=O)CCC4(C)C3(F)C(O)CC21C","1","train"
"CC(=O)OCC(=O)C1(O)CCC2C3CCC4=CC(=O)CCC4(C)C3C(=O)CC21C","1","train"
"CC(=O)OCC(=O)C1(O)CCC2C3CCC4=CC(=O)CCC4(C)C3C(O)CC21C","1","train"
"CC(=O)OCC(=O)C1(OC(=O)c2ccco2)C(C)CC2C3CCC4=CC(=O)C=CC4(C)C3(F)C(O)CC21C","1","train"
"CC(=O)OCC(=O)C12OC3(CCCC3)OC1CC1C3CCC4=CC(=O)C=CC4(C)C3(F)C(O)CC12C","1","train"
"CC(=O)OCC(=O)OCCC(SC(=O)c1ccco1)=C(C)N(C=O)Cc1cnc(C)nc1N","1","train"
"CC(=O)OCC1=C(C(=O)O)N2C(=O)C(NC(=O)CSc3ccncc3)C2SC1","0","train"
"CC(=O)OCC1=C(C(=O)O)N2C(=O)C(NC(=O)c3c(-c4ccccc4Cl)noc3C)C2SC1","0","train"
"CC(=O)OCC1=COC(OC(=O)CC(C)(C)OC(C)=O)C2C1=CC(OC(=O)CC(C)C)C21CO1","1","train"
"CC(=O)OCC1=COC(OC(=O)CC(C)C)C2C1=CC(OC(=O)CC(C)C)C21CO1","1","train"
"CC(=O)OCCC(SC(C)=O)=C(C)N(C=O)Cc1cnc(C)nc1N","1","train"
"CC(=O)Oc1ccc2c3c1OC1C(OC(C)=O)C=CC4C(C2)N(C)CCC341","1","train"
"CC(C)(C)C(=O)OCOC(=O)C1N2C(=O)C(N=CN3CCCCCC3)C2SC1(C)C","0","train"
"CC(C)(C)C(=O)OCOC(=O)C1N2C(=O)C(NC(=O)C(N)c3ccccc3)C2SC1(C)C","0","train"
"CC(C)(C)C(=O)SCC(=O)C1(O)CCC2C3CCC4=CC(=O)CCC4(C)C3C(O)CC21C","1","train"
"CC(C)(C)C(O)C=Cc1ccc2c(c1)OCO2","1","train"
"CC(C)(C)C1(O)CCN2CC3c4ccccc4CCc4cccc(c43)C2C1","1","train"
"CC(C)(C)CC(=O)OCC(=O)C12OC(C)(C)OC1CC1C3CC4=CC(=O)C=CC4(C)C3(F)C(O)CC12C","1","train"
"CC(C)(Oc1ccc(Cl)cc1)C(=O)NC(C(=O)NC1C(=O)N2C1SC(C)(C)C2C(=O)O)c1ccccc1","0","train"
"CC(C)(Oc1ccccc1)C(=O)NC1C(=O)N2C1SC(C)(C)C2C(=O)O","0","train"
"CC(C)C(=O)OCC(=O)C12OC(C3CCCCC3)OC1CC1C3CCC4=CC(=O)C=CC4(C)C3C(O)CC12C","1","train"
"CC(C)C(=O)OCc1cccc(OC(=O)C2N3C(=O)C(NC(=O)Cc4ccccc4)C3SC2(C)C)c1","0","train"
"CC(C)C1(O)CCN2CC3c4ccccc4CCc4cccc(c43)C2C1","1","train"
"CC(C)CC(N)C(=O)NC(CCCN)C(=O)NC(C(=O)NC(CCCN)C(=O)N1CCCC1C(=O)NC(C=O)Cc1ccccc1)C(C)C","0","train"
"CC(C)N1CCOC(c2cccc(C(F)(F)F)c2)C1","1","train"
"CC(CN1CC(=O)NC(=O)C1)N1CC(=O)NC(=O)C1","0","train"
"CC(CNC(=O)c1ccccc1)C(=O)OCC(=O)C12OC(C)(C)OC1CC1C3CCC4=CC(=O)C=CC4(C)C3(F)C(O)CC12C","1","train"
"CC(O)C1C(=O)N2C(C(=O)O)=C(C3CCCO3)SC12","0","train"
"CC(O)C1C(=O)N2C(C(=O)O)=C(COC(N)=O)SC12","0","train"
"CC(O)C1C(=O)N2C(C(=O)O)=C(F)SC12","0","train"
"CC(O)C1C(=O)N2C(C(=O)O)=C(SCCN=CN)CC12","0","train"
"CC1(C)C(NCC(=NOCC(=O)O)c2csc(N)n2)C(=O)N1OS(=O)(=O)O","0","train"
"CC1(C)NC(=O)C(C=Cc2ccccc2)O1","1","train"
"CC1(C)OC2CC3C4CC(F)C5=CC(=O)CCC5(C)C4C(O)CC3(C)C2(C(=O)CO)O1","1","train"
"CC1(C)OC2CC3C4CCC5=CC(=O)CCC5(C)C4(F)C(O)CC3(C)C2(C(=O)CCl)O1","1","train"
"CC1(C)OC2CC3C4CCC5CC(=O)CCC5(C)C4(F)C(O)CC3(C)C2(C(=O)CO)O1","1","train"
"CC1(C)OC2COC3(COS(N)(=O)=O)OC(C)(C)OC3C2O1","1","train"
"CC1(C)SC2C(N=CN3CCCCCC3)C(=O)N2C1C(=O)O","0","train"
"CC1(C)SC2C(NC(=O)C(C(=O)Oc3ccc4c(c3)CCC4)c3ccccc3)C(=O)N2C1C(=O)O","0","train"
"CC1(C)SC2C(NC(=O)C(C(=O)Oc3ccccc3)c3ccccc3)C(=O)N2C1C(=O)O","0","train"
"CC1(C)SC2C(NC(=O)C(N)C3=CCC=CC3)C(=O)N2C1C(=O)O","0","train"
"CC1(C)SC2C(NC(=O)C(N)c3ccc(O)cc3)C(=O)N2C1C(=O)O","0","train"
"CC1(C)SC2C(NC(=O)C(N)c3ccccc3)C(=O)N2C1C(=O)O","0","train"
"CC1(C)SC2C(NC(=O)C(N)c3ccccc3)C(=O)N2C1C(=O)OC1OC(=O)c2ccccc21","0","train"
"CC1(C)SC2C(NC(=O)C(N)c3ccccc3)C(=O)N2C1C(=O)OCOC(=O)C1N2C(=O)CC2S(=O)(=O)C1(C)C","0","train"
"CC1(C)SC2C(NC(=O)C(N=Cc3ccco3)c3ccc(O)cc3)C(=O)N2C1C(=O)O","0","train"
"CC1(C)SC2C(NC(=O)C(NC(=O)CN=C(N)c3ccncc3)c3ccccc3)C(=O)N2C1C(=O)O","0","train"
"CC1(C)SC2C(NC(=O)C(NC(=O)Cc3ccc(C4=NCCCN4)cc3)c3ccccc3)C(=O)N2C1C(=O)O","0","train"
"CC1(C)SC2C(NC(=O)C(NC(=O)N3CCN(S(C)(=O)=O)C3=O)c3ccccc3)C(=O)N2C1C(=O)O","0","train"
"CC1(C)SC2C(NC(=O)C(NC(=O)Nc3cnc(Nc4ccc(S(N)(=O)=O)cc4)[nH]c3=O)c3ccc(O)cc3)C(=O)N2C1C(=O)O","0","train"
"CC1(C)SC2C(NC(=O)C(NC(=O)c3c[nH]c4cccnc4c3=O)c3ccccc3)C(=O)N2C1C(=O)O","0","train"
"CC1(C)SC2C(NC(=O)C(NS(=O)(=O)O)c3ccccc3)C(=O)N2C1C(=O)O","0","train"
"CC1(C)SC2C(NC(=O)C(Oc3ccccc3)c3ccccc3)C(=O)C2C1C(=O)O","0","train"
"CC1(C)SC2C(NC(=O)C(c3ccccc3)S(=O)(=O)O)C(=O)N2C1C(=O)O","0","train"
"CC1(C)SC2C(NC(=O)C3(N)CCCCC3)C(=O)N2C1C(=O)O","0","train"
"CC1(C)SC2C(NC(=O)CCCC(N)C(=O)O)C(=O)N2C1C(=O)O","0","train"
"CC1(C)SC2C(NC(=O)COc3ccccc3)C(=O)N2C1C(=O)O","0","train"
"CC1(C)SC2C(NC(=O)c3nc4ccccc4nc3C(=O)O)C(=O)N2C1C(=O)O","0","train"
"CC1(c2ccccc2)OC2CC3C4CCC5=CC(=O)C=CC5(C)C4(F)C(O)CC3(C)C2(C(=O)CO)O1","1","train"
"CC12C=CC(=O)C1C(=O)CCC1C2C(O)CC2(C)C1CCC2(O)C(=O)CO","1","train"
"CC12C=CC(=O)C=C1C(Cl)=CC1C2C(O)CC2(C)C1CCC2(O)C(=O)CO","1","train"
"CC12C=CC(=O)C=C1C(Cl)CC1C2C(=O)CC2(C)C1CCC2(O)C(=O)CO","1","train"
"CC12C=CC(=O)C=C1CCC1C2C(=O)CC2(C)C1CCC2(O)C(=O)CO","1","train"
"CC12CC(=O)C3C(CCC4CC(O)CCC43C)C1CCC2C(=O)CO","1","train"
"CC12CC(N)C1CN(c1nc3c(cc1F)c(=O)c(C(=O)O)cn3C1CC1)C2","0","train"
"CC12CCC(=O)C=C1CCC1C2C(O)CC2(C)C(C(=O)CO)CCC12","0","train"
"CC12CCC(=O)C=C1CCC1C2C(O)CC2(C)C1CCC2(O)C(=O)CO","0","train"
"CC12CCC(=O)C=C1CCC1C2C(O)CC2(C)C1CCC2(O)C(=O)COC(=O)CCC(=O)O","1","train"
"CC12CCC(=O)C=C1CCC1C2C(O)CC2(C)C1CCC2(O)C(=O)CS","1","train"
"CC12CCC(=O)C=C1CCC1C2C2CC3(C(O)O2)C(C(=O)CO)CCC13","0","train"
"CC1=C(C(=O)O)N2C(=O)C(NC(=O)C(N)C3=CCC=CC3)C2SC1","0","train"
"CC1=CC2C(C(O)CC3(C)C2CC(C)C3(O)C(=O)COC(=O)c2cccc(S(=O)(=O)O)c2)C2(C)Cc3cnn(-c4ccccc4)c3C=C12","1","train"
"CC1=CCC2C3Cc4ccc(O)c5c4C2(CN3C)C1O5","1","train"
"CC1C(NC(=O)C(=NOC(C)(C)C(=O)O)c2csc(N)n2)C(=O)N1S(=O)(=O)O","0","train"
"CC1C(c2ccccc2)OCCN1C","1","train"
"CC1C2C(=O)c3ccc(O)cc3C1(C)CCN2CC1CC1","1","train"
"CC1C=CC=CC=CC=CC=CC=CC=CC(OC2OC(C)C(O)C(N)C2O)CC2OC(O)(CC(O)C(O)CCC(O)CC(O)CC(O)CC(=O)OC(C)C(C)C1O)CC(O)C2C(=O)O","0","train"
"CC1CC2C(C(O)CC3(C)C(C(=O)O)CCC23)C2(C)CCC(=O)C=C12","1","train"
"CC1CC2C3CCC4=CC(=O)C=CC4(C)C3(Cl)C(O)CC2(C)C1(OC(=O)c1ccco1)C(=O)CCl","1","train"
"CC1CC2C3CCC4=CC(=O)C=CC4(C)C3(F)C(=O)CC2(C)C1(O)C(=O)CCl","1","train"
"CC1CC2C3CCC4=CC(=O)C=CC4(C)C3(F)C(O)CC2(C)C1(OC(=O)c1ccccc1)C(=O)CO","1","train"
"CC1CC2C3CCC4=CC(=O)C=CC4(C)C3C(=O)CC2(C)C1(O)C(=O)CO","1","train"
"CC1CCCCC1(c1cccs1)N1CCCCC1","1","train"
"CC1CN(c2c(F)c(N)c3c(=O)c(C(=O)O)cn(C4CC4)c3c2F)CC(C)N1","0","train"
"CC1CN2CC(=O)Nc3ccc(Cl)cc3C2(c2ccccc2)O1","1","train"
"CC1COC(=O)C(C(C)C)NC(=O)C(C)OC(=O)C(C(C)C)NC(=O)C(C(C)C)OC(=O)C(C(C)C)NC(=O)C(C)OC(=O)C(C(C)C)NC(=O)C(C)COC(=O)C(C(C)C)NC(=O)C(C)OC(=O)C(C(C)C)NC1=O","0","train"
"CC1c2ccccc2C(CCCN(C)C)c2cc(C(F)(F)F)ccc21","1","train"
"CC=C(CC)C(=O)NC(N)=O","1","train"
"CC=CC(=O)N(CCC)C(CC)C(=O)N(C)C","1","train"
"CC=CC1OC2(C(=O)COC(=O)c3ccncc3)CCC3(O1)C1CCC4=CC(=O)CCC4(C)C1C(O)CC23C","1","train"
"CC=CC=CC1OC(O)(C(CC)C(=O)NCC=CC=C(C)C(OC)C(C)C2OC(C=CC=CC=C(C)C(=O)c3c(O)ccn(C)c3=O)C(O)C2O)C(O)C(OC2OC(C)C(OC3OC(C)C(OC)C(O)C3OC)C(OC)C2O)C1(C)C","0","train"
"CCC(=O)N(c1ccc(Cl)c(Cl)c1)C1CCCC1N(C)C","1","train"
"CCC(=O)OC1(C(=O)COC(C)=O)CCC2C3CCC4=CC(=O)CCC4(C)C3C(O)CC21C","1","train"
"CCC(=O)OC1(c2ccccc2)CCN(C)CC1CC","1","train"
"CCC(=O)OC1C(C)OC(OC2C(C)C(=O)OC(C)C(C)C(OC(=O)CC)C(C)C(=O)C3(CO3)CC(C)C(OC3OC(C)CC(N(C)C)C3O)C2C)CC1OC","0","train"
"CCC(=O)OC1C(OC2C(C)C(OC3CC(C)(OC)C(O)C(C)O3)C(C)C(=O)OC(CC)C(C)(O)C(O)C(C)C(=O)C(C)CC2(C)O)OC(C)CC1N(C)C","0","train"
"CCC(C)C(=O)OC1CC(O)C=C2C=CC(C)C(CCC(O)CC(O)CC(=O)O)C21","0","train"
"CCC(C)C(=O)OC1CCC=C2C=CC(C)C(CCC3CC(O)CC(=O)O3)C21","1","train"
"CCC(CO)NCCNC(CC)CO","0","train"
"CCC(NC(=O)C1CCCN1C(=O)C(Cc1ccccc1)NC(=O)C(N)CC(C)C)C(=O)NC(CCCN)C(=O)NC(CC(C)C)C(=O)NC(Cc1ccccc1)C(=O)N1CCCC1C(=O)NC(CC)C(=O)NC(C=O)CCCN","0","train"
"CCC(NC(=O)c1c(O)c(-c2ccccc2)nc2ccccc12)c1ccccc1","1","train"
"CCC(NC(=O)c1c(OCCCC(=O)O)c(-c2ccccc2)nc2ccccc12)c1ccccc1","0","train"
"CCC(NC(=O)c1c(OCCCN(C)C)c(-c2ccccc2)nc2ccccc12)c1ccccc1","1","train"
"CCC(NC(=O)c1c(OCCNC(=O)Cc2ccccc2C(=O)O)c(-c2ccccc2)nc2ccccc12)c1ccccc1","0","train"
"CCC(NC(=O)c1c(OCCNC(=O)Cc2ccccn2)c(-c2ccccc2)nc2ccccc12)c1ccccc1","0","train"
"CCC1(O)CC2CN(CCc3c([nH]c4ccccc34)C(C(=O)OC)(c3cc4c(cc3OC)N(C)C3C(O)(C(N)=O)C(O)C5(CC)C=CCN6CCC43C65)C2)C1","0","train"
"CCC1CC(=O)C2Oc3c(OC)ccc4c3C23CCN(CC2CC2)C(C4)C13","1","train"
"CCC1CN2CCc3cc(OC)c(OC)cc3C2CC1CC1NCCc2cc(OC)c(OC)cc21","0","train"
"CCC1NC(=O)C(NC(=O)c2ncccc2O)C(C)OC(=O)C(c2ccccc2)NC(=O)C2CC(=O)CCN2C(=O)C(Cc2ccccc2)N(C)C(=O)C2CCCN2C1=O","0","train"
"CCC1NC(=O)C2CCCN2C(=O)C(Cc2ccccc2)NC(=O)C(CC(C)C)NC(=O)C(CCCN)NC(=O)C(C(C)C)NC(=O)C2CCCN2C(=O)C(Cc2ccccc2)NC(=O)C(CC(C)C)NC(=O)C(CCCN)NC1=O","0","train"
"CCC1OC(=O)C(C)C(OC2CC(C)(OC)C(O)C(C)O2)C(C)C(OC2OC(C)CC(N(C)C)C2O)C(C)(O)CC(C)(F)C(=O)C(C)C(O)C1(C)O","0","train"
"CCC1OC(=O)C(C)C(OC2CC(C)(OC)C(O)C(C)O2)C(C)C(OC2OC(C)CC(N(C)C)C2O)C(C)(O)CC(C)C(=O)C(C)C(O)C1(C)O","0","train"
"CCC1OC(=O)C(C)C(OC2CC(C)(OC)C(O)C(C)O2)C(C)C(OC2OC(C)CC(N(C)C)C2O)C(C)(O)CC(C)C(=O)C(C)C(O)C1C","0","train"
"CCC1OC(=O)C(C)C(OC2CC(C)(OC)C(O)C(C)O2)C(C)C(OC2OC(C)CC(N(C)C)C2O)C(C)(O)CC(C)C2NC(COCCOC)OC(C2C)C1(C)O","0","train"
"CCC1OC(=O)C(C)C(OC2CC(C)(OC)C(O)C(C)O2)C(C)C(OC2OC(C)CC(N(C)C)C2O)C(C)(O)CC(C)CN(C)C(C)C(O)C1(C)O","0","train"
"CCC1OC(=O)C(C)C(OC2CC(C)(OC)C(O)C(C)O2)C(C)C(OC2OC(C)CC(N(C)C)C2O)C(C)(OC)CC(C)C(=O)C(C)C(O)C1(C)O","0","train"
"CCC=C(C(=O)NC1C(=O)N2C(C(=O)O)=C(COC(N)=O)CSC12)c1csc(N)n1","0","train"
"CCC=C(C)C1(CC)C(=O)NC(=O)NC1=O","1","train"
"CCCC(=O)OC1(C(=O)CCl)C(C)CC2C3CCC4=CC(=O)C=CC4(C)C3(F)C(=O)CC21C","1","train"
"CCCC(=O)OC1(C(=O)CO)CCC2C3CCC4=CC(=O)CCC4(C)C3C(O)CC21C","1","train"
"CCCC(=O)OC1(C(=O)COC(=O)CC)CCC2C3CCC4=CC(=O)CCC4(C)C3C(O)CC21C","1","train"
"CCCC(=O)OC1(C(=O)COC(C)=O)CCC2C3CC(C)C4=CC(=O)CCC4(C)C3C(O)CC21C","1","train"
"CCCC(=O)OC1(C(C)=O)CCCC2C3CCC4=CC(=O)C=CC4(C)C3C(O)CC21C","1","train"
"CCCC1(c2cccc(O)c2)CCN(C)CC1C","1","train"
"CCCC1CC(C(=O)NC(C(C)Cl)C2OC(SC)C(O)C(O)C2O)N(C)C1","0","train"
"CCCC1CC(C(=O)NC(C(C)Cl)C2OC(SC)C(OP(=O)(O)O)C(O)C2O)N(C)C1","0","train"
"CCCC1OC2CC3C4CC(F)C5=CC(=O)CCC5(C)C4(F)C(O)CC3(C)C2(C(=O)CO)O1","1","train"
"CCCCC(=O)OC1(C(=O)CO)CCC2C3CCC4=CC(=O)CCC4(C)C3C(O)CC21C","1","train"
"CCCCC1CC(=O)C2(O)OC3C(NC)C(O)C(NC)C(O)C3OC2O1","0","train"
"CCCCCC(=O)CCC1(C)C2Cc3ccc(O)cc3C1(C)CCN2C","1","train"
"CCCCCCCCCCCCCC(=O)OC1C=CC2C3Cc4ccc(OCc5ccccc5)c5c4C2(CCN3C)C1O5","1","train"
"CCCCCCCNC(=O)Oc1ccc2c(c1)C1(C)CCN(C)C1N2C","1","train"
"CCCNC(=O)c1ccc2c(c1)N(C(C)CN1CCCC1)c1ccccc1S2","1","train"
"CCCOC(=O)N1CCN(C(=O)Cc2ccc(Cl)c(Cl)c2)C(CN2CCCC2)C1","1","train"
"CCN(CC)C(=O)C1(c2ccccc2)CC1CN","1","train"
"CCN(CC)C(=O)COc1cc2c(O)c3c(O)c(C)c4c(c13)C(=O)C(C)(OC=CC(OC)C(C)C(OC(C)=O)C(C)C(O)C(C)C(O)C(C)C=CC=C(C)C(=O)N2)O4","0","train"
"CCN(CC)C(=O)NC1C=C2c3cccc4[nH]cc(c34)CC2N(C)C1","1","train"
"CCN(CC)C(=O)NC1CC2c3cccc4[nH]cc(c34)CC2N(C)C1","1","train"
"CCN(CC)CC(=O)OCC(=O)C1(O)CCC2C3CCC4=CC(=O)CCC4(C)C3C(O)CC21C","1","train"
"CCN(CC)CCOC(=O)C1N2C(=O)C(NC(=O)c3c(OC)cccc3OC)C2SC1(C)C","0","train"
"CCN(CC)S(=O)(=O)NC1CC2c3cccc4[nH]cc(c34)CC2N(C)C1","1","train"
"CCN1CCCC1CNC(=O)c1c(OC)ccc(Br)c1OC","1","train"
"CCN1CCN(C(=O)NC(C(=O)NC2C(=O)N3C2SC(C)(C)C3C(=O)O)c2ccccc2)C(=O)C1=O","0","train"
"CCNC(Cc1ccccc1)C1CCCO1","1","train"
"CCOC(=O)C(CCc1ccccc1)NC(C)C(=O)N1CCCC1C(=O)O","0","train"
"CCOC(=O)CC(O)CC(O)C=CC1=C(c2ccc(F)cc2)c2ccccc2OC12CCCC2","1","train"
"CCOC(=O)CCC(=O)OC1C(OC2C(C)C(OC3CC(C)(OC)C(O)C(C)O3)C(C)C(=O)OC(CC)C(C)(O)C(O)C(C)C(=O)C(C)CC2(C)O)OC(C)CC1N(C)C","0","train"
"CCOC(=O)N1CCN(C(=O)Cc2ccc(Cl)c(Cl)c2)C(CN2CCCC2)C1","1","train"
"CCOC(=O)OC(C)OC(=O)C1N2C(=O)C(N=CN3CCCCCC3)C2SC1(C)C","0","train"
"CCOC(=O)OC1C(OC2C(C)C(OC3CC(C)(OC)C(O)C(C)O3)C(C)C(=O)OC(CC)C(C)(O)C(O)C(C)C(=O)C(C)CC2(C)O)OC(C)CC1N(C)C","0","train"
"CCOC(=O)OCCC(SC(=O)OCC)=C(C)N(C=O)Cc1cnc(C)nc1N","1","train"
"CCOC1CC2(C)C(CCC3C4CCC(C(C)=O)C4(C)CC(N(C)C)C32)CC1O","1","train"
"CCOC1CCN(C(=O)c2cc(-c3ccccc3)c(=O)n3c2-c2cc(Cl)ccc2CC3)C1","1","train"
"CCOc1ccc2ccccc2c1C(=O)NC1C(=O)N2C1SC(C)(C)C2C(=O)O","0","train"
"CCc1c(C)[nH]c2c1C(=O)C1CN(C)CCC1C2","1","train"
"CCn1nnn(CCN2CCC(N(C(=O)COC)c3ccccc3F)C(C)C2)c1=O","1","train"
"CN(C(=O)CNC(=O)C(N)CCCCN)c1ccc(Cl)cc1C(=O)c1ccccc1","1","train"
"CN(C(=O)Cc1ccc(Cl)c(Cl)c1)C(CN1CCCC1)c1ccccc1","1","train"
"CN(C(=O)Cc1ccc(Cl)c(Cl)c1)C1CCC2(CCCO2)CC1N1CCCC1","1","train"
"CN(C(=O)Cc1ccc(Cl)c(Cl)c1)C1CCCCC1N1CCCC1","1","train"
"CN(C(=O)Cc1ccccc1N)C(CN1CCC(O)C1)c1ccccc1","0","train"
"CN(C)C(CCOc1cccc2ccccc12)c1ccccc1","1","train"
"CN(C)C1C(=O)C(C(=O)NC(C(=O)O)N2CCN(CCO)CC2)=C(O)C2(O)C(=O)C3=C(O)c4c(O)cccc4C(C)(O)C3CC12","0","train"
"CN(C)C1C(=O)C(C(=O)NCNCCCCC(N)C(=O)O)=C(O)C2(O)C(=O)C3=C(O)c4c(O)cccc4C(C)(O)C3CC12","0","train"
"CN(C)C1C(=O)C(C(=O)NCO)=C(O)C2(O)C(=O)C3=C(O)c4c(O)ccc(Cl)c4C(C)(O)C3CC12","0","train"
"CN(C)C1C(=O)C(C(N)=O)=C(O)C2(O)C(=O)C3=C(O)c4c(O)ccc(Cl)c4C(C)(O)C3CC12","0","train"
"CN(C)C1C(=O)C(C(N)=O)=C(O)C2(O)C(=O)C3=C(O)c4c(O)ccc(Cl)c4C(O)C3CC12","0","train"
"CN(C)C1C(=O)C(C(N)=O)=C(O)C2(O)C(=O)C3=C(O)c4c(O)ccc([N+](=O)[O-])c4CC3CC12","0","train"
"CN(C)C1C(=O)C(C(N)=O)=C(O)C2(O)C(=O)C3=C(O)c4c(O)cccc4C(C)(O)C3C(O)C12","0","train"
"CN(C)C1C(=O)C(C(N)=O)=C(O)C2(O)C(=O)C3=C(O)c4c(O)cccc4C(C)(O)C3CC12","0","train"
"CN(C)C1C(=O)C(C(N)=O)=C(O)C2(O)C(=O)C3=C(O)c4c(O)cccc4C(O)C3CC12","0","train"
"CN(C)C1C(=O)C(C(N)=O)=C(O)C2(O)C(=O)C3=C(O)c4c(ccc(N)c4O)CC3CC12","0","train"
"CN(C)CC(O)C(c1ccccc1)c1cccc(Cl)c1","1","train"
"CN(C)CC=C(c1ccc(Br)cc1)c1cccnc1","1","train"
"CN(C)CCC=C1c2ccccc2CSc2ccccc21","1","train"
"CN(C)CCC=C1c2ccccc2Sc2ccc(Cl)cc21","1","train"
"CN(C)CCn1nnnc1SCC1=C(C(=O)O)N2C(=O)C(NC(=O)Cc3csc(N)n3)C2SC1","0","train"
"CN(CCN(C)CNC(=O)C1=C(O)C2(O)C(=O)C3=C(O)c4c(O)cccc4C(C)(O)C3CC2C(N(C)C)C1=O)CNC(=O)C1=C(O)C2(O)C(=O)C3=C(O)c4c(O)cccc4C(C)(O)C3CC2C(N(C)C)C1=O","0","train"
"CN(N=O)C(=O)NC1C(O)OC(CO)C(O)C1O","0","train"
"CN1C2CCC1CC(NC(=O)N1CC(C)(C)c3ccccc31)C2","1","train"
"CN1C2CCC1CC(NC(=O)c1cn(C3CCCCC3)c3ccccc3c1=O)C2","1","train"
"CN1CC(CC#N)CC2c3cccc4[nH]cc(c34)CC21","1","train"
"CN1CC(CN2CC(=O)NC(=O)C2)C=C2c3cccc4[nH]cc(c34)CC21","1","train"
"CN1CC(NS(=O)(=O)N(C)C)CC2c3cccc4c3c(cn4C)CC21","1","train"
"CN1CC2Cc3ccc(Cl)cc3C(c3ccccc3)C2C1","1","train"
"CN1CCC2(C)c3cc(OC(=O)N4CCc5ccccc5C4)ccc3N(C)C12","1","train"
"CN1CCC23c4c5ccc(O)c4OC2(C)C(=O)CCC3C1C5","1","train"
"CN1CCC23c4c5ccc(O)c4OC2C(=O)CCC3C1C5","1","train"
"CN1CCC23c4c5ccc(O)c4OC2C(C)(O)CCC3C1C5","1","train"
"CN1CCC23c4c5ccc(O)c4OC2C(O)CCC3(O)C1C5","1","train"
"CN1CCN(C(=O)Cc2ccc(Cl)c(Cl)c2)C(CN2CCCC2)C1","1","train"
"CN1CCN(C2=Cc3cc(Cl)ccc3C(=CC#N)c3ccccc32)CC1","1","train"
"CN1CCN(C2=Nc3cscc3C(=CC#N)c3cscc32)CC1","1","train"
"CN1CCN(CC(=O)C2(O)CCC3C4CCC5=CC(=O)C=CC5(C)C4C(O)CC32C)CC1","1","train"
"CN1CCN(CCC=C2c3ccccc3Sc3ccc(S(=O)(=O)N(C)C)cc32)CC1","1","train"
"CN1CCc2cccc3c2C1Cc1ccc(O)c(O)c1-3","1","train"
"CN1c2ccc(Cl)cc2C(c2ccccc2Cl)=NCC1CO","1","train"
"CNC(=O)CC(N)C(=O)NC(C(=O)NC1C(=O)N2C1SC(C)(C)C2C(=O)O)c1ccc(O)cc1","0","train"
"CNC(=O)OC1OC(=O)C2C3C=CC(C3)C12","1","train"
"CNC(CC(C)C)C(=O)NC1C(=O)NC(CC(N)=O)C(=O)NC2C(=O)NC3C(=O)NC(C(=O)NC(C(=O)O)c4cc(O)cc(O)c4-c4cc3ccc4O)C(O)c3ccc(c(Cl)c3)Oc3cc2cc(c3OC2OC(CO)C(O)C(O)C2OC2CC(C)(N)C(O)C(C)O2)Oc2ccc(cc2Cl)C1O","0","train"
"CNC1=Nc2ccc(Cl)cc2C(c2ccccc2)=[N+]([O-])C1","1","train"
"CNC1C(O)C(OC2C(N)CC(N)C(OC3OC(CN)CCC3N)C2O)OCC1(C)O","0","train"
"CNC1C(OC2C(OC3C(O)C(O)C(N=C(N)N)C(O)C3N=C(N)N)OC(C)C2(O)C=O)OC(CO)C(O)C1O","0","train"
"CNC1C(OC2C(OC3C(O)C(O)C(N=C(N)N)C(O)C3N=C(N)N)OC(C)C2(O)CO)OC(CO)C(O)C1O","0","train"
"CNC1CC(c2ccc(Cl)c(Cl)c2)c2ccccc21","1","train"
"CNCC(O)CC12CCC(c3ccccc31)c1ccccc12","1","train"
"CNCC=C(c1ccc(Br)cc1)c1cccnc1","1","train"
"CNCCC(Oc1ccccc1C)c1ccccc1","1","train"
"CNc1cc(OC)c(C(=O)NC2CCN(Cc3ccccc3)C2C)cc1Cl","1","train"
"COC(=O)C1NC(=O)C2NC(=O)C(NC(=O)C3NC(=O)C4NC(=O)C(NC(=O)C(N)c5ccc(O)c(c5)Oc5cc4cc(O)c5C)C(O)c4ccc(c(Cl)c4)Oc4cc3cc(c4O)Oc3ccc(cc3Cl)C2OC2OC(CO)C(O)C(O)C2NC(C)=O)c2ccc(O)c(c2)-c2c(O)cc(O)cc21","0","train"
"COC(=O)N1CCN(C(=O)Cc2ccc(Cl)c(Cl)c2)C(CN2CCCC2)C1","1","train"
"COC(C(=O)C(O)C(C)O)C1Cc2cc3cc(OC4CC(OC5CC(O)C(O)C(C)O5)C(O)C(C)O4)c(C)c(O)c3c(O)c2C(=O)C1OC1CC(OC2CC(O)C(OC3CC(C)(O)C(O)C(C)O3)C(C)O2)C(O)C(C)O1","1","train"
"COC(C(=O)NC1C(=O)N2C1SC(C)(C)C2C(=O)O)c1ccc(Cl)c(Cl)c1","0","train"
"COC1(NC(=O)C(C(=O)O)c2ccsc2)C(=O)N2C(C(=O)O)C(C)(C)SC21","0","train"
"COC1(NC(=O)C2SC(=C(C#N)C(=O)O)S2)C(=O)N2C(C(=O)O)=C(CSc3nnnn3C)CSC21","0","train"
"COC1(NC(=O)CSC(F)F)C(=O)N2C(C(=O)O)=C(CSc3nnnn3CCO)COC21","0","train"
"COC1(NC(=O)CSCC#N)C(=O)N2C(C(=O)O)=C(CSc3nnnn3C)CSC21","0","train"
"COC1(NC(=O)CSCC(N)C(=O)O)C(=O)N2C(C(=O)O)=C(CSc3nnnn3C)CSC21","0","train"
"COC12CCC3(CC1C(C)(C)O)C1Cc4ccc(O)c5c4C3(CCN1CC1CC1)C2O5","1","train"
"COC12CCC3(CC1C(C)(O)C(C)(C)C)C1Cc4ccc(O)c5c4C3(CCN1CC1CC1)C2O5","1","train"
"COC1C(O)C(N)C(OC2OC(C(C)N)CCC2N)C(O)C1N(C)C(=O)CN","0","train"
"COC1C(O)CC(=O)OC(C)CC=CC=CC(OC2CCC(N(C)C)C(C)O2)C(C)CC(CC=O)C1OC1OC(C)C(OC2CC(C)(O)C(O)C(C)O2)C(N(C)C)C1O","0","train"
"COC1C(OC(N)=O)C(O)C(Oc2ccc3c(O)c(NC(=O)c4ccc(O)c(CC=C(C)C)c4)c(=O)oc3c2C)OC1(C)C","0","train"
"COC1C=COC2(C)Oc3c(C)c(O)c4c(O)c(c(C=NN5CCN(C6CCCC6)CC5)c(O)c4c3C2=O)NC(=O)C(C)=CC=CC(C)C(O)C(C)C(O)C(C)C(OC(C)=O)C1C","0","train"
"COC1C=COC2(C)Oc3c(C)c(O)c4c(O)c(c5c(c4c3C2=O)NC2(CCN(CC(C)C)CC2)N=5)=NC(=O)C(C)=CC=CC(C)C(O)C(C)C(O)C(C)C(OC(C)=O)C1C","0","train"
"COC1C=COC2(C)Oc3c(C)c(O)c4c(O)c(c5c(nc6cc(C)ccn65)c4c3C2=O)NC(=O)C(C)=CC=CC(C)C(O)C(C)C(O)C(C)C(OC(C)=O)C1C","0","train"
"COC1C=COC2(C)Oc3c(C)c(O)c4c(O)c(cc(O)c4c3C2=O)NC(=O)C(C)=CC=CC(C)C(O)C(C)C(O)C(C)C(OC(C)=O)C1C","0","train"
"COC1CC(OC2C(C)C(=O)OC(C)C(C)C(O)C(C)C(=O)C3(CO3)CC(C)C(OC3OC(C)CC(N(C)C)C3O)C2C)OC(C)C1O","0","train"
"COC1CC(OC2C(C)C(=O)OC(C)C(C)C(OC(C)=O)C(C)C(=O)C3(CO3)CC(C)C(OC3OC(C)CC(N(C)C)C3OC(C)=O)C2C)OC(C)C1OC(C)=O","0","train"
"COC1CCCC2C1=C(C=O)N1C(=O)C(C(C)O)C21","0","train"
"COC1OC2OC3(CN4CCCCC4)C(O)CC(C2C)C13","1","train"
"COCC(=O)OC1(CCN(C)CCCc2nc3ccccc3[nH]2)CCc2cc(F)ccc2C1C(C)C","0","train"
"COCC1=C(C(=O)O)N2C(=O)C(NC(=O)C(=NO)c3csc(N)n3)C2SC1","0","train"
"COCC1=C(C(=O)O)N2C(=O)C(NC(=O)C(=NOC)c3csc(N)n3)C2SC1","0","train"
"COCC1CN(c2ccc(OCCC(O)C(F)(F)F)cc2)C(=O)O1","1","train"
"COCc1c(C(C)C)nc(C(C)C)c(C=CC(O)CC(O)CC(=O)O)c1-c1ccc(F)cc1","1","train"
"CON=C(C(=O)NC1C(=O)N(OCC(=O)O)C1C)c1csc(N)n1","0","train"
"CON=C(C(=O)NC1C(=O)N(OCC(=O)OCC(=O)OC(C)(C)C)C1C)c1csc(N)n1","0","train"
"CON=C(C(=O)NC1C(=O)N2C(C(=O)O)=C(C)CSC12)c1csc(N)n1","0","train"
"CON=C(C(=O)NC1C(=O)N2C(C(=O)O)=C(C=CSc3n[nH]c(=O)c(=O)n3CC=O)CSC12)c1csc(N)n1","0","train"
"CON=C(C(=O)NC1C(=O)N2C(C(=O)O)=C(COC(C)=O)CSC12)c1csc(N)n1","0","train"
"CON=C(C(=O)NC1C(=O)N2C(C(=O)O)=C(COC(C)=O)C[S+]([O-])C12)c1csc(N)n1","0","train"
"CON=C(C(=O)NC1C(=O)N2C(C(=O)O)=C(CSC(=O)c3ccco3)CSC12)c1csc(N)n1","0","train"
"CON=C(C(=O)NC1C(=O)N2C(C(=O)O)=C(CSc3nc(=O)c(=O)[nH]n3C)CSC12)c1csc(N)n1","0","train"
"CON=C(C(=O)NC1C(=O)N2C(C(=O)O)=C(CSc3nc(C)c(CC(=O)O)s3)CSC12)c1csc(N)n1","0","train"
"CON=C(C(=O)NC1C(=O)N2C(C(=O)O)=C(CSc3nnnn3C)CSC12)c1csc(N)n1","0","train"
"CON=C(C(=O)NC1C(=O)N2C(C(=O)O)=C(Cn3nnc(C)n3)CSC12)c1csc(N)n1","0","train"
"CON=C(C(=O)NC1C(=O)N2C(C(=O)O)=CCSC12)c1csc(N)n1","0","train"
"CON=C(C(=O)NC1C(=O)N2C(C(=O)OCOC(=O)C(C)(C)C)=CCSC12)c1csc(NC(=O)C(C)N)n1","0","train"
"COc1cc(C(=O)C=CN2CC=CC2)cc(OC)c1OC","1","train"
"COc1cc(C=CC(=O)N2CCCCCCC2)cc(OC)c1OC","1","train"
"COc1cc2c(cc1OC)C(c1ccccc1)CN(C)CC2","1","train"
"COc1ccc(-c2cc(=O)c3c(O)cc(OC4OC(COC5OC(C)C(O)C(O)C5O)C(O)C(O)C4O)cc3o2)cc1O","0","train"
"COc1ccc(C(O)CN2CCN(c3cccccc3=O)CC2)cc1OC","1","train"
"COc1ccc(CC(=O)N2CCN(C(C)=O)CC2CN2CCC(O)C2)cc1","0","train"
"COc1ccc2c(c1)C(=CCCN(C)C)c1ccccc1O2","1","train"
"COc1ccc2c(c1)C13CCCCC1C(C2)N(C)CC3","1","train"
"COc1ccc2c(c1)N(CC(C)CN(C)C)c1ccccc1S2","1","train"
"COc1ccc2c(c1OC)C(=O)OC2C1c2c(cc3c(c2OC)OCO3)CCN1C","1","train"
"COc1ccc2c(c1OC)C13CCN(C)C(C2)C1(O)CCC(O)C3","1","train"
"COc1ccc2c3c1OC1C(=O)CCC4C(C2)N(C)CCC314","1","train"
"COc1ccc2c3c1OC1C(O)CCC4C(C2)N(C)CCC341","1","train"
"COc1cccc(C2(O)CCCCC2CN(C)C)c1","1","train"
"COc1cccc2c1C(=O)c1c(O)c3c(c(O)c1C2=O)CC(O)(C(=O)CO)CC3OC1CC(N)C(OC2CCCCO2)C(C)O1","0","train"
"COc1cccc2c1C(=O)c1c(O)c3c(c(O)c1C2=O)CC(O)(C(=O)CO)CC3OC1CC(N)CC(C)O1","0","train"
"COc1cccc2c1C(=O)c1c(O)c3c(c(O)c1C2=O)CC(O)(C(=O)CO)CC3OC1CC(NC(=O)C(N)CC(C)C)C(O)C(C)O1","0","train"
"COc1cccc2c1C(=O)c1c(O)c3c(c(O)c1C2=O)CC(O)(C(C)=NNC(=O)c1ccccc1)CC3OC1CC(N)C(O)C(C)O1","0","train"
"COc1cccc2c1C(=O)c1c(O)c3c(c(O)c1C2=O)CC(O)(C(C)=O)CC3OC1CC(N)C(O)C(C)O1","0","train"
"COc1cccc2c1CC(CCCNCCCCN1C(=O)CC3(CCCC3)CC1=O)CO2","1","train"
"COc1ccccc1N1CCN(CCCCN2C(=O)C3C(=O)N(C(C)(C)C)C(=O)C(C2=O)C3(C)C)CC1","1","train"
"CSc1ccc(CC(=O)N2CCN(C(C)=O)CC2CN2CCC(O)C2)cc1","0","train"
"Cc1cc(=O)c(C(=O)NC(C(=O)NC2C(=O)N3C(C(=O)O)=C(CSc4nnnn4C)CSC23)c2ccc(O)cc2)c[nH]1","0","train"
"Cc1ccc2c(c1)C13CCCCC1C(C2)N(C)CC3","1","train"
"Cc1cccc(C=NN2CCN(C(c3ccccc3)c3ccccc3)CC2)n1","1","train"
"Cc1cccc(Cl)c1NC(=O)C=C1SCC(=O)N1C","1","train"
"Cc1cccc(OC2CCNCC2O)c1C","1","train"
"Cc1ccccc1-n1c(C=Cc2ccccn2)nc2ccccc2c1=O","1","train"
"Cc1cnn(-c2c(Cl)cccc2Cl)c1C(=O)NC1C(=O)N2C1SC(C)(C)C2C(=O)O","0","train"
"Cc1nnc(SCC2=C(C(=O)O)N3C(=O)C(NC(=O)C(N)c4ccc(O)cc4)C3SC2)s1","0","train"
"Cc1nnc(SCC2=C(C(=O)O)N3C(=O)C(NC(=O)C(O)c4ccccc4)C3SC2)s1","0","train"
"Cc1nnc(SCC2=C(C(=O)O)N3C(=O)C(NC(=O)Cn4cnnn4)C3SC2)s1","0","train"
"Cc1oc(=O)oc1COC(=O)C1N2C(=O)C(NC(=O)C(N)c3ccccc3)C2SC1(C)C","0","train"
"Cc1onc(-c2c(Cl)cccc2Cl)c1C(=O)NC1C(=O)N2C1SC(C)(C)C2C(=O)O","0","train"
"Cc1onc(-c2c(F)cccc2Cl)c1C(=O)NC1C(=O)N2C1SC(C)(C)C2C(=O)O","0","train"
"Cc1onc(-c2ccccc2)c1C(=O)NC1C(=O)N2C1SC(C)(C)C2C(=O)O","0","train"
"Cc1onc(-c2ccccc2Cl)c1C(=O)NC1C(=O)N2C1SC(C)(C)C2C(=O)O","0","train"
"ClC(=Cn1cncn1)c1ccc(Cl)cc1Cl","1","train"
"Clc1ccc(N2CCN(CC=Cc3ccccc3)CC2)nn1","1","train"
"Clc1ccc2c(c1)C(=CC1CN3CCC1CC3)c1ccccc1S2","1","train"
"Cn1nnnc1SCC1=C(C(=O)O)N2C(=O)C(NC(=O)C(O)c3ccccc3)C2SC1","0","train"
"Cn1nnnc1SCC1=C(C(=O)O)N2C(=O)C(NC(=O)CSC(F)(F)F)C2SC1","0","train"
"Cn1nnnc1SCC1=C(C(=O)O)N2C(=O)C(NC(=O)CSC=CC#N)C2SC1","0","train"
"FC(F)(F)c1cccc(N2CCN(CCc3nnc4n3CC3CCCC43)CC2)c1","1","train"
"N#CC(=Cc1ccc(O)cc1)C(C#N)=Cc1ccc(O)cc1","0","train"
"N#CCNC1CCc2ccccc21","1","train"
"NC(=O)OCC1C(NC(=O)C(=NOCC(=O)O)c2csc(N)n2)C(=O)N1S(=O)(=O)O","0","train"
"NC(=O)c1ccc(F)c2c1CC(N(C1CCC1)C1CCC1)CO2","1","train"
"NC(C(=O)NC1C(=O)N2C(C(=O)O)=C(CSc3cn[nH]n3)CSC12)c1ccc(O)cc1","0","train"
"NC(C(=O)NC1C(=O)N2C(C(=O)O)=C(Cl)CCC12)c1ccccc1","0","train"
"NC(Cc1c[nH]c2ccccc12)C(=O)O","1","train"
"NC1CC1c1ccccc1","1","train"
"NCC1OC(OC2C(CO)OC(OC3C(O)C(N)CC(N)C3OC3OC(CN)C(O)C(O)C3N)C2O)C(N)C(O)C1O","0","train"
"NCC1OC(OC2C(N)CC(N)C(O)C2O)C(N)C(O)C1O","0","train"
"NCC1OC(OC2C(N)CC(N)C(OC3OC(CO)C(O)C(N)C3O)C2O)C(N)CC1O","0","train"
"NCCC(O)C(=O)NC1CC(N)C(OC2OC(CN)CCC2N)C(O)C1OC1OC(CO)C(O)C(N)C1O","0","train"
"NCc1ccccc1CC(=O)NC1C(=O)N2C(C(=O)O)=C(CSc3nnnn3CC(=O)O)CSC12","0","train"
"Nc1ccn(C2OC(CO)C(O)C2O)c(=O)n1","1","train"
"Nc1nc(C(=CCC(=O)O)C(=O)NC2C(=O)N3C(C(=O)O)=CCSC23)cs1","0","train"
"Nc1nc2c(ncn2CCC(O)CO)c(=O)[nH]1","1","train"
"O=C(C=Cc1ccc2c(c1)OCO2)N1CCCCC1","1","train"
"O=C(CN1CCC(c2ccc(F)cc2)C(COc2ccc3c(c2)OCO3)C1)c1ccc(F)cc1","1","train"
"O=C(Cc1ccc(Cl)c(Cl)c1)N1CCN(CCO)CC1CN1CCC(O)C1","0","train"
"O=C(Cc1ccc(Cl)c(Cl)c1)N1CCc2ccccc2C1CN1CCCC1","1","train"
"O=C(Cc1ccc(Cl)c(Cl)c1)N1CCc2ccsc2C1CN1CCCC1","1","train"
"O=C(Cc1ccc(Cl)c(Cl)c1)N1CCc2occc2C1CN1CCC(O)C1","1","train"
"O=C(Cc1ccc(Cl)c(Cl)c1)N1CCc2occc2C1CN1CCCC1","1","train"
"O=C(Cc1ccc(Cl)c(Cl)c1)N1CCc2sccc2C1CN1CCCC1","1","train"
"O=C(Cc1ccc(Cl)c(Cl)c1)N1CCn2ccnc2C1CN1CCC(O)C1","0","train"
"O=C(Cc1ccc(Cl)c(Cl)c1)N1CCn2ccnc2C1CN1CCCC1","1","train"
"O=C(Cc1ccc(Cl)c(Cl)c1)N1CCn2ncnc2C1CN1CCCC1","1","train"
"O=C(Cc1cccs1)NC1C(=O)N2C(C(=O)O)=C(CSc3ncn[nH]3)CSC12","0","train"
"O=C(Cn1cnnn1)NC1C(=O)N2C(C(=O)O)=C(CSc3nncs3)CSC12","0","train"
"O=C(O)C1=C(CSc2nnnn2CS(=O)(=O)O)CSC2C(NC(=O)C(O)c3ccccc3)C(=O)N12","0","train"
"O=C1C2C3C=CC(C4C=CC43)C2C(=O)N1CCCCN1CCN(c2ncccn2)CC1","1","train"
"O=C1CC2c3cc(Cl)ccc3OC3(CCNCC23)N1","1","train"
"O=c1[nH]c2ccccc2c(=O)n1CCN1CC2CC(c3ccc(F)cc3)C2C1","1","train"
"OCC(O)C1OC2OC(C(Cl)(Cl)Cl)OC2C1O","1","train"
"OCCC1CCN(CCC=C2c3ccc(F)cc3Sc3ccc(C(F)(F)F)cc32)CC1","1","train"
"OCCN1CCN(CCC=C2c3ccccc3COc3ccc(Cl)cc32)CC1","1","train"
"OCCN1CCN(CCC=C2c3ccccc3Sc3ccc(C(F)(F)F)cc32)CC1","1","train"
"OCCN1CCN(CCC=C2c3ccccc3Sc3ccc(Cl)cc32)CC1","1","train"
"OCc1ccccc1OC1OC(CO)C(O)C(O)C1O","1","train"
"[O-][N+]1=C(c2ccccc2)c2cc(Cl)ccc2N=C(NCC2CC2)C1","1","train"
"CC(=O)NC1C(I)C(NC(C)=O)C(I)C(C(=O)O)C1I","0","train"
"CC12CCC(=O)C=C1CCC1C2C(O)CC2(C=O)C(C(=O)CO)CCC12","0","train"
"CC1C=CC=CC=CC=CC=CC=CC=CC(OC2OC(C)C(O)C(N)C2O)CC2OC(O)(CC(O)CC(O)C(O)CCC(O)CC(O)CC(=O)OC(C)C(C)C1O)CC(O)C2C(=O)O","0","train"
"CC[C@H](C)[C@H](NC(=O)[C@@H](CCC(=O)O)NC(=O)[C@H](CC(C)C)NC(=O)[C@@H]1CSC([C@H](N)[C@H](C)CC)=N1)C(=O)NCCCC[C@@H]1NC(=O)[C@H](CC(N)=O)NC(=O)[C@@H](CC(=O)O)NC(=O)[C@H](Cc2c[nH]cn2)NC(=O)[C@@H](Cc2ccccc2)NC(=O)[C@H]([C@@H](C)CC)NC(=O)[C@@H](CCCN)NC1=O","0","train"
"CN1Cc2c(-c3noc(C(C)(CO)CO)n3)ncn2-c2ccccc2C1=O","0","train"
"COC(C(=O)C(O)C(C)O)C1Cc2cc3cc(OC4CC(OC5CC(O)C(O)C(C)O5)C(O)C(C)O4)c(C)c(O)c3c(O)c2C(=O)C1OC1CC(OC2CC(OC3CC(C)(O)C(O)C(C)O3)C(O)C(C)O2)C(O)C(C)O1","1","train"
"N#Cc1ccc(N2CCC3(CCNCC3)CC2)cc1","0","train"
"NC(=O)N1c2ccccc2[C@H]2O[C@@H]2c2ccccc21","1","train"
"O=C(Cc1ccc(Cl)c(Cl)c1)N1CCc2ccsc2[C@H]1CN1CCCC1","1","train"
"O=C(O)c1cc(=O)c2c(OCC(O)COc3cccc4oc(C(=O)O)cc(=O)c34)cccc2o1","0","train"
"O=C(O)c1cc(=O)cco1","0","train"
"C#C[C@]1(O)CC[C@H]2[C@@H]3CCC4=Cc5c(cnn5-c5ccc(F)cc5)C[C@]4(C)[C@H]3CC[C@@]21C","1","train"
"C/C(=C1\CCOC(=O)S1)N(C=O)Cc1cnc(C)nc1N","1","train"
"C/C(=C\CCN1CCC2(CC1)C(=O)NCN2c1ccccc1)c1ccc(F)cc1","1","train"
"C=C1CC2C3C=CC4=CC(=O)CC[C@]4(C)C3[C@@H](O)C[C@]2(C)[C@@]1(O)C(=O)CO","1","train"
"C=C1c2c(Cl)ccc(O)c2C(O)=C2C(=O)[C@]3(O)C(O)=C(C(N)=O)C(=O)[C@@H](N(C)C)[C@@H]3[C@@H](O)[C@H]12","0","train"
"C=CC1O[C@@H]2C[C@H]3[C@@H]4CCC5=CC(=O)C=C[C@]5(C)[C@@]4(F)[C@@H](O)C[C@]3(C)[C@]2(C(=O)CO)O1","1","train"
"C=CC[C@@H]1C=C(C)C[C@H](C)C[C@H](OC)[C@H]2O[C@@](O)(C(=O)C(=O)N3CCCC[C@H]3C(=O)O[C@H](/C(C)=C/[C@@H]3CC[C@@H](O)[C@H](OC)C3)[C@H](C)[C@@H](O)CC1=O)[C@H](C)C[C@@H]2OC","0","train"
"CC(=O)Nc1ccc(S(=O)(=O)c2ccc(NC(C)=O)cc2)cc1","1","train"
"CC(=O)OCC(=O)[C@@]1(O)CCC2C3CCC4=CC(=O)CC[C@]4(C)[C@@]3(F)[C@@H](O)C[C@@]21C","1","train"
"CC(=O)OCC(=O)[C@@]1(O)CCC2C3C[C@H](Cl)C4=CC(=O)C=C[C@]4(C)C3C(=O)C[C@@]21C","1","train"
"CC(=O)OCC(=O)[C@@]1(O)[C@H](C)C[C@H]2C3C=C(C)C4=Cc5c(cnn5-c5ccccc5)C[C@]4(C)[C@H]3[C@@H](O)C[C@@]21C","1","train"
"CC(=O)OCC(=O)[C@@]1(O)[C@H](C)C[C@H]2C3CC(F)(F)C4=CC(=O)C=C[C@]4(C)[C@@]3(F)[C@@H](O)C[C@@]21C","1","train"
"CC(=O)OCC(=O)[C@@]1(O)[C@H](OC(C)=O)C[C@H]2C3CCC4=CC(=O)C=C[C@]4(C)[C@@]3(F)[C@@H](O)C[C@@]21C","1","train"
"CC(=O)OCC(=O)[C@@]1(OC(=O)c2ccco2)[C@H](C)C[C@H]2C3CCC4=CC(=O)C=C[C@]4(C)[C@@]3(F)[C@@H](O)C[C@@]21C","1","train"
"CC(=O)OCC(=O)[C@@]1(OC(C)=O)CC[C@H]2C3C[C@@H](F)C4=CC(=O)C(Br)=CC4(C)[C@@]3(F)[C@@H](O)C[C@@]21C","1","train"
"CC(=O)OCC(=O)[C@@]1(OC(C)=O)[C@@H](C)C[C@H]2C3C[C@H](F)C4=CC(=O)C=C[C@]4(C)[C@@]3(F)[C@@H](O)C[C@@]21C","1","train"
"CC(=O)OCC(=O)[C@@]12N=C(C)O[C@@H]1CC1C3CCC4=CC(=O)C=C[C@]4(C)C3[C@@H](O)C[C@@]12C","1","train"
"CC(=O)OCC(=O)[C@@]12OC(C)(C)O[C@@H]1CC1C3C[C@H](F)C4=CC(=O)C=C[C@]4(C)C3[C@@H](O)C[C@@]12C","1","train"
"CC(=O)OCC(=O)[C@@]12OC(C)(C)O[C@@H]1CC1C3C[C@H](F)C4=CC(=O)C=C[C@]4(C)[C@@]3(F)[C@@H](O)C[C@@]12C","1","train"
"CC(=O)OCC(=O)[C@@]12OC(C)(C)O[C@@H]1C[C@H]1C3CC(C#N)=C4C=C(OCCCl)CC[C@]4(C)[C@@]3(F)[C@@H](O)C[C@@]12C","1","train"
"CC(=O)OCC(=O)[C@H]1[C@H](C)C[C@H]2C3C[C@H](F)C4=CC(=O)C=C[C@]4(C)[C@@]3(Cl)[C@@H](O)C[C@@]21C","1","train"
"CC(=O)OCC/C(SC(C)=O)=C(\C)N(C=O)Cc1cnc(C)nc1N","1","train"
"CC(=O)OCC1=C(C(=O)O)N2C(=O)[C@@H](NC(=O)CC#N)[C@H]2SC1","0","train"
"CC(=O)OCOC(=O)[C@@H]1N2C(=O)[C@@H](NC(=O)Cc3ccccc3)[C@H]2SC1(C)C","0","train"
"CC(=O)O[C@@H]1C=CC(C)=CC[C@H](O)C=CC(C)=C[C@@H](NC(=O)C(C)=O)[C@]2(C)C(=O)O[C@H](C1)[C@@H](C)C2=O","0","train"
"CC(=O)O[C@H]1CC[C@]2(C)C3CC[C@@]4(C)C(CC[C@@H]4[C@H](C)CCCC(C)C)C3C[C@@H](Br)[C@@]2(Br)C1","1","train"
"CC(=O)O[C@H]1C[C@@]2(C)[C@@H](C[C@@H](O)C3[C@@]4(C)CC[C@@H](O)[C@@H](C)[C@@H]4CC[C@@]32C)/C1=C(/CCC=C(C)C)C(=O)O","0","train"
"CC(=O)[C@@]12OC(C)(C)O[C@@H]1C[C@H]1[C@@H]3CCC4=CC(=O)C=C[C@]4(C)[C@@]3(F)[C@@H](O)C[C@@]12C","1","train"
"CC(=O)[C@H]1CCC2C3CC[C@@H]4C[C@H](O)CC[C@]4(C)C3C(=O)C[C@@]21C","1","train"
"CC(=O)[C@H]1CCC2C3CC[C@H]4C[C@](C)(O)CC[C@]4(C)C3CC[C@@]21C","1","train"
"CC(=O)[C@H]1CCC2C3C[C@@H](O)C45C[C@H]4CC[C@]5(C)C3CC[C@@]21C","1","train"
"CC(=O)[C@H]1CC[C@H]2[C@@H]3CC=C4C[C@@H](O)CC[C@]4(C)[C@H]3CC[C@]12C","1","train"
"CC(=O)[C@H]1CC[C@H]2[C@@H]3CC=C4C[C@@H](OC(=O)CCC(=O)O)CC[C@]4(C)[C@H]3CC[C@]12C","1","train"
"CC(=O)[C@H]1CC[C@H]2[C@@H]3C[C@H](C)C4=CC(=O)C=C[C@]4(C)[C@H]3[C@@H](O)C[C@]12C","1","train"
"CC(=O)[C@]1(O)Cc2c(O)c3c(c(O)c2[C@@H](O[C@@H]2C[C@@H](N)[C@@H](O)[C@@H](C)O2)C1)C(=O)c1ccccc1C3=O","0","train"
"CC(=O)[C@]1(O)Cc2c(O)c3c(c(O)c2[C@@H](O[C@H]2C[C@H](N)[C@H](O)[C@H](C)O2)C1)C(=O)c1c(O)cccc1C3=O","0","train"
"CC(C)(Oc1ccc(Cl)cc1)C(=O)NC(C(=O)N[C@H]1C(=O)N2[C@H]1SC(C)(C)[C@H]2C(=O)O)c1ccccc1","0","train"
"CC(C)=CCN1CC[C@@]2(C)c3cc(O)ccc3C[C@@H]1[C@@H]2C","1","train"
"CC(C)CC(NC(=O)C(C)NC(=O)CNC(=O)C(NC=O)C(C)C)C(=O)NC(C)C(=O)NC(C(=O)NC(C(=O)NC(C(=O)NC(Cc1c[nH]c2ccccc12)C(=O)NC(CC(C)C)C(=O)NC(Cc1ccccc1)C(=O)NC(CC(C)C)C(=O)NC(Cc1c[nH]c2ccccc12)C(=O)NC(CC(C)C)C(=O)NC(Cc1c[nH]c2ccccc12)C(=O)NCCO)C(C)C)C(C)C)C(C)C","0","train"
"CC(C)CCC(=O)C[C@@H]1c2ccccc2C(=O)N1c1ccc2ccc(Cl)nc2n1","1","train"
"CC(C)C[C@@H](NC(=O)[C@H](C)NC(=O)CNC(=O)[C@@H](NC=O)C(C)C)C(=O)N[C@@H](C)C(=O)N[C@@H](C(=O)N[C@H](C(=O)N[C@@H](C(=O)N[C@@H](Cc1c[nH]c2ccccc12)C(=O)N[C@H](CC(C)C)C(=O)N[C@@H](Cc1c[nH]c2ccccc12)C(=O)N[C@H](CC(C)C)C(=O)N[C@@H](Cc1c[nH]c2ccccc12)C(=O)N[C@H](CC(C)C)C(=O)N[C@@H](Cc1c[nH]c2ccccc12)C(=O)NCCO)C(C)C)C(C)C)C(C)C","0","train"
"CC(C)C[C@@H]1NC(=O)[C@H](CCCN)NC(=O)[C@H](C(C)C)NC(=O)[C@@H]2CCCN2C(=O)[C@@H](Cc2ccccc2)NC(=O)[C@H](CC(C)C)NC(=O)[C@H](CCCN)NC(=O)[C@H](C(C)C)NC(=O)[C@@H]2CCCN2C(=O)[C@@H](Cc2ccccc2)NC1=O","0","train"
"CC(C)C[C@H](N)C(=O)N[C@@H](CCCN)C(=O)N[C@H](C(=O)N[C@@H](CCCN)C(=O)N1CCC[C@H]1C(=O)N[C@@H](C=O)Cc1ccccc1)C(C)C","0","train"
"CC(C)N[C@@H]1C2CCC(CC2)[C@@]1(O)c1ccc(Cl)c(Cl)c1","1","train"
"CC(C)n1cc2c3c(cccc31)[C@H]1C[C@@H](C(=O)NC3CCCCC3)CN(C)[C@@H]1C2","1","train"
"CC(O)C(=O)[C@@]1(O)CC[C@H]2[C@@H]3CCC4=CC(=O)C=C[C@]4(C)[C@@]3(F)[C@@H](O)C[C@@]21C","1","train"
"CC(Oc1ccccc1)C(=O)N[C@@H]1C(=O)N2[C@@H](C(=O)O)C(C)(C)S[C@H]12","0","train"
"CC1(C)NC(=O)C(/C=C\c2ccccc2)O1","1","train"
"CC1(C)O[C@@H]2CC3C4CCC5=CC(=O)CC[C@]5(C)[C@@]4(F)[C@@H](O)C[C@]3(C)[C@]2(C(=O)CCl)O1","1","train"
"CC1(C)O[C@@H]2CC3C4CC[C@H]5CC(=O)CC[C@]5(C)[C@@]4(F)[C@@H](O)C[C@]3(C)[C@]2(C(=O)CO)O1","1","train"
"CC1(C)O[C@@H]2CC3C4C[C@H](F)C5=CC(=O)C=C[C@]5(C)C4[C@@H](O)C[C@]3(C)[C@]2(C(=O)CO)O1","1","train"
"CC1(C)O[C@@H]2CC3C4C[C@H](F)C5=CC(=O)C=C[C@]5(C)[C@@]4(Cl)[C@@H](Cl)C[C@]3(C)[C@]2(C(=O)CO)O1","1","train"
"CC1(C)O[C@@H]2CC3C4C[C@H](F)C5=CC(=O)C=C[C@]5(C)[C@@]4(F)[C@@H](O)C[C@]3(C)[C@]2(C(=O)CO)O1","1","train"
"CC1(C)O[C@@H]2CC3C4C[C@H](F)C5=CC(=O)CC[C@]5(C)C4[C@@H](O)C[C@]3(C)[C@]2(C(=O)CO)O1","1","train"
"CC1(C)O[C@@H]2C[C@H]3C4C[C@H](F)C5=CC(=O)C=C[C@]5(C)[C@@]4(Cl)[C@@H](Cl)C[C@]3(C)[C@]2(C(=O)CF)O1","1","train"
"CC1(C)O[C@@H]2C[C@H]3[C@@H]4CCC5=CC(=O)C=C[C@]5(C)[C@H]4[C@@H](O)C[C@]3(C)[C@]2(C(=O)CO)O1","1","train"
"CC1(C)O[C@@H]2C[C@H]3[C@@H]4C[C@H](F)C5=CC(=O)C=C[C@]5(C)[C@@]4(Cl)[C@@H](Cl)C[C@]3(C)[C@]2(C(=O)CCl)O1","1","train"
"CC1(C)SC2C(NC(=O)C(N=[N+]=[N-])c3ccccc3)C(=O)N2C1C(=O)O","0","train"
"CC1(C)S[C@@H]2[C@H](N3C(=O)[C@@H](c4ccc(O)cc4)NC3(C)C)C(=O)N2[C@H]1C(=O)O","0","train"
"CC1(C)S[C@@H]2[C@H](NC(=O)C(N=Cc3ccco3)c3ccc(O)cc3)C(=O)N2[C@H]1C(=O)O","0","train"
"CC1(C)S[C@@H]2[C@H](NC(=O)C34CC5CC(CC(N)(C5)C3)C4)C(=O)N2[C@H]1C(=O)O","0","train"
"CC1(C)S[C@@H]2[C@H](NC(=O)[C@H](NC(=O)CN=C(N)c3ccncc3)c3ccccc3)C(=O)N2[C@H]1C(=O)O","0","train"
"CC1(C)S[C@@H]2[C@H](NC(=O)[C@H](NC(=O)c3c[nH]c4cccnc4c3=O)c3ccccc3)C(=O)N2[C@H]1C(=O)O","0","train"
"CC1(C)[C@H](NC(=O)/C(=N\OCC(=O)O)c2csc(N)n2)C(=O)N1OS(=O)(=O)O","0","train"
"CC12C=C(Br)C(=O)C=C1[C@H](F)CC1[C@@H]3CC[C@](O)(C(=O)CO)[C@@]3(C)C[C@H](O)[C@@]12F","1","train"
"CC1=C(C(=O)O)N2C(=O)[C@@H](NC(=O)C(N)c3cccc(NS(C)(=O)=O)c3)[C@H]2SC1","0","train"
"CC1=CC[C@H]2[C@H]3Cc4ccc(O)c5c4[C@@]2(CCN3C)[C@H]1O5","1","train"
"CC1OC(=O)C(C(C)C)NC(=O)C(C(C)C)OC(=O)C(C(C)C)NC(=O)C(C)OC(=O)C(C(C)C)NC(=O)C(C(C)C)OC(=O)C(C(C)C)NC(=O)C(C)OC(=O)C(C(C)C)NC(=O)C(C(C)C)OC(=O)C(C(C)C)NC1=O","0","train"
"CCC(=O)OCC(=O)[C@@]12OC(C)(C)O[C@@H]1C[C@H]1[C@@H]3C[C@H](F)C4=CC(=O)C=C[C@]4(C)[C@@]3(F)[C@@H](O)C[C@@]12C","1","train"
"CCC(=O)O[C@@](Cc1ccccc1)(c1ccccc1)[C@@H](C)CN(C)C","1","train"
"CCC(=O)O[C@H]1[C@H](C)O[C@@H](O[C@@H]2[C@@H](C)O[C@@H](O[C@@H]3[C@@H](OC)[C@H](OC(=O)CC)CC(=O)O[C@H](C)CC=CC=C[C@H](O)[C@H](C)C[C@@H]3CC=O)[C@H](O)[C@H]2N(C)C)C[C@@]1(C)O","0","train"
"CCC(=O)O[C@H]1[C@H](O[C@@H]2[C@@H](C)[C@H](O[C@H]3C[C@@](C)(OC)[C@@H](O)[C@H](C)O3)[C@@H](C)C(=O)O[C@H](CC)[C@@](C)(O)[C@H](O)[C@@H](C)C(=O)[C@H](C)C[C@@]2(C)O)O[C@H](C)C[C@@H]1N(C)C","0","train"
"CCC(=O)O[C@]1(C(=O)SC)[C@H](C)C[C@H]2[C@@H]3C[C@H](F)C4=CC(=O)C=C[C@]4(C)[C@@]3(F)[C@@H](O)C[C@@]21C","1","train"
"CCC(=O)O[C@]1(C(=O)SCCl)[C@H](C)C[C@H]2[C@@H]3C[C@H](F)C4=CC(=O)C=C[C@]4(C)[C@@]3(F)[C@@H](O)C[C@@]21C","1","train"
"CCC(=O)O[C@]1(c2ccccc2)CCN(C)C[C@@H]1C","1","train"
"CCC(C)C(C(=O)OC1CC[N+](C)(C)CC1)c1ccccc1","0","train"
"CCC(Oc1ccccc1)C(=O)N[C@@H]1C(=O)N2[C@@H](C(=O)O)C(C)(C)S[C@H]12","0","train"
"CCC1(CC)O[C@@H]2C[C@H]3[C@@H]4CCC5=CC(=O)C=C[C@]5(C)[C@@]4(F)[C@@H](O)C[C@]3(C)[C@]2(C(=O)CO)O1","1","train"
"CCCC(=O)OCC(=O)[C@@]1(OC(=O)CCC)[C@H](C)C[C@H]2[C@@H]3CCC4=CC(=O)C=C[C@]4(C)[C@@]3(Cl)[C@@H](Cl)C[C@@]21C","1","train"
"CCCC(=O)O[C@]1(C(=O)COC(C)=O)CC[C@H]2C3C[C@H](F)C4=CC(=O)C=C[C@]4(C)[C@@]3(F)[C@@H](O)C[C@@]21C","1","train"
"CCCC1O[C@H]2CC3C4CCC5=CC(=O)C=C[C@]5(C)C4[C@@H](O)C[C@]3(C)[C@]2(C(=O)CO)O1","1","train"
"CCCCC(=O)O[C@]1(C(=O)CO)CC[C@H]2[C@@H]3CCC4=CC(=O)C=C[C@]4(C)[C@H]3[C@@H](O)C[C@@]21C","1","train"
"CCCCC(=O)O[C@]1(C(=O)CO)CC[C@H]2[C@@H]3C[C@H](F)C4=CC(=O)C=C[C@]4(C)[C@H]3[C@@H](O)C[C@@]21C","1","train"
"CCCCCC1CN[C@H](C(=O)NC(C(C)Cl)[C@H]2O[C@H](SC)[C@H](O)[C@@H](O)[C@H]2O)C1","0","train"
"CCCCCCCCCCCCCC(=O)OC1C=C[C@H]2[C@H]3Cc4ccc(OCc5ccccc5)c5c4[C@@]2(CCN3C)[C@H]1O5","1","train"
"CCCN1C[C@@H](NS(=O)(=O)N(CC)CC)C[C@@H]2Cc3c(O)cccc3CC21","1","train"
"CCC[C@@H]1C[C@@H](C(=O)NC(C(C)O)[C@H]2O[C@H](SC)[C@H](O)[C@@H](O)[C@H]2O)N(C)C1","0","train"
"CCC[C@@H]1O[C@@H]2CC3C4C[C@H](F)C5=CC(=O)C=C[C@]5(C)[C@@]4(F)[C@@H](O)C[C@]3(C)[C@]2(C(=O)O[C@H](C)OC(=O)OCC)O1","1","train"
"CCN(CC)/C(C)=N/N=C/c1c2c(O)c3c(O)c(C)c4c(c3c1O)C(=O)[C@@](C)(OC=C[C@H](OC)[C@@H](C)[C@@H](OC(C)=O)[C@H](C)[C@H](O)[C@H](C)[C@@H](O)[C@@H](C)C=CC=C(C)C(=O)N2)O4","0","train"
"CCN(CC)CC(=O)OCC(=O)[C@@]1(O)CCC2C3CCC4=CC(=O)CC[C@]4(C)C3[C@@H](O)C[C@@]21C","1","train"
"CCOC(=O)CC(O)CC(O)/C=C/C1=C(c2ccc(F)cc2)c2ccccc2OC12CCCC2","1","train"
"CCOC(=O)CCC(=O)O[C@H]1[C@H](O[C@@H]2[C@@H](C)[C@H](O[C@H]3C[C@@](C)(OC)[C@@H](O)[C@H](C)O3)[C@@H](C)C(=O)O[C@H](CC)[C@@](C)(O)[C@H](O)[C@@H](C)C(=O)[C@H](C)C[C@@]2(C)O)O[C@H](C)C[C@@H]1N(C)C","0","train"
"CCOC(=O)O[C@H]1[C@H](O[C@@H]2[C@@H](C)[C@H](O[C@H]3C[C@@](C)(OC)[C@@H](O)[C@H](C)O3)[C@@H](C)C(=O)O[C@H](CC)[C@@](C)(O)[C@H](O)[C@@H](C)C(=O)[C@H](C)C[C@@]2(C)O)O[C@H](C)C[C@@H]1N(C)C","0","train"
"CCOC(=O)O[C@]1(C(=O)OCCl)CC[C@H]2[C@@H]3CCC4=CC(=O)C=C[C@]4(C)[C@H]3[C@@H](O)C[C@@]21C","1","train"
"CCOC(=O)[C@]1(c2ccccc2)CCC=C[C@H]1N(C)C","1","train"
"CCOC(OCC)C(=O)OCC(=O)[C@]1(O)Cc2c(O)c3c(c(O)c2[C@@H](O[C@H]2C[C@H](N)[C@H](O)[C@H](C)O2)C1)C(=O)c1c(OC)cccc1C3=O","0","train"
"CC[C@@H](OC(C)=O)C(C[C@@H](C)N(C)C)(c1ccccc1)c1ccccc1","1","train"
"CC[C@@H]1NC(=O)[C@@H]2CCCN2C(=O)[C@@H](Cc2ccccc2)NC(=O)[C@H](CC(C)C)NC(=O)[C@H](CCCN)NC(=O)[C@H](C(C)C)NC(=O)[C@@H]2CCCN2C(=O)[C@@H](Cc2ccccc2)NC(=O)[C@H](CC(C)C)NC(=O)[C@H](CCCN)NC1=O","0","train"
"CC[C@H](NC(=O)[C@@H]1CCCN1C(=O)[C@@H](Cc1ccccc1)NC(=O)[C@@H](N)CC(C)C)C(=O)N[C@@H](CCCN)C(=O)N[C@@H](CC(C)C)C(=O)N[C@H](Cc1ccccc1)C(=O)N1CCC[C@H]1C(=O)N[C@@H](CC)C(=O)N[C@H](C=O)CCCN","0","train"
"CC[C@H](O)C(C[C@@H](C)N(C)C)(c1ccccc1)c1ccccc1","1","train"
"CC[C@H](OC(C)=O)C(C[C@@H](C)N(C)C)(c1ccccc1)c1ccccc1","1","train"
"CC[C@H]1OC(=O)[C@H](C)[C@@H](O[C@H]2C[C@@](C)(OC)[C@@H](O)[C@H](C)O2)[C@H](C)[C@@H](O[C@@H]2O[C@H](C)C[C@H](N(C)C)[C@H]2O)[C@](C)(O)C[C@@H](C)/C(=N/OC)[C@H](C)[C@@H](O)[C@]1(C)O","0","train"
"CC[C@H]1OC(=O)[C@H](C)[C@@H](O[C@H]2C[C@@](C)(OC)[C@@H](O)[C@H](C)O2)[C@H](C)[C@@H](O[C@@H]2O[C@H](C)C[C@H](N(C)C)[C@H]2O)[C@](C)(O)C[C@@H](C)/C(=N/OCOCCOC)[C@H](C)[C@@H](O)[C@]1(C)O","0","train"
"CC[C@H]1OC(=O)[C@H](C)[C@@H](O[C@H]2C[C@@](C)(OC)[C@@H](O)[C@H](C)O2)[C@H](C)[C@@H](O[C@@H]2O[C@H](C)C[C@H](N(C)C)[C@H]2O)[C@](C)(O)C[C@@H](C)C(=O)[C@H](C)[C@@H](O)[C@H]1C","0","train"
"CC[C@H]1OC(=O)[C@H](C)[C@@H](O[C@H]2C[C@@](C)(OC)[C@@H](O)[C@H](C)O2)[C@H](C)[C@@H](O[C@@H]2O[C@H](C)C[C@H](N(C)C)[C@H]2O)[C@](C)(O)C[C@@H](C)CN(C)[C@H](C)[C@@H](O)[C@]1(C)O","0","train"
"CC[C@H]1OC(=O)[C@H](C)[C@@H](O[C@H]2C[C@@](C)(OC)[C@@H](O)[C@H](C)O2)[C@H](C)[C@@H](O[C@H]2O[C@@H](C)C[C@@H](N(C)C)[C@@H]2O)[C@](C)(O)C[C@@H](C)C(=O)[C@H](C)[C@@H](O)[C@]1(C)O","0","train"
"CC[C@]1(O)C[C@H]2CN(CCc3c([nH]c4ccccc34)C(C(=O)OC)(c3cc4c(cc3OC)N(C)[C@@H]3C45CCN4CC=C[C@](CC)([C@H]45)[C@@H](OC(C)=O)[C@]3(O)C(=O)OC)C2)C1","0","train"
"CC[N+](C)(C)C(C)CC(c1ccccc1)c1ccccc1","0","train"
"CN(C)CCOC1(Cc2ccccc2)C[C@H]2CC[C@]1(C)C2(C)C","1","train"
"CN(C)[C@@H]1C(=O)C(C(=O)NCNCCCCC(N)C(=O)O)=C(O)[C@@]2(O)C(=O)C3=C(O)c4c(O)cccc4[C@@](C)(O)[C@H]3C[C@@H]12","0","train"
"CN1CC[C@@]2(C)c3cc(OC(=O)N4CCc5ccccc5C4)ccc3N(C)C12","1","train"
"CN1CC[C@]2(C)C[C@@H](Cc3ccc(O)cc32)C1","1","train"
"CN1CC[C@]23c4c5ccc(O)c4O[C@H]2C(=O)C=C[C@@]3(CCCCCN)[C@H]1C5","1","train"
"CN1CC[C@]23c4c5ccc(O)c4O[C@H]2CCC[C@H]3[C@H]1C5","1","train"
"CN1CC[C@]23c4c5ccc(O)c4O[C@H]2[C@@](C)(O)CC[C@H]3[C@H]1C5","1","train"
"CN1C[C@@H](CC#N)C[C@@H]2c3cccc4[nH]cc(c34)C[C@H]21","1","train"
"CN1C[C@H](CSc2ccccn2)C=C2c3cccc4[nH]cc(c34)C[C@H]21","1","train"
"CN1[C@@H]2CC[C@@H]1CC(OC(=O)C(O)c1ccccc1)C2","1","train"
"CN1[C@H]2CC[C@@H]1CC(OC(=O)[C@H](CO)c1ccccc1)C2","1","train"
"CN1[C@H]2CC[C@@H]1CC(OC(c1ccccc1)c1ccccc1)C2","1","train"
"CNC(=O)C[C@H](N)C(=O)N[C@@H](C(=O)N[C@@H]1C(=O)N2[C@@H](C(=O)O)C(C)(C)S[C@H]12)c1ccc(O)cc1","0","train"
"CNC(=O)O[C@@H]1OC(=O)[C@H]2[C@@H]3C=C[C@@H](C3)[C@@H]12","1","train"
"CNC(=O)Oc1ccc2c(c1)[C@@]1(C)CCN(C)[C@H]1N2C","1","train"
"CNC1CCCC(=O)C1c1ccccc1Cl","1","train"
"CN[C@@H]1[C@@H](O[C@H]2O[C@H](CO)[C@@H](N)[C@H](O)[C@H]2O)OC2C[C@@H](N)[C@@H](O[C@@H]3[C@@H](N)C[C@@H](N)[C@H](O)[C@H]3O)O[C@@H]2[C@@H]1O","0","train"
"CN[C@H](CC(C)C)C(=O)N[C@H]1C(=O)N[C@@H](CC(N)=O)C(=O)N[C@H]2C(=O)N[C@H]3C(=O)N[C@H](C(=O)N[C@H](C(=O)O)c4cc(O)cc(O)c4-c4cc3ccc4O)[C@H](O)c3ccc(c(Cl)c3)Oc3cc2cc(c3O[C@@H]2O[C@H](CO)[C@@H](O)[C@H](O)[C@H]2O[C@H]2C[C@](C)(N)[C@H](O)[C@H](C)O2)Oc2ccc(cc2Cl)[C@H]1O","0","train"
"CO/N=C(/C(=O)N[C@@H]1C(=O)N(OCC(=O)O)[C@H]1C)c1csc(N)n1","0","train"
"CO/N=C(/C(=O)N[C@@H]1C(=O)N2C(C(=O)O)=C(/C=C\c3scnc3C)CS[C@H]12)c1csc(N)n1","0","train"
"CO/N=C(/C(=O)N[C@@H]1C(=O)N2C(C(=O)O)=C(CSc3nc(C)c(CC(=O)O)s3)CS[C@H]12)c1csc(N)n1","0","train"
"CO/N=C(/C(=O)N[C@@H]1C(=O)N2C(C(=O)O)=C(C[n+]3cccc4c3CCC4)CS[C@H]12)c1csc(N)n1","0","train"
"CO/N=C(/C(=O)N[C@@H]1C(=O)N2C(C(=O)O)=C(C[n+]3ccn4ncccc43)CS[C@H]12)c1nsc(N)n1","0","train"
"CO/N=C(/C(=O)N[C@@H]1C(=O)N2C(C(=O)OC(C)OC(=O)C(C)(C)OC)=C(COC(N)=O)CS[C@H]12)c1ccco1","0","train"
"CO/N=C(\C(=O)N[C@@H]1C(=O)N2C(C(=O)O)=C(COC(N)=O)CS[C@H]12)c1ccco1","0","train"
"CO/N=C(\C(=O)N[C@@H]1C(=O)N2C(C(=O)O)=C(C[N+]3(C)CCCC3)CS[C@H]12)c1csc(N)n1","0","train"
"CO/N=C(\C(=O)N[C@@H]1C(=O)N2C(C(=O)O)=C(C[N+]34CCC(C(N)=O)(CC3)CC4)CS[C@H]12)c1nsc(N)n1","0","train"
"CO/N=C(\C(=O)N[C@@H]1C(=O)N2C(C(=O)O)=C(C[n+]3ccc(N)n3CCO)CS[C@H]12)c1csc(N)n1","0","train"
"COC(=O)C1NC(=O)[C@H]2NC(=O)[C@H](NC(=O)[C@@H]3NC(=O)[C@H]4NC(=O)[C@H](NC(=O)[C@@H](N)c5ccc(O)c(c5)Oc5cc4cc(O)c5C)[C@H](O)c4ccc(c(Cl)c4)Oc4cc3cc(c4O)Oc3ccc(cc3Cl)[C@H]2O[C@@H]2O[C@H](CO)[C@@H](O)[C@H](O)[C@H]2NC(C)=O)c2ccc(O)c(c2)-c2c(O)cc(O)cc21","0","train"
"COC(=O)[C@H]1[C@H]2C[C@@H]3c4[nH]c5cc(OC)ccc5c4CCN3C[C@H]2C[C@H](OC)[C@@H]1OC","1","train"
"COC(=O)[C@H]1[C@H]2C[C@@H]3c4[nH]c5ccccc5c4CCN3C[C@@H]2C[C@@H](OC(=O)c2cc(OC)c(OC)c(OC)c2)[C@@H]1OC","1","train"
"COC(OC)C(=O)[C@@]12OC(C)(C)O[C@@H]1CC1C3C[C@H](F)C4=CC(=O)C=C[C@]4(C)[C@@]3(F)[C@@H](O)C[C@@]12C","1","train"
"COC1=C(C(=O)O)N2C(=O)[C@@H](NC(=O)[C@H](N)C3C=CCC=C3)[C@H]2SC1","0","train"
"COC1=CC(=O)O[C@@H]1[C@@H](O)c1ccccc1Cl","1","train"
"COCOC(=O)[C@@H]1N2C(=O)[C@@H](N3C(=O)C(c4ccc(O)cc4)NC3(C)C)[C@H]2SC1(C)C","0","train"
"CO[C@@H]1C(N(C)C(=O)CN)[C@@H](O)[C@H](O[C@H]2O[C@H](C(C)N)CC[C@H]2N)[C@@H](N)[C@@H]1O","0","train"
"CO[C@@H]1[C@@H](OC2O[C@H](C)[C@@H](O[C@H]3C[C@@](C)(O)[C@@H](O)[C@H](C)O3)[C@H](N(C)C)[C@H]2O)[C@@H](CC=O)C[C@@H](C)[C@@H](O)C=CC=CC[C@@H](C)OC(=O)C[C@H]1O","0","train"
"CO[C@@H]1[C@@H](OC2O[C@H](C)[C@@H](O[C@H]3C[C@@](C)(O)[C@@H](O)[C@H](C)O3)[C@H](N(C)C)[C@H]2O)[C@@H](CC=O)C[C@@H](C)[C@@H](OC2CC[C@H](N(C)C)[C@@H](C)O2)C=CC=CC[C@@H](C)OC(=O)C[C@H]1O","0","train"
"CO[C@@H]1[C@@H](O[C@@H]2O[C@H](C)[C@@H](O[C@H]3C[C@@](C)(O)[C@@H](OC(=O)CC(C)C)[C@H](C)O3)[C@H](N(C)C)[C@H]2O)[C@@H](CC=O)C[C@@H](C)[C@@H](O)C=CC=CC[C@@H](C)OC(=O)C[C@H]1OC(C)=O","0","train"
"CO[C@@]1(NC(=O)CSC(F)F)C(=O)N2C(C(=O)O)=C(CSc3nnnn3CCO)CO[C@@H]21","0","train"
"CO[C@@]12C=C[C@@]3(CC1C(C)(C)O)[C@H]1Cc4ccc(O)c5c4[C@@]3(CCN1CC1CC1)[C@H]2O5","1","train"
"CO[C@H]1C=CO[C@@]2(C)Oc3c(C)c(O)c4c(O)c(c(/C=N\N5CCN(C)CC5)c(O)c4c3C2=O)NC(=O)C(C)=CC=C[C@H](C)[C@H](O)[C@@H](C)[C@@H](O)[C@@H](C)[C@H](OC(C)=O)[C@@H]1C","0","train"
"CO[C@H]1C=CO[C@@]2(C)Oc3c(C)c(O)c4c(O)c(c5c(c4c3C2=O)NC2(CCN(CC(C)C)CC2)N=5)=NC(=O)C(C)=CC=C[C@H](C)[C@H](O)[C@@H](C)[C@@H](O)[C@@H](C)[C@H](OC(C)=O)[C@@H]1C","0","train"
"CO[C@H]1C=CO[C@@]2(C)Oc3c(C)c(O)c4c(O)c(c5c(nc6cc(C)ccn65)c4c3C2=O)NC(=O)C(C)=CC=C[C@H](C)[C@H](O)[C@@H](C)[C@@H](O)[C@@H](C)[C@H](OC(C)=O)[C@@H]1C","0","train"
"CO[C@H]1C=CO[C@@]2(C)Oc3c(C)c(O)c4c(O)c(cc(O)c4c3C2=O)NC(=O)C(C)=CC=C[C@H](C)[C@H](O)[C@@H](C)[C@@H](O)[C@@H](C)[C@H](OC(C)=O)[C@@H]1C","0","train"
"CO[C@H]1CCC[C@H]2C1=C(C(=O)O)N1C(=O)[C@H]([C@@H](C)O)[C@@H]21","0","train"
"CO[C@H]1C[C@H](O[C@H]2[C@H](C)O[C@@H](O[C@@H]3C(C)=CC[C@@H]4C[C@@H](C[C@]5(CC[C@H](C)[C@@H](C(C)C)O5)O4)OC(=O)[C@@H]4C=C(C)[C@@H](O)[C@H]5OCC(=CC=C[C@@H]3C)[C@@]45O)C[C@@H]2OC)O[C@@H](C)[C@@H]1O","0","train"
"CO[C@H]1O[C@H]2O[C@@]3(CN4CCCCC4)[C@H](O)C[C@H](C2C)[C@@H]13","1","train"
"CO[C@]12[C@@H](COC(N)=O)C3=C(C(=O)C(C)=C(N)C3=O)N1C[C@H]1N[C@H]12","0","train"
"COc1cc([C@@H]2c3cc4c(cc3[C@@H](O[C@@H]3O[C@@H]5CO[C@@H](c6cccs6)O[C@H]5[C@H](O)[C@H]3O)[C@H]3COC(=O)[C@H]23)OCO4)cc(OC)c1O","0","train"
"COc1cc([C@@H]2c3cc4c(cc3[C@@H](O[C@@H]3O[C@@H]5CO[C@H](C)O[C@H]5[C@H](O)[C@H]3O)[C@H]3COC(=O)[C@H]23)OCO4)cc(OC)c1O","0","train"
"COc1ccc2c3c1OC1[C@@H](O)CCC4C(C2)N(C)CC[C@@]341","1","train"
"COc1ccc2c3c1O[C@H]1C(OC(C)=O)=CC[C@H]4[C@@H](C2)N(C)CCC314","1","train"
"COc1ccc2c3c1O[C@H]1[C@@H](O)C=C[C@H]4[C@@H](C2)NCC[C@]314","1","train"
"COc1ccc2c3c1O[C@H]1[C@@H](OC(=O)c4cccnc4)CC[C@H]4[C@@H](C2)N(C)CC[C@]314","1","train"
"COc1cccc2c1C(=O)c1c(O)c3c(c(O)c1C2=O)C[C@@](O)(C(=O)CO)C[C@@H]3O[C@H]1C[C@H](N)C[C@H](C)O1","0","train"
"COc1cccc2c1C(=O)c1c(O)c3c(c(O)c1C2=O)C[C@@](O)(C(=O)CO)C[C@@H]3O[C@H]1C[C@H](N)[C@@H](O)[C@H](C)O1","0","train"
"CSC(=O)[C@@]1(O)[C@@H](C)C[C@H]2[C@@H]3CCC4=CC(=O)C=C[C@]4(C)[C@@]3(F)[C@@H](O)C[C@@]21C","1","train"
"CSC(=O)[C@@]1(O)[C@H](C)C[C@H]2[C@@H]3C[C@H](F)C4=CC(=O)C=C[C@]4(C)[C@@]3(F)[C@@H](O)C[C@@]21C","1","train"
"CSC(=O)[C@@]1(OC(C)=O)[C@@H](C)C[C@H]2[C@@H]3CCC4=CC(=O)C=C[C@]4(C)[C@@]3(F)[C@@H](O)C[C@@]21C","1","train"
"C[C@@H](CN1CCOCC1)C(C(=O)N1CCCC1)(c1ccccc1)c1ccccc1","1","train"
"C[C@@H](O)[C@H]1C(=O)N2C(C(=O)O)=C(SC3Cn4cnc[n+]4C3)[C@H](C)[C@H]12","0","train"
"C[C@@H](O)[C@H]1C(=O)N2C(C(=O)O)=C(S[C@H]3CC[S+]([O-])C3)S[C@H]12","0","train"
"C[C@@H]1CC2C3CCC4=CC(=O)C=C[C@]4(C)[C@@]3(Cl)[C@@H](O)C[C@]2(C)[C@@]1(OC(=O)c1ccco1)C(=O)CCl","1","train"
"C[C@@H]1C[C@H]2C3CC(F)(F)C4=CC(=O)C=C[C@]4(C)[C@@]3(F)[C@@H](O)C[C@]2(C)[C@@]1(O)C(=O)CO","1","train"
"C[C@@H]1C[C@H]2C3C[C@H](F)C4=CC(=O)C=C[C@]4(C)[C@@]3(Cl)[C@@H](F)C[C@]2(C)[C@H]1C(=O)CO","1","train"
"C[C@@H]1C[C@H]2C3C[C@H](F)C4=CC(=O)C=C[C@]4(C)[C@@]3(Cl)[C@@H](O)C[C@]2(C)[C@H]1C(=O)COC(=O)C(C)(C)C","1","train"
"C[C@@H]1C[C@H]2C3C[C@H](F)C4=CC(=O)C=C[C@]4(C)[C@@]3(F)[C@@H](O)C[C@]2(C)[C@H]1C(=O)CO","1","train"
"C[C@@H]1C[C@H]2C3C[C@H](F)C4=CC(=O)C=C[C@]4(C)[C@@]3(F)[C@@H](O)C[C@]2(C)[C@H]1C(=O)COC(=O)C(C)(C)C","1","train"
"C[C@@H]1C[C@H]2[C@@H]3CCC4=CC(=O)C=C[C@]4(C)[C@@]3(Cl)[C@@H](Cl)C[C@]2(C)[C@@]1(O)C(=O)CO","1","train"
"C[C@@H]1C[C@H]2[C@@H]3C[C@H](F)C4=CC(=O)C(Cl)=C[C@]4(C)[C@@]3(F)[C@@H](O)C[C@]2(C)[C@@]1(O)C(=O)CO","1","train"
"C[C@@H]1C[C@H]2[C@@H]3C[C@H](F)C4=CC(=O)C=C[C@]4(C)[C@@]3(Cl)[C@@H](O)C[C@]2(C)[C@H]1C(=O)CO","1","train"
"C[C@@H]1C[C@H]2[C@@H]3C[C@H](F)C4=CC(=O)C=C[C@]4(C)[C@@]3(F)[C@@H](O)C[C@]2(C)[C@@]1(O)C(=O)SCCl","1","train"
"C[C@@H]1C[C@H]2[C@@H]3C[C@H](F)C4=CC(=O)C=C[C@]4(C)[C@@]3(F)[C@@H](O)C[C@]2(C)[C@@]1(O)C(=O)SCF","1","train"
"C[C@@H]1OC(=O)C[C@H](O)C[C@H](O)CC[C@@H](O)[C@H](O)C[C@H](O)C[C@]2(O)C[C@H](O)[C@@H](C(=O)O)[C@H](C[C@@H](O[C@H]3O[C@@H](C)[C@H](O)[C@@H](N)[C@H]3O)C=CC=CC=CC=CC=CC=CC=C[C@H](C)[C@@H](O)[C@H]1C)O2","0","train"
"C[C@@H]1O[C@@H](O[C@H]2C[C@](O)(C(=O)CO)Cc3c(O)c4c(c(O)c32)C(=O)c2ccccc2C4=O)C[C@H](N)[C@@H]1O","0","train"
"C[C@@]1(Cn2ccnn2)[C@@H](C(=O)O)N2C(=O)C[C@@H]2S1(=O)=O","0","train"
"C[C@@]12CCCCCC(Cc3ccc(O)cc31)[C@@H]2N","1","train"
"C[C@H](O)[C@H]1C(=O)N2C(C(=O)O)=C(S[C@@H]3CN[C@H](C(=O)N(C)C)C3)[C@H](C)[C@H]12","0","train"
"C[C@H]1C[C@@H](OC(=O)[C@@H]2CCC(=O)N2)CC(C)(C)C1","1","train"
"C[C@H]1C[C@H]2C3CCC4=CC(=O)C=C[C@]4(C)[C@@]3(F)[C@@H](O)C[C@]2(C)[C@@]1(O)C(=O)CCl","1","train"
"C[C@H]1C[C@H]2C3C[C@H](F)C4=CC(=O)C=C[C@]4(C)[C@@]3(F)[C@@H](O)C[C@]2(C)[C@@]1(O)C(=O)CO","1","train"
"C[C@H]1OC2(CCCC[C@H]2Oc2cccc(Cl)c2)NC1=O","1","train"
"C[C@H]1O[C@@H](O[C@H]2[C@@H](O)C[C@H](O[C@H]3[C@@H](O)C[C@H](O[C@H]4CC[C@@]5(C)C(CC[C@@H]6[C@@H]5C[C@@H](O)[C@]5(C)[C@@H](C7=CC(=O)OC7)CC[C@]65O)C4)O[C@@H]3C)O[C@@H]2C)C[C@H](O)[C@@H]1O","0","train"
"C[C@H]1[C@H]2C(=O)c3ccc(O)cc3[C@]1(C)CCN2CC1CC1","1","train"
"C[C@]12CC(=O)C3C(C[C@H](Cl)C4=CC(=O)C=C[C@@]43C)C1CC[C@]2(O)C(=O)CO","1","train"
"C[C@]12CCC(=O)C=C1CC[C@H]1C3CC[C@H](C(=O)CO)C3(C=O)C[C@H](O)C12","0","train"
"C[C@]12C[C@H](O)[C@@]3(F)[C@@H](CCC4=CC(=O)C=C[C@@]43C)[C@@H]1CC[C@]2(O)C(=O)CO","1","train"
"C[C@]12C[C@H](O)[C@H]3C(C=C(Cl)C4=CC(=O)C=C[C@@]43C)[C@@H]1CC[C@]2(O)C(=O)CO","1","train"
"C[C@]12C[C@H](O)[C@H]3[C@@H](CCC(=O)C4C(=O)C=C[C@@]43C)[C@@H]1CC[C@]2(O)C(=O)CO","1","train"
"C[C@]12C[C@H](O)[C@H]3[C@@H](CCC4=CC(=O)C=C[C@@]43C)[C@@H]1CC[C@]2(O)C(=O)OCCl","1","train"
"C[C@]12C[C@H](O)[C@H]3[C@@H](CCC4=CC(=O)CC[C@@]43C)[C@@H]1CC[C@]2(O)C(=O)COC(=O)CCC1CCCC1","1","train"
"C[N+]1(C)CCCCC1COC(=O)C(O)(c1ccccc1)c1ccccc1","0","train"
"C[N+]1(CCCS(=O)(=O)O)C2CCC1CC(OC(=O)C(CO)c1ccccc1)C2","0","train"
"C[N+]1([O-])[C@H]2CC[C@@H]1CC(OC(=O)C(CO)c1ccccc1)C2","1","train"
"Cc1c2oc3c(C)ccc(C(=O)N[C@@H]4C(=O)N[C@H](C(C)C)C(=O)N5CCC[C@H]5C(=O)N(C)CC(=O)N(C)[C@@H](C(C)C)C(=O)O[C@@H]4C)c3nc-2c(C(=O)N[C@@H]2C(=O)N[C@H](C(C)C)C(=O)N3CCC[C@H]3C(=O)N(C)CC(=O)N(C)[C@@H](C(C)C)C(=O)O[C@@H]2C)c(N)c1=O","0","train"
"Cc1ccccc1-n1c(/C=C\c2ccccn2)nc2ccccc2c1=O","1","train"
"Cc1nc2n(n1)C(N1CCN(C)CC1)=Nc1cc(I)ccc1C2","1","train"
"Cc1ncc(COC(=O)CCC(=O)OCCN(C)C)c(CO)c1O","1","train"
"Cc1nnc(SCC2=C(C(=O)O)N3C(=O)[C@@H](NC(=O)[C@H](N)c4ccc(O)cc4)[C@H]3SC2)s1","0","train"
"Cc1nnc(SCC2=C(C(=O)OCc3oc(=O)oc3C)N3C(=O)[C@@H](NC(=O)[C@H](OC(=O)[C@H](C)N)c4ccccc4)[C@H]3SC2)s1","0","train"
"Clc1ccc2c(c1)/C(=C\C1CN3CCC1CC3)c1ccccc1S2","1","train"
"FC(F)(F)c1cccc(N2CCN(CCc3nnc4n3C[C@@H]3CCC[C@H]43)CC2)c1","1","train"
"NC(=O)Nc1ccc(S(=O)(=O)c2ccc(N)cc2)cc1","1","train"
"NC(=O)OC[C@@H]1[C@H](NC(=O)/C(=N\OCC(=O)O)c2csc(N)n2)C(=O)N1S(=O)(=O)O","0","train"
"NC(=O)c1cc[n+](CC2=C(C(=O)O)N3C(=O)[C@@H](NC(=O)Cc4cccs4)[C@H]3SC2)cc1","0","train"
"NC(=O)c1cc[n+](CC2=C(C(=O)O)N3C(=O)[C@@H](NC(=O)[C@@H](c4ccccc4)S(=O)(=O)O)[C@H]3SC2)cc1","0","train"
"NC[C@@H]1O[C@H](O[C@H]2[C@H](CO)O[C@H](O[C@@H]3[C@@H](O)[C@H](N)C[C@H](N)[C@H]3O[C@H]3O[C@H](CN)[C@@H](O)[C@H](O)[C@H]3N)[C@H]2O)[C@H](N)[C@@H](O)[C@@H]1O","0","train"
"NC[C@H]1O[C@H](O[C@@H]2[C@@H](N)C[C@@H](N)C(O[C@H]3O[C@H](CO)[C@@H](O)[C@H](N)[C@H]3O)[C@H]2O)[C@H](N)C[C@@H]1O","0","train"
"NC[C@H]1O[C@H](O[C@@H]2[C@@H](N)C[C@@H](N)[C@H](OC3O[C@H](CO)[C@@H](O)[C@H](N)[C@H]3O)[C@H]2O)[C@H](O)[C@@H](O)[C@@H]1O","0","train"
"Nc1ncc(/C(=N\OC2CCNC2=O)C(=O)N[C@@H]2C(=O)N3C(C(=O)O)=C(C[n+]4ccccc4)CS[C@H]23)s1","0","train"
"O=C(CN1CC[C@]23CCCC[C@H]2[C@H]1Cc1ccc(O)cc13)c1ccccc1","1","train"
"O=C(Cc1cccs1)N[C@@H]1C(=O)N2C(C(=O)O)=C(C[n+]3ccccc3)CS[C@H]12","0","train"
"O=C(O)C1=C(CSc2nnnn2CS(=O)(=O)O)CS[C@@H]2[C@H](NC(=O)[C@H](O)c3ccccc3)C(=O)N12","0","train"
"O=C1CCNC1C(=O)N[C@H]1CC1c1ccccc1","1","train"
"O=C1O[C@H]([C@@H](O)CO)C(O)=C1O","1","train"
"O=C1[C@H]2[C@H]3CC[C@H](C3)[C@H]2C(=O)N1CCCCN1CCN(c2ncccn2)CC1","1","train"
"OC(OCCOCCOC[C@@H]1C[C@H](OC(O)C(Cl)(Cl)Cl)[C@@H](O)[C@H](O[C@@H]2[C@@H](COCCOC(O)C(Cl)(Cl)Cl)O[C@@H](O)[C@H](O)[C@H]2OCCOCCOC(O)C(Cl)(Cl)Cl)O1)C(Cl)(Cl)Cl","1","train"
"OCC(O)[C@H]1O[C@@H]2O[C@H](C(Cl)(Cl)Cl)O[C@@H]2[C@H]1O","1","train"
"OCCC1CCC(CC/C=C2\c3ccccc3Sc3ccc(Cl)cc32)CC1","1","train"
"Oc1ccc2c(c1)[C@]13CCN(CC4CC4)[C@H](C2)[C@@H]1CCOC3","1","train"
"Oc1ccc2c3c1O[C@H]1[C@@H](O)C=C[C@H]4[C@@H](C2)NCC[C@]314","1","train"
"Oc1ccc2c3c1O[C@H]1[C@@H](O)CC[C@@]4(O)[C@@H](C2)N(CC2CCC2)CC[C@]314","1","train"
"C=CCN1CC[C@@]23c4c5ccc(O)c4O[C@@H]2[C@@H](O)C=C[C@@H]3[C@@H]1C5","1","train"
"C=CCN1CC[C@]23CCCC[C@@H]2[C@H]1Cc1ccc(O)cc13","1","train"
"CC(C)C[C@H]1C(=O)N2CCCC2[C@]2(O)O[C@](NC(=O)[C@@H]3C=C4c5cccc6[nH]c(Br)c(c56)C[C@H]4N(C)C3)(C(C)C)C(=O)N12","0","train"
"CC(C)NC[C@@H](O)COc1cccc2[nH]ccc12","1","train"
"CC(C)[N+]1(C)[C@H]2CC[C@@H]1CC(OC(=O)[C@@H](CO)c1ccccc1)C2","0","train"
"CC1(C)S[C@@H]2[C@@H](NC(=O)[C@H](C(=O)O)c3ccsc3)C(=O)N2C1C(=O)O","1","train"
"CCC[C@@H](C)C1(CC)C(=O)NC(=S)NC1=O","1","train"
"CC[C@H](C)C(=O)O[C@H]1C[C@@H](O)C=C2C=C[C@H](C)[C@H](CC[C@@H](O)C[C@@H](O)CC(=O)O)[C@H]21","0","train"
"CC[C@H](CO)NCCN[C@H](CC)CO","0","train"
"CC[C@H]1OC(=O)[C@@H](C)[C@H](O[C@@H]2C[C@@](C)(OC)[C@@H](O)[C@H](C)O2)[C@@H](C)[C@H](O[C@@H]2O[C@H](C)C[C@H](N(C)C)[C@H]2O)[C@](C)(O)C[C@@H](C)CN(C)[C@H](C)C(O)[C@@]1(C)O","0","train"
"CC[C@]1(C)CC(=O)NC1=O","1","train"
"CCn1cc(C(=O)O)c(=O)c2cc(F)c(N3CCN[C@H](C)C3)c(F)c21","0","train"
"CN(N=O)C(=O)N[C@H]1[C@H](O)O[C@H](CO)[C@@H](O)[C@@H]1O","0","train"
"CN1C(=O)NC(=O)[C@@](C)(C2=CCCCC2)C1=O","1","train"
"CN1CCCC[C@H]1CCN1c2ccccc2Sc2ccc([S@@+](C)[O-])cc21","1","train"
"CN1CCN2c3ccccc3Cc3ccccc3[C@@H]2C1","1","train"
"CN1C[C@H](C(=O)NC2(C)O[C@@]3(O)[C@@H]4CCCN4C(=O)[C@H](Cc4ccccc4)N3C2=O)C[C@@H]2c3cccc4[nH]cc(c34)C[C@H]21","0","train"
"CN1[C@H]2CC[C@@H]1CC(OC(=O)[C@@H](CO)c1ccccc1)C2","1","train"
"CO[C@H](C(=O)[C@@H](O)[C@@H](C)O)[C@@H]1Cc2cc3cc(O[C@H]4C[C@@H](O[C@H]5C[C@@H](O)[C@H](O)[C@@H](C)O5)[C@@H](O)[C@@H](C)O4)c(C)c(O)c3c(O)c2C(=O)[C@H]1OC1C[C@@H](O[C@H]2C[C@@H](O[C@H]3C[C@](C)(O)[C@H](O)[C@@H](C)O3)[C@H](O)[C@@H](C)O2)[C@H](O)[C@@H](C)O1","1","train"
"COc1cc([C@H]2c3cc4c(cc3[C@H](O[C@H]3O[C@H]5CO[C@H](c6cccs6)O[C@@H]5[C@@H](O)[C@@H]3O)[C@H]3COC(=O)[C@H]23)OCO4)cc(O)c1O","1","train"
"C[C@@H]1O[C@H](O[C@H]2C=CC=CC=CC=CC=CC=CC=C[C@H](C)[C@@H](O)[C@@H](C)[C@@H](C)OC(=O)C[C@H](O)C[C@@H](O)CC[C@@H](O)[C@@H](O)C[C@@H](O)C[C@@]3(O)C[C@@H](O)[C@H](C(=O)O)[C@@H](C2)O3)[C@@H](O)[C@H](N)[C@H]1O","0","train"
"C[C@@H]1[C@H]2Cc3ccc(O)cc3[C@]1(C)CCN2CC1CC1","1","train"
"C[N+]12CCC(CC1)[C@@H](OC(=O)C(O)(c1ccccc1)[C+]1CCCCC1)C2","0","train"
"Cc1ccc(C(=O)NC[C@H]2CN=C(c3ccc(F)cc3)c3ccc(C)cc3N2C)cc1","1","train"
"NC(=O)c1cnn([C@@H]2O[C@H](CO)[C@@H](O)[C@H]2O)n1","1","train"
"NC1[C@H]2CN(c3nc4c(cc3F)c(=O)c(C(=O)O)cn4-c3ccc(F)cc3F)C[C@H]12","1","train"
"N[C@@H]1CONC1=O","1","train"
"Nc1ccn([C@@H]2O[C@H](CO)[C@@H](O)[C@H]2O)c(=O)n1","1","train"
"O=C(O)COCCN1CCN([C@H](c2ccccc2)c2ccc(Cl)cc2)CC1","0","train"
"O=C(c1ccccc1)c1ccc2n1CC[C@H]2C(=O)O","0","train"
"O=C1CC[C@]2(O)[C@@H]3Cc4ccc(O)c5c4[C@]2(CCN3CC2CC2)[C@@H]1O5","1","train"
"OCCN1CCN(CC/C=C2\c3ccccc3Sc3ccc(C(F)(F)F)cc32)CC1","1","train"
"OCCOCCN1CCN([C@H](c2ccccc2)c2ccc(Cl)cc2)CC1","1","train"
"OC[C@H]1O[C@@H](n2cnc3c2NC=NC[C@H]3O)CC1O","1","train"
"O[C@@H](c1cc(C(F)(F)F)nc2c(C(F)(F)F)cccc12)[C@H]1CCCCN1","1","train"
"CCOCC1(N)C(c2ccc(OC)cc2)C1S(=O)(=O)c1ccccc1","0","train"
"COc1cc2c(cc1OC)CN(C(=O)C[C@@H]1NC(=O)N(c3ccc(C(C)C)cc3)C1=O)CC2","0","train"
"COc1ccc(C2C(S(=O)(=O)c3ccc(Cl)cc3)C2(CN)CN)cc1","1","train"
"C#CC1(O)CCC2C3CCC4=CC(=O)CCC4C3CCC21C","0","train"
"C#CC1(O)CCC2C3CCC4=CC(=O)CCC4C3CCC21CC","0","train"
"C#CC1(O)CCC2C3CCC4=Cc5oncc5CC4(C)C3CCC21C","0","train"
"C#CC1(O)CCC2C3CCc4cc(O)ccc4C3CCC21C","0","train"
"C#CC1(O)CCC2C3CCc4cc(OC5CCCC5)ccc4C3CCC21C","0","train"
"C(=C/c1ccccc1)\CN1CCN(C(c2ccccc2)c2ccccc2)CC1","1","train"
"C1CNCCN1","0","train"
"C=C1C(=CC=C2CCCC3(C)C2CCC3C(C)CCCC(C)(C)O)CC(O)CC1O","0","train"
"C=C1C(=CC=C2CCCC3(C)C2CCC3C(C)CCCC(C)C)CC(O)CC1O","0","train"
"C=C1CCC(O)CC1=CC=C1CCCC2(C)C1CCC2C(C)C=CC(C)C(C)C","0","train"
"C=C1CCC(O)CC1=CC=C1CCCC2(C)C1CCC2C(C)CCCC(C)C","0","train"
"CC(=O)C1(O)CCC2C3C=C(C)C4=CC(=O)CCC4(C)C3CCC21C","0","train"
"CC(=O)C1(O)CCC2C3CC(C)C4=CC(=O)CCC4(C)C3CCC21C","0","train"
"CC(=O)C1CCC2C3C=CC4=CC(=O)CCC4(C)C3CCC12C","0","train"
"CC(=O)N(c1onc(C)c1C)S(=O)(=O)c1ccc(N)cc1","0","train"
"CC(=O)N=c1sc(S(N)(=O)=O)nn1C","0","train"
"CC(=O)NC(CS)C(=O)O","0","train"
"CC(=O)NO","0","train"
"CC(=O)OCC1OC(n2ncc(=O)[nH]c2=O)C(OC(C)=O)C1OC(C)=O","0","train"
"CC(=O)Oc1ccc(C(c2ccc(OC(C)=O)cc2)c2ccccn2)cc1","0","train"
"CC(=O)Oc1cccc2c1C(=O)c1c(OC(C)=O)cc(C(=O)O)cc1C2=O","0","train"
"CC(=O)Oc1ccccc1C(=O)Nc1ncc([N+](=O)[O-])s1","0","train"
"CC(=O)SC1CC2=CC(=O)CCC2(C)C2CCC3(C)C(CCC34CCC(=O)O4)C12","0","train"
"CC(=O)c1cc2cccc(OCC(O)CNC(C)C)c2o1","0","train"
"CC(=O)c1ccc2c(c1)Sc1ccccc1N2CCCN1CCN(CCO)CC1","1","train"
"CC(C(=O)O)c1ccc(C(=O)c2ccccc2)s1","0","train"
"CC(C(=O)O)c1ccc2oc(-c3ccc(Cl)cc3)nc2c1","0","train"
"CC(C)(C)C(=O)OCOP(=O)(COCCn1cnc2c(N)ncnc21)OCOC(=O)C(C)(C)C","0","train"
"CC(C)(C)NC(=O)C1CCC2C3CCC4NC(=O)C=CC4(C)C3CCC12C","0","train"
"CC(C)(C)NCC(O)COc1ccc(NC(=O)NC2CCCCC2)cc1","0","train"
"CC(C)(C)NCC(O)COc1nsnc1N1CCOCC1","0","train"
"CC(C)(C)NCC(O)c1cc(Br)no1","0","train"
"CC(C)(CO)C(O)C(=O)NCCCO","0","train"
"CC(C)(Oc1ccc(C2CC2(Cl)Cl)cc1)C(=O)O","0","train"
"CC(C)(Oc1ccc(CCNC(=O)c2ccc(Cl)cc2)cc1)C(=O)O","0","train"
"CC(C)(S)C(N)C(=O)O","0","train"
"CC(C)(Sc1cc(C(C)(C)C)c(O)c(C(C)(C)C)c1)Sc1cc(C(C)(C)C)c(O)c(C(C)(C)C)c1","0","train"
"CC(C)C1CCC(C(=O)NC(Cc2ccccc2)C(=O)O)CC1","0","train"
"CC(C)CC1C(=O)N2CCCC2C2(O)OC(NC(=O)C3CC4c5cccc6[nH]cc(c56)CC4N(C)C3)(C(C)C)C(=O)N12","1","train"
"CC(C)CC1Nc2cc(Cl)c(S(N)(=O)=O)cc2S(=O)(=O)N1","0","train"
"CC(C)CN(CC(OP(=O)(O)O)C(Cc1ccccc1)NC(=O)OC1CCOC1)S(=O)(=O)c1ccc(N)cc1","0","train"
"CC(C)NCC1CCc2cc(CO)c([N+](=O)[O-])cc2N1","0","train"
"CC(C)NCCCC1(C(N)=O)c2ccccc2-c2ccccc21","0","train"
"CC(C)OC(=O)C(C)(C)Oc1ccc(C(=O)c2ccc(Cl)cc2)cc1","0","train"
"CC(C)Oc1ccc2c(=O)c(-c3ccccc3)coc2c1","0","train"
"CC(C)[N+](C)(CCC(C(N)=O)(c1ccccc1)c1ccccc1)C(C)C","0","train"
"CC(C)c1nc(N(C)S(C)(=O)=O)nc(-c2ccc(F)cc2)c1C=CC(O)CC(O)CC(=O)O","0","train"
"CC(C=CC=C(C)C=CC1=C(C)CCCC1(C)C)=CC=CC=C(C)C=CC=C(C)C=CC1=C(C)CCCC1(C)C","0","train"
"CC(CCC(=O)O)C1CCC2C3C(=O)CC4CC(=O)CCC4(C)C3CC(=O)C12C","0","train"
"CC(CCC(=O)O)C1CCC2C3C(O)CC4CC(O)CCC4(C)C3CCC12C","0","train"
"CC(COc1ccccc1)NC(C)C(O)c1ccc(O)cc1","0","train"
"CC(Cc1cccc(C(F)(F)F)c1)NCCOC(=O)c1ccccc1","0","train"
"CC(Cn1cnc2c(N)ncnc21)OCP(=O)(O)O","0","train"
"CC(N=C(NC#N)Nc1ccncc1)C(C)(C)C","0","train"
"CC(NCCc1ccc(O)cc1)C(O)c1ccc(O)cc1","0","train"
"CC(O)(CS(=O)(=O)c1ccc(F)cc1)C(=O)Nc1ccc(C#N)c(C(F)(F)F)c1","0","train"
"CC(O)(P(=O)(O)O)P(=O)(O)O","0","train"
"CC(O)C(O)C1CNc2nc(N)[nH]c(=O)c2N1","0","train"
"CC(c1ncncc1F)C(O)(Cn1cncn1)c1ccc(F)cc1F","0","train"
"CC1(C)[C@@H](OC(=O)CCC(=O)O)CC[C@@]2(C)[C@H]1CC[C@]1(C)[C@@H]2C(=O)C=C2[C@@H]3C[C@@](C)(C(=O)O)CC[C@]3(C)CC[C@]21C","0","train"
"CC1(O)CCC2C3CCC4=CC(=O)CCC4(C)C3(F)C(O)CC21C","0","train"
"CC12C=CC(=O)NC1CCC1C2CCC2(C)C(C(=O)Nc3cc(C(F)(F)F)ccc3C(F)(F)F)CCC12","0","train"
"CC12CCC(=O)C=C1C1CC1C1C2CCC2(C)C1C1CC1C21CCC(=O)O1","0","train"
"CC12CCC(=O)C=C1CCC1C2CCC2(C)C1CCC2(C)O","0","train"
"CC12CCC3C(CCC45OC4C(O)=C(C#N)CC35C)C1CCC2O","0","train"
"CC12CCC3C(CCC4=C(O)C(=O)CCC43C)C1CCC2=O","0","train"
"CC12CCC3C(CCC4=CC(=O)C=CC43C)C1CCC(=O)O2","0","train"
"CC12CCC3c4ccc(OC(=O)N(CCCl)CCCl)cc4CCC3C1CCC2O","0","train"
"CC12CCC3c4ccc(OS(=O)(=O)O)cc4CCC3C1CCC2=O","0","train"
"CC1C=CC=CCCC=CC=CC=CC=CC(OC2OC(C)C(O)C(N)C2O)CC(O)C(C(=O)O)C(O)CC(=O)CC(O)C(O)CCC(O)CC(O)CC(O)CC(=O)OC(C)C(C)C1O","0","train"
"CC1CC(OC(=O)C(O)c2ccccc2)CC(C)(C)C1","0","train"
"CC1CC2=CC(=O)CCC2(C)C2CCC3(C)C(CCC3(C)O)C12","0","train"
"CC1CCCC(C)N1CCCC(O)(c1ccccc1)c1ccccn1","0","train"
"CC1CCc2cc(F)cc3c(=O)c(C(=O)O)cn1c23","0","train"
"CCC(=O)C(CC(C)N1CCCCC1)(c1ccccc1)c1ccccc1","1","train"
"CCC(=O)OC(OP(=O)(CCCCc1ccccc1)CC(=O)N1CC(C2CCCCC2)CC1C(=O)O)C(C)C","0","train"
"CCC(C)C(=O)OC1CC(C)C=C2C=CC(C)C(CCC3CC(O)CC(=O)O3)C21","0","train"
"CCC(CO)NC(=O)C1C=C2c3cccc4[nH]cc(c34)CC2N(C)C1","0","train"
"CCC(CO)NC(=O)C1C=C2c3cccc4c3c(cn4C)CC2N(C)C1","1","train"
"CCC(c1ccccc1)c1c(O)c2ccccc2oc1=O","0","train"
"CCC1(O)C(=O)OCc2c1cc1n(c2=O)Cc2cc3ccccc3nc2-1","0","train"
"CCC1(O)CCC2C3CCC4=CCCCC4C3CCC21C","0","train"
"CCC1(c2cccc(O)c2)CCCCN(C)C1","1","train"
"CCC12CCCN3CCc4c(n(c5ccccc45)C(O)(C(=O)OC)C1)C32","0","train"
"CCC1OC(=O)CC(O)C(C)C(OC2OC(C)CC(N(C)C)C2O)C(CC=O)CC(C)C(=O)C=CC2(C)OC2C1C","0","train"
"CCCC(=O)N1CCCN(c2nc(N)c3cc(OC)c(OC)cc3n2)CC1","0","train"
"CCCC(CCC)C(=O)OC1CC2CCC(C1)[N+]2(C)C","0","train"
"CCCC(NC(C)C(=O)N1C(C(=O)O)CC2CCCCC21)C(=O)O","0","train"
"CCCC(NC(C)C(=O)N1C(C(=O)O)CC2CCCCC21)C(=O)OCC","0","train"
"CCCC1(CCc2ccccc2)CC(O)=C(C(CC)c2cccc(NS(=O)(=O)c3ccc(C(F)(F)F)cn3)c2)C(=O)O1","0","train"
"CCCCC(=O)N(Cc1ccc(-c2ccccc2-c2nn[nH]n2)cc1)C(C(=O)O)C(C)C","0","train"
"CCCCC1C(=O)N(c2ccccc2)N(c2ccc(O)cc2)C1=O","0","train"
"CCCCCCCCOc1ccccc1C(=O)Nc1ccc(C(=O)OCC[N+](C)(CC)CC)cc1","0","train"
"CCCCCN(C)CCC(O)(P(=O)(O)O)P(=O)(O)O","0","train"
"CCCCCOC(=O)Nc1nc(=O)n(C2OC(C)C(O)C2O)cc1F","0","train"
"CCCCN(CCCC)CCC(O)c1cc2c(Cl)cc(Cl)cc2c2cc(C(F)(F)F)ccc12","0","train"
"CCCN1CCCCC1C(=O)Nc1c(C)cccc1C","1","train"
"CCCc1nc(C(C)(C)O)c(C(=O)O)n1Cc1ccc(-c2ccccc2-c2nn[nH]n2)cc1","0","train"
"CCCc1nc(C(C)(C)O)c(C(=O)OCc2oc(=O)oc2C)n1Cc1ccc(-c2ccccc2-c2nn[nH]n2)cc1","0","train"
"CCN(CC)C(=O)N1CCN(C)CC1","0","train"
"CCN(CC)CCCC(C)Nc1c2ccc(Cl)cc2nc2ccc(OC)cc12","0","train"
"CCN(CC)Cc1nccn1-c1ccc([N+](=O)[O-])cc1C(=O)c1ccccc1Cl","1","train"
"CCN(CCCCOC(=O)c1ccc(OC)c(OC)c1)C(C)Cc1ccc(OC)cc1","0","train"
"CCOC(=O)C(CCc1ccccc1)NC(C)C(=O)N1C(C(=O)O)CC2CCCC21","0","train"
"CCOC(=O)C(CCc1ccccc1)NC(C)C(=O)N1C(C(=O)O)CC2CCCCC21","0","train"
"CCOC(=O)C(CCc1ccccc1)NC(C)C(=O)N1CC2(CC1C(=O)O)SCCS2","0","train"
"CCOC(=O)C(CCc1ccccc1)NC(C)C(=O)N1Cc2cc(OC)c(OC)cc2CC1C(=O)O","0","train"
"CCOC(=O)C(CCc1ccccc1)NC(C)C(=O)N1Cc2ccccc2CC1C(=O)O","0","train"
"CCOC(=O)C(CCc1ccccc1)NC1CCCN2CCCC(C(=O)O)N2C1=O","0","train"
"CCOC(=O)C(CCc1ccccc1)NC1CCc2ccccc2N(CC(=O)O)C1=O","0","train"
"CCOC(=O)C1=C(C)NC(C)=C(C(=O)OCC)C1c1ccccc1C=CC(=O)OC(C)(C)C","0","train"
"CCOC(=O)C1=C(COCCN)NC(C)=C(C(=O)OC)C1c1ccccc1Cl","0","train"
"CCOC(=O)C=C1SC(N2CCCCC2)C(=O)N1C","0","train"
"CCOC(=O)Nc1ccc(NCc2ccc(F)cc2)nc1N","1","train"
"CCOC(=O)OC(C)OC(=O)C1N2C(=O)C(NC(=O)C(N)c3ccccc3)C2SC1(C)C","0","train"
"CCOC(=O)c1c(CSc2ccccc2)n(C)c2cc(Br)c(O)c(CN(C)C)c12","0","train"
"CCOC(=O)c1ncn2c1CN(C)C(=O)c1c(I)cccc1-2","1","train"
"CCOc1cc(CC(=O)NC(CC(C)C)c2ccccc2N2CCCCC2)ccc1C(=O)O","0","train"
"CCOc1ccc2ccccc2c1NC(=O)C1C(=O)N2C1SC(C)(C)C2C(=O)O","0","train"
"CCOc1ccccc1OCCNC(C)Cc1ccc(OC)c(S(N)(=O)=O)c1","0","train"
"CCOc1nc2cccc(C(=O)OC(C)OC(=O)OC3CCCCC3)c2n1Cc1ccc(-c2ccccc2-c2nn[nH]n2)cc1","0","train"
"CC[C@H]1OC(=O)[C@H](C)C(=O)[C@H](C)[C@@H](O[C@@H]2O[C@H](C)C[C@H](N(C)C)[C@H]2O)[C@](C)(OC)C[C@@H](C)C(=O)[C@H](C)[C@H]2N(CCCCn3cnc(-c4cccnc4)c3)C(=O)O[C@]12C","0","train"
"CCc1ccc(CCOc2ccc(CC3SC(=O)NC3=O)cc2)nc1","0","train"
"CCn1cc(C(=O)O)c(=O)c2cnc(N3CCNCC3)nc21","0","train"
"CN(C)CC/C=C1\c2ccccc2CSc2ccccc21","1","train"
"CN(C)CCC=C1C=c2ccccc2=Cc2ccccc21","0","train"
"CN(C)CCN(Cc1ccccc1)c1ccccn1","1","train"
"CN(C)CCOC1=Cc2cc(Cl)ccc2Sc2ccccc21","1","train"
"CN(C)c1nc(N(C)C)nc(N(C)C)n1","0","train"
"CN(CCOc1ccc(CC2SC(=O)NC2=O)cc1)c1ccccn1","0","train"
"CN1C(=O)CC(C(=O)NC(Cc2cnc[nH]2)C(=O)N2CCCC2C(N)=O)NC1=O","1","train"
"CN1C(=O)CNC(C2=CCCCC2)c2cc(Cl)ccc21","1","train"
"CN1C(C(=O)Nc2ccccn2)=C(OC(=O)C(C)(C)C)c2ccccc2S1(=O)=O","0","train"
"CN1C2CCC1CC(OC(=O)c1c[nH]c3ccccc13)C2","1","train"
"CN1CC(O)c2cc(N=NC(N)=O)c(O)cc21","0","train"
"CN1CCC(=C2c3ccccc3CCc3cccnc32)CC1","1","train"
"CN1CCC2=C(C1)C(c1ccccc1)c1ccccc12","1","train"
"CN1CCCC(CC2c3ccccc3Sc3ccccc32)C1","1","train"
"CN1CCCC1CCOC(C)(c1ccccc1)c1ccc(Cl)cc1","1","train"
"CN1CCCN=C1C=Cc1cccs1","0","train"
"CN1CCCN=C1COC(=O)C(O)(c1ccccc1)C1CCCCC1","0","train"
"CN1CCN(C(c2ccccc2)c2ccccc2)CC1","1","train"
"CNC(=C[N+](=O)[O-])NCCSCc1csc(CN(C)C)n1","0","train"
"CNC(=O)C(NC(=O)C(CC(C)C)C(O)C(=O)NO)C(C)(C)C","0","train"
"CNC(CC(C)C)C(=O)NC1C(=O)NC(CC(N)=O)C(=O)NC2C(=O)NC3C(=O)CC(C(=O)NC(C(=O)O)c4cc(O)cc(O)c4-c4cc3ccc4O)C(O)c3ccc(c(Cl)c3)Oc3cc2cc(c3OC2OC(CO)C(O)C(O)C2OC2CC(C)(N)C(O)C(C)O2)Oc2ccc(cc2Cl)C1O","0","train"
"CNc1ccc(C(=O)CC(O)CCC(C)C2OC(=O)CC(O)CC(=O)CC(O)CC(O)CC(O)CC(O)CC3(O)CC(O)C(C(=O)OC)C(O3)C(OC3O[C@H](C)[C@@H](O)[C@H](N)[C@@H]3O)C/C=C/C=C/C=C/C=C\C=C/C=C/C=C/C2C)cc1","0","train"
"COC(=O)C1=C(C)NC(C)=C(C(=O)OC(C)(C)CN(C)CCC(c2ccccc2)c2ccccc2)C1c1cccc([N+](=O)[O-])c1","0","train"
"COC(=O)C1C(c2ccc(I)cc2)CC2CCC1N2CCCF","1","train"
"COC(=O)C1C2CC3c4[nH]c5cc(OC)ccc5c4CCN3CC2CC(OC(=O)C=Cc2cc(OC)c(OC)c(OC)c2)C1OC","0","train"
"COC(=O)C1CC2=CC(=O)CCC2(C)C23OC2CC2(C)C(CCC24CCC(=O)O4)C13","0","train"
"COC1=C(OC)C(=O)C(CCCCCCCCCCO)=C(C)C1=O","1","train"
"COC1CC2CCC(C)C(O)(O2)C(=O)C(=O)N2CCCCC2C(=O)OC(C(C)CC2CCC(O)C(OC)C2)CC(=O)C(C)C=C(C)C(O)C(OC)C(=O)C(C)CC(C)C=CC=CC=C1C","0","train"
"CON=C1CN(c2nc3c(cc2F)c(=O)c(C(=O)O)cn3C2CC2)CC1CN","0","train"
"COc1c(C)c2c(c(O)c1CC=C(C)CCC(=O)OCCN1CCOCC1)C(=O)OC2","0","train"
"COc1c(N2CCNC(C)C2)c(F)cc2c(=O)c(C(=O)O)cn(C3CC3)c12","0","train"
"COc1c2occc2cc2ccc(=O)oc12","0","train"
"COc1cc(Br)c(C[N+]2(CCOCCC3CCC4CC3C4(C)C)CCOCC2)cc1OC","0","train"
"COc1cc2nc(N3CCN(C(=O)C4CCCO4)CC3)nc(N)c2cc1OC","0","train"
"COc1ccc(C(=C(C#N)CCC(=O)O)c2ccc(OC)cc2)cc1","0","train"
"COc1ccc(C(Cl)=C(c2ccc(OC)cc2)c2ccc(OC)cc2)cc1","0","train"
"COc1ccc(C2C(=O)c3ccccc3C2=O)cc1","0","train"
"COc1ccc(CC(C)NCC(O)c2ccc(O)c(NC=O)c2)cc1","0","train"
"COc1ccc(CCNCC(O)COc2cccc(C)c2)cc1OC","0","train"
"COc1ccc(OC)c(Cc2cnc3nc(N)nc(N)c3c2C)c1","0","train"
"COc1ccc2c(c1)c(CC(=O)OCC(=O)O)c(C)n2C(=O)c1ccc(Cl)cc1","0","train"
"COc1ccc2c(c1)c(CC(=O)OCC=C(C)CCC=C(C)CCC=C(C)C)c(C)n2C(=O)c1ccc(Cl)cc1","0","train"
"COc1ccccc1OC(=O)CNC(=O)Cc1ccc(C(=O)c2ccc(C)cc2)n1C","0","train"
"COc1ccccc1OCCNCC(O)COc1cccc2[nH]c3ccccc3c12","0","train"
"COc1ccccc1Oc1c(NS(=O)(=O)c2ccc(C(C)(C)C)cc2)nc(-c2ncccn2)nc1OCCO","0","train"
"COc1cnc(NS(=O)(=O)c2ccc(N)cc2)nc1","0","train"
"CS(=O)(=O)Nc1ccc([N+](=O)[O-])cc1Oc1ccccc1","0","train"
"C[C@@H]1OC(=O)C[C@H](O)C[C@H](O)CC[C@@H](O)[C@H](O)C[C@H](O)C[C@]2(O)C[C@H](O)[C@@H](C(=O)O)[C@H](C[C@@H](O[C@@H]3O[C@H](C)[C@@H](O)[C@H](N)[C@@H]3O)/C=C/C=C/C=C/C=C/C=C/C=C/C=C/[C@H](C)[C@@H](O)[C@H]1C)O2","0","train"
"C[N+](C)(C)CC(O)CC(=O)O","0","train"
"C[N+]1(C)C2CCC1CC(OC(=O)C(O)c1ccccc1)C2","0","train"
"C[N+]1(C)CCN(CC(O)(c2ccccc2)C2CCCCC2)CC1","0","train"
"Cc1c(-c2ccc(-c3ccccc3F)cc2)nc2ccc(F)cc2c1C(=O)O","0","train"
"Cc1c(-c2ccccc2)oc2c(C(=O)OCCN3CCCCC3)cccc2c1=O","0","train"
"Cc1c(C(C)C)c(=O)n(-c2ccccc2)n1C","0","train"
"Cc1c(Cl)cccc1Nc1ncccc1C(=O)O","0","train"
"Cc1c(N(C)CS(=O)(=O)O)c(=O)n(-c2ccccc2)n1C","0","train"
"Cc1cc(C(=O)NCCc2ccc(S(=O)(=O)NC(=O)NC3CCCCC3)cc2)no1","0","train"
"Cc1cc(C(=O)NCCc2ccc(S(=O)(=O)NC(=O)NN3CCCCCC3)cc2)no1","0","train"
"Cc1cc(C=Cc2ccc3cc(N(C)C)ccc3[n+]2C)c(C)n1-c1ccccc1","0","train"
"Cc1cc2cc3c(C)cc(=O)oc3c(C)c2o1","0","train"
"Cc1cc2nc3c(=O)[nH]c(=O)nc-3n(CC(O)C(O)C(O)CO)c2cc1C","0","train"
"Cc1ccc(-c2ncc(Cl)cc2-c2ccc(S(C)(=O)=O)cc2)cn1","0","train"
"Cc1cccc(C(C)c2cnc[nH]2)c1C","1","train"
"Cc1cccc(C)c1NC(=O)CN1CCN(CCCC(c2ccc(F)cc2)c2ccc(F)cc2)CC1","0","train"
"Cc1ccccc1N1C(=O)c2cc(S(N)(=O)=O)c(Cl)cc2NC1C","0","train"
"ClCCc1cncs1","1","train"
"Clc1ccc(C(c2ccccc2Cl)C(Cl)Cl)cc1","0","train"
"Cn1c(=O)c2c(ncn2CC2OCCO2)n(C)c1=O","0","train"
"Cn1c([N+](=O)[O-])cnc1C=Cc1ccnc(N)n1","0","train"
"Cn1cnc([N+](=O)[O-])c1Sc1ncnc2nc[nH]c12","0","train"
"FC(F)(F)C(F)(F)C(F)(F)C(F)(F)C(F)(F)C(F)(F)C(F)(F)C(F)(F)Br","0","train"
"Fc1ccc(C(c2ccc(F)cc2)N2CCN(C/C=C/c3ccccc3)CC2)cc1","1","train"
"NC(=O)c1ncn(C2OC(CO)C(O)C2O)c1O","0","train"
"NC(Cc1cc(I)c(Oc2cc(I)c(O)c(I)c2)c(I)c1)C(=O)O","0","train"
"NC(Cc1cc(I)c(Oc2ccc(O)c(I)c2)c(I)c1)C(=O)O","0","train"
"NC1C(O)OC(CO)C(O)C1O","0","train"
"NCC1OC(OC2C(CO)OC(OC3C(O)C(N)CC(N)C3OC3OC(CO)C(O)C(O)C3N)C2O)C(N)C(O)C1O","0","train"
"NCCC(O)(P(=O)(O)O)P(=O)(O)O","0","train"
"NCCCC(O)(P(=O)(O)O)P(=O)(O)O","0","train"
"NCCCCC(NC(CCc1ccccc1)C(=O)O)C(=O)N1CCCC1C(=O)O","0","train"
"NCCNCCNCCN","0","train"
"NCCS","0","train"
"NC[C@@H]1O[C@H](O[C@@H]2[C@@H](CO)O[C@@H](O[C@@H]3[C@@H](O)[C@H](N)C[C@H](N)[C@H]3O[C@H]3O[C@H](CN)[C@@H](O)[C@H](O)[C@H]3N)[C@@H]2O)[C@H](N)[C@@H](O)[C@@H]1O","0","train"
"NS(=O)(=O)c1cc2c(cc1Cl)NC(C1CC3C=CC1C3)NS2(=O)=O","0","train"
"NS(=O)(=O)c1cc2c(cc1Cl)NC(CSCc1ccccc1)=NS2(=O)=O","0","train"
"NS(=O)(=O)c1cc2c(cc1Cl)NC(c1ccccc1)NC2=O","0","train"
"Nc1c(CC(=O)O)cccc1C(=O)c1ccc(Br)cc1","0","train"
"Nc1ccc(C(=O)Oc2ccccc2)c(O)c1","0","train"
"Nc1ccc(S(=O)(=O)Nc2ccccn2)cc1","0","train"
"Nc1ccn(C2CSC(CO)O2)c(=O)n1","0","train"
"Nc1n[n+]([O-])c2ccccc2[n+]1[O-]","0","train"
"Nc1nc(=O)n(C2CSC(CO)O2)cc1F","0","train"
"Nc1ncnc2c1ncn2CCOCP(=O)(O)O","0","train"
"O=C(CCBr)N1CCN(C(=O)CCBr)CC1","0","train"
"O=C(CO)C(O)C(OC1OC(CO)C(O)C(O)C1O)C(O)CO","0","train"
"O=C(Cn1ccnc1[N+](=O)[O-])NCc1ccccc1","0","train"
"O=C(NC(Cc1cc(=O)[nH]c2ccccc12)C(=O)O)c1ccc(Cl)cc1","0","train"
"O=C(NCC1CCCCN1)c1cc(OCC(F)(F)F)ccc1OCC(F)(F)F","0","train"
"O=C(Nc1ccc([N+](=O)[O-])cc1Cl)c1cc(Cl)ccc1O","0","train"
"O=C(O)C(S)C(S)C(=O)O","0","train"
"O=C(O)CCNC(=O)c1ccc(N=Nc2ccc(O)c(C(=O)O)c2)cc1","0","train"
"O=C(O)CN(CCN(CC(=O)O)CC(=O)O)CC(=O)O","0","train"
"O=C(O)COc1ccc(C(=O)c2cccs2)c(Cl)c1Cl","0","train"
"O=C(O)Cc1nn(-c2ccc(F)cc2)cc1-c1ccc(Cl)cc1","0","train"
"O=C(O)c1ccc(NC(=O)C(Cc2ccc(O)cc2)NC(=O)c2ccccc2)cc1","0","train"
"O=C(O)c1cccnc1Nc1cccc(C(F)(F)F)c1","0","train"
"O=C(OC1CC2CC3CC(C1)N2CC3=O)c1c[nH]c2ccccc12","1","train"
"O=C(OCCN1CCOCC1)c1cccnc1Nc1cccc(C(F)(F)F)c1","0","train"
"O=C1NC(=O)C2(CCOc3ccc(F)cc32)N1","0","train"
"O=C1OCCN1N=Cc1ccc([N+](=O)[O-])o1","0","train"
"O=CC(O)C(O)C(O)CO","0","train"
"O=Cc1cc(=O)c2c(OCC(O)COc3cccc4oc(C(=O)O)cc(=O)c34)cccc2o1","0","train"
"O=S(O)CNc1ccc(S(=O)(=O)c2ccc(NCS(=O)O)cc2)cc1","0","train"
"O=[N+]([O-])OCC(CO[N+](=O)[O-])(CO[N+](=O)[O-])CO[N+](=O)[O-]","0","train"
"O=[N+]([O-])OCC(CO[N+](=O)[O-])O[N+](=O)[O-]","0","train"
"O=[N+]([O-])OCC(O[N+](=O)[O-])C(CO[N+](=O)[O-])O[N+](=O)[O-]","0","train"
"O=c1[nH]cc(N(CCCl)CCCl)c(=O)[nH]1","0","train"
"OCC(CO)NC1CC(O)(CO)C(O)C(O)C1O","0","train"
"OCC(O)C(O)C(OC1OC(CO)C(O)C(O)C1O)C(O)CO","0","train"
"OCC(O)CN1CCN(c2ccccc2)CC1","0","train"
"OCCN1CC(O)C(O)C(O)C1CO","0","train"
"OCCN1CCN(CC/C=C2\c3ccccc3Sc3ccc(Cl)cc32)CC1","1","train"
"Oc1c(Cl)cc(Cl)cc1Sc1cc(Cl)cc(Cl)c1O","0","train"
"Oc1c(I)cc(I)c2cccnc12","0","train"
"Oc1ccc(C(O)CNCCCCCCNCC(O)c2ccc(O)c(O)c2)cc1O","0","train"
"Brc1c(NC2=NCCN2)ccc2nccnc12","1","train"
"C/C(=C\C(=O)OCCCCCCCCC(=O)O)C[C@@H]1OC[C@H](C[C@@H]2O[C@H]2[C@@H](C)[C@H](C)O)[C@@H](O)[C@H]1O","0","train"
"C=C1/C(=C\C=C2/CCC[C@@]3(C)[C@H]2CC[C@@H]3[C@H](C)CCCC(C)(C)O)C[C@@H](O)C[C@@H]1O","0","train"
"C=C1CC[C@H](O)C/C1=C/C=C1\CCC[C@@]2(C)[C@H]1CC[C@@H]2[C@H](C)CCCC(C)C","0","train"
"CC(=O)O[C@H]1C[C@@H]2CC[C@@H]3[C@H](CC[C@@]4(C)[C@H]3C[C@H](N3CC[N+](C)(C)CC3)[C@@H]4OC(C)=O)[C@@]2(C)C[C@@H]1N1CC[N+](C)(C)CC1","0","train"
"CC(=O)O[C@H]1C[C@@H]2CC[C@@H]3[C@H](CC[C@@]4(C)[C@H]3C[C@H]([N+]3(C)CCCCC3)[C@@H]4OC(C)=O)[C@@]2(C)C[C@@H]1N1CCCCC1","0","train"
"CC(=O)O[C@H]1C[C@@H]2CC[C@@H]3[C@H](CC[C@@]4(C)[C@H]3C[C@H]([N+]3(C)CCCCC3)[C@@H]4OC(C)=O)[C@@]2(C)C[C@@H]1[N+]1(C)CCCCC1","0","train"
"CC(=O)O[C@]1(C(C)=O)CC[C@H]2[C@@H]3C=C(C)C4=CC(=O)CC[C@]4(C)[C@H]3CC[C@@]21C","0","train"
"CC(C)(C)NC[C@H](O)COc1cccc2c1CCCC2=O","1","train"
"CC(C)(C)NC[C@H](O)COc1nsnc1N1CCOCC1","1","train"
"CC(C)(CO)[C@@H](O)C(=O)NCCCO","0","train"
"CC(C)(O/N=C(\C(=O)N[C@@H]1C(=O)N2C(C(=O)O)=C(C[n+]3ccccc3)CS[C@H]12)c1csc(N)n1)C(=O)O","0","train"
"CC(C)C[C@H](NC(=O)CNC(=O)[C@H](Cc1ccc(O)cc1)NC(=O)[C@H](CO)NC(=O)[C@H](Cc1c[nH]c2ccccc12)NC(=O)[C@H](Cc1cnc[nH]1)NC(=O)[C@@H]1CCC(=O)N1)C(=O)N[C@@H](CCCN=C(N)N)C(=O)N1CCC[C@H]1C(=O)NCC(N)=O","0","train"
"CC(C)C[C@H](NC(=O)[C@@H](COC(C)(C)C)NC(=O)[C@H](Cc1ccc(O)cc1)NC(=O)[C@H](CO)NC(=O)[C@H](Cc1c[nH]c2ccccc12)NC(=O)[C@H](Cc1cnc[nH]1)NC(=O)[C@@H]1CCC(=O)N1)C(=O)N[C@@H](CCCN=C(N)N)C(=O)N1CCC[C@H]1C(=O)NNC(N)=O","0","train"
"CC(C)Cn1cnc2c(N)nc3ccccc3c21","0","train"
"CC(O)C(CO)NC(=O)C1CSSCC(NC(=O)C(N)Cc2ccccc2)C(=O)NC(Cc2ccccc2)C(=O)NC(Cc2c[nH]c3ccccc23)C(=O)NC(CCCCN)C(=O)NC(C(C)O)C(=O)N1","0","train"
"CC(c1cc2ccccc2s1)N(O)C(N)=O","0","train"
"CC1(C)O[C@@H]2C[C@H]3[C@@H]4C[C@H](F)C5=CC(=O)C=C[C@]5(C)[C@H]4[C@@H](O)C[C@]3(C)[C@]2(C(=O)CO)O1","0","train"
"CC1CNc2c(cccc2S(=O)(=O)N[C@@H](CCCN=C(N)N)C(=O)N2CC[C@@H](C)C[C@@H]2C(=O)O)C1","0","train"
"CCC1=C[C@@H]2CN(C1)Cc1c([nH]c3ccccc13)[C@@](C(=O)OC)(c1cc3c(cc1OC)N(C)[C@H]1[C@@](O)(C(=O)OC)[C@H](OC(C)=O)[C@]4(CC)C=CCN5CC[C@]31[C@@H]54)C2","0","train"
"CCCCC[C@H](O)/C=C/[C@H]1[C@H](O)CC(=O)[C@@H]1C/C=C\CCCC(=O)O","0","train"
"CCCCC[C@H](O)/C=C/[C@H]1[C@H](O)C[C@@H]2O/C(=C\CCCC(=O)O)C[C@@H]21","0","train"
"CCCCN1CCCCC1C(=O)Nc1c(C)cccc1C","0","train"
"CCCCOc1cc(C(=O)NCCN(CC)CC)c2ccccc2n1","0","train"
"CCCCc1ncc(/C=C(\Cc2cccs2)C(=O)O)n1Cc1ccc(C(=O)O)cc1","0","train"
"CCC[C@@H]1C[C@@H](C(=O)N[C@H]([C@H](C)Cl)[C@H]2O[C@H](SC)[C@H](O)[C@@H](O)[C@H]2O)N(C)C1","0","train"
"CCC[C@H](N[C@@H](C)C(=O)N1[C@H](C(=O)O)C[C@@H]2CCCC[C@@H]21)C(=O)OCC","0","train"
"CCCc1c2oc(C(=O)O)cc(=O)c2cc2c(=O)cc(C(=O)O)n(CC)c12","0","train"
"CCNC(=O)[C@@H]1CCCN1C(=O)[C@H](CCCN=C(N)N)NC(=O)[C@H](CC(C)C)NC(=O)[C@@H](CC(C)C)NC(=O)[C@H](Cc1ccc(O)cc1)NC(=O)[C@H](CO)NC(=O)[C@H](Cc1c[nH]c2ccccc12)NC(=O)[C@H](Cc1cnc[nH]1)NC(=O)[C@@H]1CCC(=O)N1","0","train"
"CCOC(=O)[C@H](CCc1ccccc1)N[C@@H](C)C(=O)N1Cc2cc(OC)c(OC)cc2C[C@H]1C(=O)O","0","train"
"CCOC(=O)[C@H](CCc1ccccc1)N[C@@H](C)C(=O)N1Cc2ccccc2C[C@H]1C(=O)O","0","train"
"CCOC(=O)[C@H](CCc1ccccc1)N[C@@H](C)C(=O)N1[C@H](C(=O)O)C[C@H]2CCCC[C@@H]21","0","train"
"CCOC(=O)c1ccc(C#Cc2ccc3c(c2)C(C)(C)CCS3)nc1","0","train"
"CCOc1cc(CC(=O)N[C@@H](CC(C)C)c2ccccc2N2CCCCC2)ccc1C(=O)O","0","train"
"CCOc1ccccc1OCCN[C@H](C)Cc1ccc(OC)c(S(N)(=O)=O)c1","0","train"
"CCc1c2c(nc3ccc(OC(=O)N4CCC(N5CCCCC5)CC4)cc13)-c1cc3c(c(=O)n1C2)COC(=O)[C@]3(O)CC","0","train"
"CCc1ccc(C(C)CCc2ccc([N+](C)(C)C)cc2)cc1","0","train"
"CN(C)CC/C=C1/c2ccccc2COc2ccc(CC(=O)O)cc21","0","train"
"CN(C)CCOC(=O)C(c1ccccc1)C1(O)CCCC1","0","train"
"CN(C/C=C/c1ccccc1)Cc1cccc2ccccc12","0","train"
"CN(CCCl)CCCl","0","train"
"CN1CCC[C@@H]1CCO[C@](C)(c1ccccc1)c1ccc(Cl)cc1","1","train"
"CO/N=C(\C(=O)N[C@@H]1C(=O)N2C(C(=O)O)=C(/C=C\c3scnc3C)CS[C@H]12)c1csc(N)n1","0","train"
"COC(=O)C1=C(C)NC(C)=C(C(=O)OCC(C)C)C1c1ccccc1[N+](=O)[O-]","0","train"
"CO[C@H]1/C=C/O[C@@]2(C)Oc3c(C)c(O)c4c(O)c(c(/C=N/N5CCN(C)CC5)c(O)c4c3C2=O)NC(=O)/C(C)=C\C=C\[C@H](C)[C@H](O)[C@@H](C)[C@@H](O)[C@@H](C)[C@H](OC(C)=O)[C@@H]1C","0","train"
"CO[C@H]1/C=C/O[C@@]2(C)Oc3c(C)c(O)c4c(O)c(c(/C=N/N5CCN(C6CCCC6)CC5)c(O)c4c3C2=O)NC(=O)/C(C)=C\C=C\[C@H](C)[C@H](O)[C@@H](C)[C@@H](O)[C@@H](C)[C@H](OC(C)=O)[C@@H]1C","0","train"
"CO[C@H]1C[C@@H]2CC[C@@H](C)[C@@](O)(O2)C(=O)C(=O)N2CCCC[C@H]2C(=O)O[C@H]([C@H](C)C[C@@H]2CC[C@@H](O)[C@H](OC)C2)CC(=O)[C@H](C)/C=C(\C)[C@@H](O)[C@@H](OC)C(=O)[C@H](C)C[C@H](C)/C=C/C=C/C=C/1C","0","train"
"COc1c(N2C[C@@H]3CCCN[C@@H]3C2)c(F)cc2c(=O)c(C(=O)O)cn(C3CC3)c12","0","train"
"COc1ccc(C[C@@H](C)NC[C@H](O)c2ccc(O)c(NC=O)c2)cc1","1","train"
"C[C@@H](O)[C@H]1C(=O)N2C(C(=O)O)=C(S[C@@H]3CN[C@H](C(=O)N(C)C)C3)[C@H](C)[C@H]12","0","train"
"C[C@@H](c1ncncc1F)[C@](O)(Cn1cncn1)c1ccc(F)cc1F","0","train"
"C[C@@H]1CN(C2CCC(C#N)(c3ccc(F)cc3)CC2)CC[C@]1(C(=O)O)c1ccccc1","1","train"
"C[C@@]12CCCCC[C@@H](Cc3ccc(O)cc31)[C@@H]2N","1","train"
"C[C@H]1[C@H](NC(=O)/C(=N\OC(C)(C)C(=O)O)c2csc(N)n2)C(=O)N1S(=O)(=O)O","0","train"
"C[C@]1(O)CC[C@H]2[C@@H]3CCC4=CC(=O)CC[C@]4(C)[C@@]3(F)[C@@H](O)C[C@@]21C","0","train"
"C[C@]12CC[C@@H]3c4ccc(OC(=O)N(CCCl)CCCl)cc4CC[C@H]3[C@@H]1CC[C@@H]2O","0","train"
"Cc1cc(Br)cnc1NC(=O)C(C)(C)C","0","train"
"Cc1cc(C(C)(C(=O)OCCOCCOCCO)c2cc(C)c(O)c(C(C)(C)C)c2)cc(C(C)(C)C)c1O","0","train"
"Cc1cc(C2CCCCC2)n(O)c(=O)c1","0","train"
"Cc1ccc(O)c([C@H](CCN(C(C)C)C(C)C)c2ccccc2)c1","0","train"
"Cc1cccc(C)c1OCC(=O)N[C@@H](Cc1ccccc1)[C@@H](O)C[C@H](Cc1ccccc1)NC(=O)[C@H](C(C)C)N1CCCNC1=O","0","train"
"Cc1cccc(C2(C(=O)N3CCCC3)CCN(CCCC(=O)c3ccc(F)cc3)CC2)c1","1","train"
"Cc1cccn2c(=O)c(-c3nn[nH]n3)cnc12","0","train"
"Cc1ncc(CO)c(CO)c1O","0","train"
"Cc1ncc(C[n+]2csc(CCO)c2C)c(N)n1","0","train"
"ClC1C(Cl)C(Cl)C(Cl)C(Cl)C1Cl","0","train"
"Clc1ccc(CO/N=C(\Cn2ccnc2)c2ccc(Cl)cc2Cl)c(Cl)c1","0","train"
"N=C(N)c1ccc(OCCCCCOc2ccc(C(=N)N)cc2)cc1","0","train"
"NC(=O)CC[C@@H]1NC(=O)[C@H](Cc2ccccc2)NC(=O)[C@H](Cc2ccc(O)cc2)NC(=O)CCSSC[C@@H](C(=O)N2CCC[C@H]2C(=O)N[C@H](CCCN=C(N)N)C(=O)NCC(N)=O)NC(=O)[C@H](CC(N)=O)NC1=O","0","train"
"NC(=O)CC[C@@H]1NC(=O)[C@H](Cc2ccccc2)NC(=O)[C@H](Cc2ccc(O)cc2)NC(=O)[C@@H](N)CSSC[C@@H](C(=O)N2CCC[C@H]2C(=O)N[C@@H](CCCN=C(N)N)C(=O)NCC(N)=O)NC(=O)[C@H](CC(N)=O)NC1=O","0","train"
"NCCCC[C@H](N[C@@H](CCc1ccccc1)C(=O)O)C(=O)N1CCC[C@H]1C(=O)O","0","train"
"N[C@@H](Cc1cc(I)c(Oc2cc(I)c(O)c(I)c2)c(I)c1)C(=O)O","0","train"
"N[C@@H](Cc1cc(I)c(Oc2ccc(O)c(I)c2)c(I)c1)C(=O)O","0","train"
"Nc1ccn(C[C@@H](CO)OCP(=O)(O)O)c(=O)n1","0","train"
"Nc1ccn([C@@H]2CS[C@H](CO)O2)c(=O)n1","0","train"
"Nc1ccn([C@@H]2O[C@H](CO)[C@@H](O)C2(F)F)c(=O)n1","0","train"
"O=C(OC1C[C@@H]2CC3C[C@H](C1)N2CC3=O)c1c[nH]c2ccccc12","1","train"
"O=[N+]([O-])O[C@@H]1CO[C@@H]2[C@@H](O)CO[C@H]12","0","train"
"O=[N+]([O-])O[C@H]1CO[C@H]2[C@@H]1OC[C@H]2O[N+](=O)[O-]","0","train"
"OCc1cc(C(O)CNCCCCCCOCCCCc2ccccc2)ccc1O","0","train"
"Oc1ccc(C2CNCCc3c2cc(O)c(O)c3Cl)cc1","0","train"
"S=c1[nH]c(-c2ccc(Br)cc2)cs1","0","train"
"c1ccc2c(CC3=NCCN3)cccc2c1","0","train"
"C#CC1(O)CCC2C3CCC4=C/C(=N\O)CCC4C3CCC21CC","0","train"
"C#CC1(O)CCC2C3CCC4=CC(=O)CCC4=C3C=CC21CC","0","train"
"C#CC1(O)CCC2C3CCC4=CC(=O)CCC4C3C(=C)CC21CC","0","train"
"C#CC1(O)CCC2C3CCC4=CCCCC4C3C(=C)CC21CC","0","train"
"C#CC1(O)CCC2C3CCc4cc(OC)ccc4C3CCC21C","0","train"
"C#CC1(OC(C)=O)CCC2C3CCC4=C/C(=N\O)CCC4C3CCC21CC","0","train"
"C#CC1(OC(C)=O)CCC2C3CCC4=CC(OC(C)=O)CCC4C3CCC21C","0","train"
"C#CCC(Cc1cnc2nc(N)nc(N)c2n1)c1ccc(C(=O)NC(CCC(=O)O)C(=O)O)cc1","0","train"
"C#CCNC1CCc2ccccc21","1","train"
"C(=N\NC1=NCCN1)\c1c2ccccc2c(/C=N\NC2=NCCN2)c2ccccc12","0","train"
"C/C(=C\C(=O)OCCCCCCCCC(=O)O)CC1OCC(CC2OC2C(C)C(C)O)C(O)C1O","0","train"
"C/C(=C\c1csc(C)n1)C1CC2OC2(C)CCCC(C)C(O)C(C)C(=O)C(C)(C)C(O)CC(=O)N1","0","train"
"C/C=C(\C)C(=O)OC1C(C)=CC23C(=O)C(C=C(CO)C(O)C12O)C1C(CC3C)C1(C)C","0","train"
"C1CCC(C(CC2CCCCN2)C2CCCCC2)CC1","0","train"
"C=C1/C(=C/C=C2\CCCC3(C)C2CCC3C(C)/C=C/C(O)C2CC2)CC(O)CC1O","0","train"
"C=C1C(=O)OC2C1CCC1(C)OC13CC=C(C)C23","0","train"
"C=C1CC2C(CCC3(C)C(=O)CCC23)C2(C)C=CC(=O)C=C12","0","train"
"C=C1C[C@@H]2CC[C@@]34C[C@H]5O[C@H]6[C@@H](O3)[C@H]3OC(CC[C@@H]3O[C@H]6[C@H]5O4)CC(=O)C[C@H]3[C@H](C[C@H]4O[C@@H](CC[C@@H]1O2)C[C@@H](C)C4=C)O[C@H](C[C@H](O)CN)[C@@H]3OC","0","train"
"C=CC1=C(C(=O)O)N2C(=O)C(NC(=O)/C(=N/O)c3csc(N)n3)C2SC1","0","train"
"C=CC1=C(C(=O)O)N2C(=O)C(NC(=O)/C(=N/OCC(=O)O)c3csc(N)n3)C2SC1","0","train"
"C=CCC1(O)CCC2C3CCC4=CCCCC4C3CCC21C","0","train"
"C=CC[N+]1(C2CC3C4CCC5CC(O)C(N6CCOCC6)CC5(C)C4CCC3(C)C2OC(C)=O)CCCC1","0","train"
"CC#CCC(C)C(O)/C=C/C1C(O)CC2C/C(=C/CCCC(=O)OCC(=O)c3ccccc3)CC21","0","train"
"CC#CCn1c(N2CCCC(N)C2)nc2c1c(=O)n(Cc1nc(C)c3ccccc3n1)c(=O)n2C","0","train"
"CC(=O)N(O)CCCCCNC(=O)CCC(=O)N(O)CCCCCNC(=O)CCC(=O)N(O)CCCCCN","0","train"
"CC(=O)Nc1cccc(-n2c(=O)n(C3CC3)c(=O)c3c(Nc4ccc(I)cc4F)n(C)c(=O)c(C)c32)c1","0","train"
"CC(=O)OC(C)C[N+](C)(C)C","0","train"
"CC(=O)OC1(C(C)=O)CCC2C3C=C(Cl)C4=CC(=O)C5CC5C4(C)C3CCC21C","0","train"
"CC(=O)OC1(C(C)=O)CCC2C3C=CC4=CC(=O)CCC4(C)C3CCC21C","0","train"
"CC(=O)OC1(C(C)=O)CCC2C3CC(C)C4=CC(=O)CCC4(C)C3CCC21C","0","train"
"CC(=O)OC1CC2(C)C(CC(O)C3C4(C)CCC(O)C(C)C4CCC32C)/C1=C(/CCC=C(C)C)C(=O)O","0","train"
"CC(=O)OC1CC2CCC3C(CCC4(C)C3CC(N3CC[N+](C)(C)CC3)C4OC(C)=O)C2(C)CC1N1CC[N+](C)(C)CC1","0","train"
"CC(=O)OC1CC2CCC3C(CCC4(C)C3CC([N+]3(C)CCCCC3)C4OC(C)=O)C2(C)CC1N1CCCCC1","0","train"
"CC(=O)OC1CC2CCC3C(CCC4(C)C3CC([N+]3(C)CCCCC3)C4OC(C)=O)C2(C)CC1[N+]1(C)CCCCC1","0","train"
"CC(=O)OCC(=O)NCCCOc1cccc(CN2CCCCC2)c1","0","train"
"CC(=O)Oc1cc2c(s1)CCN(C(C(=O)C1CC1)c1ccccc1F)C2","0","train"
"CC(C)(C)NC(=O)NC(C(=O)N1CC2C(C1C(=O)NC(CC1CCC1)C(=O)C(N)=O)C2(C)C)C(C)(C)C","0","train"
"CC(C)(C)S(=O)(=O)CC(Cc1ccccc1)C(=O)NC(Cc1cnc[nH]1)C(=O)NC(CC1CCCCC1)C(O)C(O)C1CC1","0","train"
"CC(C)(C)c1cc(C(C)(C)C)c(NC(=O)c2c[nH]c3ccccc3c2=O)cc1O","0","train"
"CC(C)C(=O)Oc1ccc(CO)cc1C(CCN(C(C)C)C(C)C)c1ccccc1","1","train"
"CC(C)CC(NC(=O)C(CCc1ccccc1)NC(=O)CN1CCOCC1)C(=O)NC(Cc1ccccc1)C(=O)NC(CC(C)C)C(=O)C1(C)CO1","0","train"
"CC(C)CN(CC(O)C(Cc1ccccc1)NC(=O)OC1COC2OCCC12)S(=O)(=O)c1ccc(N)cc1","0","train"
"CC(C)COC(=O)OCN1C(=O)CN(CCN2CC(=O)N(COC(=O)OCC(C)C)C(=O)C2)CC1=O","0","train"
"CC(C)N(CCCCOCC(=O)NS(C)(=O)=O)c1cnc(-c2ccccc2)c(-c2ccccc2)n1","0","train"
"CC(C)N1CCN(c2ccc(OCC3COC(Cn4cncn4)(c4ccc(Cl)cc4Cl)O3)cc2)CC1","0","train"
"CC(C)OC(=O)C(C)NP(=O)(OCC1OC(n2ccc(=O)[nH]c2=O)C(C)(F)C1O)Oc1ccccc1","0","train"
"CC(C)OC(=O)CCC/C=C/CC1C(O)CC(O)C1/C=C/C(F)(F)COc1ccccc1","0","train"
"CC(C)OC(=O)CCC/C=C/CC1C(O)CC(O)C1/C=C/C(O)COc1cccc(C(F)(F)F)c1","0","train"
"CC(C)OC(=O)CCC/C=C/CC1C(O)CC(O)C1CCC(O)CCc1ccccc1","0","train"
"CC(C)OP(=O)(F)OC(C)C","0","train"
"CC(C)c1c(C(=O)Nc2ccccc2)c(-c2ccccc2)c(-c2ccc(F)cc2)n1CCC(O)CC(O)CC(=O)O","0","train"
"CC(C)c1cc2c(cc1S(=O)(=O)O)C1(C)CCCC(C)(C(=O)O)C1CC2","0","train"
"CC(C)c1ccc2oc3nc(N)c(C(=O)O)cc3c(=O)c2c1","0","train"
"CC(C)c1nc(N(C)S(C)(=O)=O)nc(-c2ccc(F)cc2)c1/C=C/C(O)CC(O)CC(=O)O","0","train"
"CC(C)n1c(/C=C/C(O)CC(O)CC(=O)O)c(-c2ccc(F)cc2)c2ccccc21","0","train"
"CC(CCC(=O)NCCS(=O)(=O)O)C1CCC2C3C(O)CC4CC(O)CCC4(C)C3CCC12C","0","train"
"CC(Cc1cc2c(c(C(N)=O)c1)N(CCCO)CC2)NCCOc1ccccc1OCC(F)(F)F","0","train"
"CC(O)C1C(=O)N2C(C(=O)OCOC(=O)C(C)(C)C)=C(SC3CN(C4=NCCS4)C3)C(C)C12","0","train"
"CC(OC1OCCN(Cc2n[nH]c(=O)[nH]2)C1c1ccc(F)cc1)c1cc(C(F)(F)F)cc(C(F)(F)F)c1","1","train"
"CC(Oc1cc(-c2cnn(C3CCNCC3)c2)cnc1N)c1c(Cl)ccc(F)c1Cl","0","train"
"CC(SC(=O)c1cccs1)C(=O)NCC(=O)O","0","train"
"CC/C=C/C/C=C/C/C=C/C/C=C/C/C=C/CCCC(=O)OCC","0","train"
"CC1(C)C(C(=O)O)N2C(=O)CC2S1(=O)=O","0","train"
"CC1(C)SC2C(NC(=O)C(NC(=O)N3CCNC3=O)c3ccccc3)C(=O)N2C1C(=O)O","0","train"
"CC12CCC3=C4CCC(=O)C=C4CCC3C1CCC2(O)CC#N","0","train"
"CC12CCC3C4C=CC(=O)NC4CCC3C1CCC2C(=O)Nc1cc(C(F)(F)F)ccc1C(F)(F)F","0","train"
"CC12CCC3C4CCC(=O)C=C4CCC3C1CCC2OC(=O)CCc1ccccc1","0","train"
"CC12CCC3c4ccc(O)cc4CC(CCCCCCCCC[S+]([O-])CCCC(F)(F)C(F)(F)F)C3C1CCC2O","0","train"
"CC12CCC3c4ccc(O)cc4CCC3C1CC(O)C2O","0","train"
"CC1=C(CC(=O)O)c2cc(F)ccc2/C1=C/c1ccc([S+](C)[O-])cc1","1","train"
"CC1C/C=C\C=C\C=C/C=C\C(OC2OC(C)C(O)C(N)C2O)CC2OC(O)(CC(O)CC3OC3/C=C\C(=O)O1)CC(O)C2C(=O)O","0","train"
"CC1CC(=O)NN=C1c1ccc(NN=C(C#N)C#N)cc1","0","train"
"CC1CC(O)CC(OC2C(O)CC(OC3C(O)CC(OC4CCC5(C)C(CCC6C5CC(O)C5(C)C(C7=CC(=O)OC7)CCC65O)C4)OC3C)OC2C)O1","0","train"
"CC1CC(OC(=O)C(OC(=O)c2cccnc2)c2ccccc2)CC(C)(C)C1","0","train"
"CC1CC2(C)C(CCC3C4CCC(O)C4(C)CCC32)CC1=O","0","train"
"CC1CCC(C(C)C)C(O)C1","0","train"
"CC1CCc2c(N3CCC(O)CC3)c(F)cc3c(=O)c(C(=O)O)cn1c23","0","train"
"CC1CNc2c(cccc2S(=O)(=O)NC(CCCN=C(N)N)C(=O)N2CCC(C)CC2C(=O)O)C1","0","train"
"CC1OC(OC2C(CO)OC(OC3C(CO)OC(O)C(O)C3O)C(O)C2O)C(O)C(O)C1NC1C=C(CO)C(O)C(O)C1O","0","train"
"CC1OC(OC2CC(O)C3(CO)C4C(O)CC5(C)C(C6=CC(=O)OC6)CCC5(O)C4CCC3(O)C2)C(O)C(O)C1O","0","train"
"CC1OC2(CS1)CN1CCC2CC1","0","train"
"CCC(=O)NCCC1CCc2ccc3c(c21)CCO3","1","train"
"CCC(C(C)O)n1ncn(-c2ccc(N3CCN(c4ccc(OCC5COC(Cn6cncn6)(c6ccc(F)cc6F)C5)cc4)CC3)cc2)c1=O","0","train"
"CCC(C)(Oc1ccc(C2(c3ccc(OC(C)(CC)C(=O)O)cc3)CCCCC2)cc1)C(=O)O","0","train"
"CCC(CC)(CC(=O)Nc1cccc(/C=C/c2nc(C3CCC3)cs2)c1)C(=O)O","0","train"
"CCC(NC(C)C)C(O)c1ccc(O)c2[nH]c(=O)ccc12","0","train"
"CCC12C=CCN3CCC4(c5cc(C6(C(=O)OC)CC7C=C(C)CN(C7)c7c6[nH]c6ccccc76)c(OC)cc5N(C)C4C(O)(C(=O)OC)C1OC(C)=O)C32","0","train"
"CCC1C(=O)OCC1Cc1cncn1C","0","train"
"CCC1C2CC3C4N(C)c5ccccc5C45CC(C2C5O)N3C1O","0","train"
"CCCC(=O)OCOC(=O)C1=C(C)NC(C)=C(C(=O)OC)C1c1cccc(Cl)c1Cl","0","train"
"CCCC(C)(COC(N)=O)COC(=O)NC(C)C","1","train"
"CCCC(NC(=O)C1C2CCCC2CN1C(=O)C(NC(=O)C(NC(=O)c1cnccn1)C1CCCCC1)C(C)(C)C)C(=O)C(=O)NC1CC1","0","train"
"CCCC1C(=O)N(c2ccccc2)N(c2ccccc2)C1=O","0","train"
"CCCCC(=O)OCC(=O)C1(O)Cc2c(O)c3c(c(O)c2C(OC2CC(NC(=O)C(F)(F)F)C(O)C(C)O2)C1)C(=O)c1c(OC)cccc1C3=O","0","train"
"CCCCC(C)(O)C/C=C/C1C(O)CC(=O)C1CCCCCCC(=O)OC","1","train"
"CCCCC(CC)COC(=O)C(C#N)=C(c1ccccc1)c1ccccc1","0","train"
"CCCCC(F)(F)C1(O)CCC2C(CC(=O)C2CCCCCCC(=O)O)O1","0","train"
"CCCCCC(O)CCC1C(O)CC2Cc3c(cccc3OCC(=O)O)CC21","0","train"
"CCCCCCCC(=O)OC(O)C(O)CO","0","train"
"CCCCCCCCCC(=O)OC1CCC2C3CCC4=CC(=O)CCC4C3CCC12C","0","train"
"CCCCCCCCCCCCCCCC(=O)O[C@@H]1[C@@H](O)[C@@H](O)[C@@H]([C@H](NC(=O)[C@@H]2C[C@@H](CCC)CN2C)[C@H](C)Cl)O[C@@H]1SC","0","train"
"CCCCCCCCCCCCCCCCCCCCCCO","0","train"
"CCCCCCCCCCCCCCCCO","0","train"
"CCCCCCCCCCCCCCCC[N+](C)(C)CCN(Cc1ccc(OC)cc1)c1ncccn1","0","train"
"CCCCCCOC(=O)NC(=N)c1ccc(NCc2nc3cc(C(=O)N(CCC(=O)OCC)c4ccccn4)ccc3n2C)cc1","0","train"
"CCCCCN(C)CCC(O)([P+](=O)O)P(=O)(O)O","0","train"
"CCCCCN=C(N)N/N=C\c1c[nH]c2ccc(OC)cc12","0","train"
"CCCCCON=O","0","train"
"CCCCCOc1ccccc1/C(=C\SC)n1ccnc1","0","train"
"CCCCN1CC(O)C(O)C(O)C1CO","1","train"
"CCCC[C@H](NC(C)=O)C(=O)N[C@H]1CC(=O)NCCCC[C@@H](C(=O)O)NC(=O)[C@H](CC2=CNC3C=CC=CC23)NC(=O)[C@H](CCCN=C(N)N)NC(=O)[C@@H](Cc2ccccc2)NC(=O)[C@H](Cc2c[nH]cn2)NC1=O","0","train"
"CCCCc1ncc(/C=C(/Cc2cccs2)C(=O)O)n1Cc1ccc(C(=O)O)cc1","0","train"
"CCCN(CCc1cccs1)C1CCc2c(O)cccc2C1","1","train"
"CCCOc1ccc(S(=O)(=O)NCCC2CCCN2C)cc1-c1nc2c(CCC)nn(C)c2c(=O)[nH]1","0","train"
"CCCS(=O)(=O)Nc1ccc(F)c(C(=O)c2c[nH]c3ncc(-c4ccc(Cl)cc4)cc23)c1F","0","train"
"CCN(CC)CCNc1ccc(C)c2sc3ccccc3c(=O)c12","0","train"
"CCN(CC)CCOc1ccc(/C(=C(/Cl)c2ccccc2)c2ccccc2)cc1","0","train"
"CCN(CC)CCS(=O)(=O)C1CCN2C(=O)c3coc(n3)CC(=O)CC(O)/C=C(C)\C=C/CNC(=O)/C=C\C(C)C(C(C)C)OC(=O)C12","0","train"
"CCN(CC)c1ccc(C(=C2C=CC(=[N+](CC)CC)C=C2)c2cc(S(=O)(=O)O)ccc2S(=O)(=O)O)cc1","0","train"
"CCN(CCC(c1ccccc1)c1cc(C)ccc1O)C(C)C","1","train"
"CCN(CCO)CCCC(C)Nc1ccnc2cc(Cl)ccc12","0","train"
"CCN(Cc1ccncc1)C(=O)C(CO)c1ccccc1","0","train"
"CCOC(=O)/C=C1\SC(N2CCCCC2)C(=O)N1C","0","train"
"CCOC(=O)C(CCc1ccccc1)NC(C)C(=O)N1C(=O)N(C)CC1C(=O)O","0","train"
"CCOC(=O)CC(SP(=S)(OC)OC)C(=O)OCC","0","train"
"CCOC(=O)NNc1ccc(N(CC)CC(C)O)nn1","0","train"
"CCOc1ccc(Cc2cc([C@]34OC[C@](CO)(O3)[C@@H](O)[C@H](O)[C@H]4O)ccc2Cl)cc1","0","train"
"CCc1cc2c(cc1CC)CC(NCC(O)c1ccc(O)c3[nH]c(=O)ccc13)C2","0","train"
"CCc1nc(C2CC2)c(C(N)=O)n1Cc1ccc2oc(-c3ccccc3NS(=O)(=O)C(F)(F)F)c(Br)c2c1","0","train"
"CN(C)C1C=C(C(=O)NCO)C(=O)C2(O)C(O)=C3C(=O)c4c(O)ccc(Cl)c4C(C)(O)C3CC12","0","train"
"CN(C)CCOc1ccc(/C(=C(/CCCl)c2ccccc2)c2ccccc2)cc1","0","train"
"CN(C)c1cc(CNCC(C)(C)C)c(O)c2c1C[C@H]1C[C@H]3[C@H](N(C)C)C(=O)C(C(N)=O)=C(O)[C@@]3(O)C(=O)C1=C2O","0","train"
"CN(C)c1cc(NC(=O)CNC(C)(C)C)c(O)c2c1CC1CC3C(N(C)C)C(=O)C(C(N)=O)=C(O)C3(O)C(=O)C1=C2O","0","train"
"CN(C)c1ccc(C(=C2C=CC(=[N+](C)C)C=C2)c2ccc(N(C)C)cc2)cc1","0","train"
"CN(CC(=O)N1CCOCC1)Cc1c(Cl)cccc1NC(=O)c1ccccc1","0","train"
"CN(N=O)C(=O)NC1COC(CO)C(O)C1O","0","train"
"CN(c1nccc(=O)[nH]1)C1CCN(c2nc3ccccc3n2Cc2ccc(F)cc2)CC1","0","train"
"CN1CC(C(=O)NC2(C)OC3(O)C4CCCN4C(=O)C(Cc4ccccc4)N3C2=O)C=C2c3cccc4[nH]cc(c34)CC21","1","train"
"CN1CCC2(C)c3cc(OC(N)=O)ccc3N(C)C12","0","train"
"CN1CCCC1Cc1c[nH]c2ccc(CCS(=O)(=O)c3ccccc3)cc12","1","train"
"CN1CCc2nc(C(=O)NC3CC(C(=O)N(C)C)CCC3NC(=O)C(=O)Nc3ccc(Cl)cn3)sc2C1","0","train"
"CNC(=O)CN(CCN(CCN(CC(=O)O)CC(=O)NC)CC(=O)O)CC(=O)O","0","train"
"CNC(=O)c1cc(Oc2ccc(NC(=O)Nc3ccc(Cl)c(C(F)(F)F)c3)c(F)c2)ccn1","0","train"
"CNC(=O)c1ccccc1Sc1ccc2c(/C=C/c3ccccn3)n[nH]c2c1","0","train"
"CNC(=O)c1cnn(-c2nc(N)c3ncn(C4OC(CO)C(O)C4O)c3n2)c1","0","train"
"CNC1(C)C2CCC(C2)C1(C)C","0","train"
"CNC1C(O)C(NC)C2OC3(O)C(=O)CC(C)OC3OC2C1O","0","train"
"CO/N=C(/C(=O)NC1C(=O)N2C(C(=O)O)=C(/C=C/c3scnc3C)CSC12)c1csc(N)n1","0","train"
"CO/N=C(/C(=O)NC1C(=O)N2C(C(=O)O)=C(COC(C)=O)CSC12)c1csc(N)n1","0","train"
"CO/N=C(/C(=O)NC1C(=O)N2C(C(=O)O)=C(CSc3nnnn3C)CSC12)c1csc(N)n1","0","train"
"CO/N=C(/C(=O)NC1C(=O)N2C(C(=O)O)=CCSC12)c1csc(N)n1","0","train"
"CO/N=C(/C(=O)NC1C(=O)N2C(C(=O)OCOC(=O)C(C)(C)C)=C(/C=C/c3scnc3C)CSC12)c1csc(N)n1","0","train"
"CO/N=C(\C(=O)NC1C(=O)N2C(C(=O)O)=C(CSc3[nH]c(=O)c(=O)[nH][n+]3C)CSC12)c1csc(N)n1","0","train"
"CO/N=C1/CN(c2nc3c(cc2F)c(=O)c(C(=O)O)cn3C2CC2)CC1CN","0","train"
"COC(=O)C1=COC(C)C2CN3CCc4c([nH]c5ccccc45)C3CC12","1","train"
"COC(=O)C1C2CC3c4[nH]c5cc(OC)ccc5c4CCN3CC2CC(OC(=O)/C=C/c2cc(OC)c(OC)c(OC)c2)C1OC","0","train"
"COC(=O)CCC(=O)CN","0","train"
"COC(=O)N[C@H](C(=O)N1CCC[C@H]1c1nc2cc(F)c([C@H]3CC[C@H](c4cc5[nH]c([C@@H]6CCCN6C(=O)[C@@H](NC(=O)OC)[C@@H](C)OC)nc5cc4F)N3c3cc(F)c(N4CCC(c5ccc(F)cc5)CC4)c(F)c3)cc2[nH]1)[C@@H](C)OC","0","train"
"COC(=O)c1ccc2c(C(=Nc3ccc(N(C)C(=O)CN4CCN(C)CC4)cc3)c3ccccc3)c(O)[nH]c2c1","0","train"
"COC1/C=C\OC2(C)Oc3c(C)c(O)c4c(O)c(c5c(nc6cc(C)ccn65)c4c3C2=O)NC(=O)/C(C)=C\C=C/C(C)C(O)C(C)C(O)C(C)C(OC(C)=O)C1C","0","train"
"COC1=CC(=O)CC(C)C12Oc1c(Cl)c(OC)cc(OC)c1C2=O","0","train"
"COC1OC2OC3(C)CCC4C(C)CCC(C1C)C24OO3","0","train"
"COCC1=C(C(=O)O)N2C(=O)C(NC(=O)/C(=N/OC)c3csc(N)n3)C2SC1","0","train"
"COCCOCC(CC1(C(=O)NC2CCC(C(=O)O)CC2)CCCC1)C(=O)Oc1ccc2c(c1)CCC2","0","train"
"CON(C)Cc1ccc(O)c2c1C[C@H]1C[C@H]3[C@H](N(C)C)C(=O)C(C(N)=O)=C(O)[C@@]3(O)C(=O)C1=C2O","0","train"
"COc1c(C)c2c(c(O)c1C/C=C(\C)CCC(=O)OCCN1CCOCC1)C(=O)OC2","0","train"
"COc1cc(C)c2c(Oc3cccc(C(F)(F)F)c3)c(OC)cc(NC(C)CCCN)c2n1","0","train"
"COc1cc(C2c3cc4c(cc3C(O)C3COC(=O)C23)OCO4)cc(OC)c1OC","0","train"
"COc1cc(NS(=O)(=O)c2ccc(N)cc2)nc(OC)n1","0","train"
"COc1cc(NS(C)(=O)=O)ccc1Nc1c2ccccc2nc2ccccc12","0","train"
"COc1cc(Nc2c(C#N)cnc3cc(OCCCN4CCN(C)CC4)c(OC)cc23)c(Cl)cc1Cl","0","train"
"COc1cc(Nc2ncc(F)c(Nc3ccc4c(n3)N(COP(=O)(O)O)C(=O)C(C)(C)O4)n2)cc(OC)c1OC","0","train"
"COc1cc(OC)cc(N(CCNC(C)C)c2ccc3ncc(-c4cnn(C)c4)nc3c2)c1","0","train"
"COc1cc2c3cc1Oc1cc(ccc1O)CC1c4c(cc(OC)c(O)c4Oc4ccc(cc4)CC3N(C)CC2)CC[N+]1(C)C","0","train"
"COc1ccc(-n2nc(C(N)=O)c3c2C(=O)N(c2ccc(N4CCCCC4=O)cc2)CC3)cc1","0","train"
"COc1ccc(C(=O)N2CCN(c3ccc4c(c3)CCC(=O)N4)CC2)cc1OC","0","train"
"COc1ccc(CCNC[C@@H](O)c2ccc(O)cc2)cc1OC","0","train"
"COc1ccc(CCOC2CCCCC2N2CCC(O)C2)cc1OC","0","train"
"COc1ccc2cc1Oc1cc3c(cc1OC)CC[N+](C)(C)C3Cc1ccc(cc1)Oc1c(OC)c(OC)cc3c1C(C2)[N+](C)(C)CC3","0","train"
"COc1cccc(CCc2ccccc2OCC(CN(C)C)OC(=O)CCC(=O)O)c1","0","train"
"COc1cccc(N2CCN(C3=Nc4c(F)cccc4[C@H](CC(=O)O)N3c3cc(C(F)(F)F)ccc3OC)CC2)c1","0","train"
"COc1cccc(OC)c1C(=O)NC1C(=O)N2C1SC(C)(C)C2C(=O)O","0","train"
"COc1nccnc1NS(=O)(=O)c1ccc(N)cc1","0","train"
"COc1ncnc(NS(=O)(=O)c2ccc(N)cc2)c1OC","0","train"
"CS(=O)(=O)CCNCc1ccc(-c2ccc3ncnc(Nc4ccc(OCc5cccc(F)c5)c(Cl)c4)c3c2)o1","0","train"
"CS(=O)(=O)Nc1cc2occ(NC=O)c(=O)c2cc1Oc1ccccc1","0","train"
"C[C@H](N[C@@H](CCc1ccccc1)C(=O)O)C(=O)N1CCC[C@H]1C(=O)O","0","train"
"C[C@]12CC[C@H]3C(=CCc4cc(O)ccc43)[C@@H]1CCC2=O","0","train"
"C[N+](C)(C)CCCCCCCCCC[N+](C)(C)C","0","train"
"C[N+](C)(CCCCCC[N+](C)(C)C1c2ccccc2-c2ccccc21)C1c2ccccc2-c2ccccc21","0","train"
"C[N+]1(CCCCC[N+]2(C)CCCC2)CCCC1","0","train"
"Cc1c2cc[n+](C)cc2c(C)c2c1[nH]c1ccc(O)cc12","0","train"
"Cc1cc(/C=C/C#N)cc(C)c1Nc1ccnc(Nc2ccc(C#N)cc2)n1","0","train"
"Cc1cc2c(OCC(CNC(C)(C)C)OC(=O)c3ccccc3)cccc2[nH]1","0","train"
"Cc1cc2c(cc1CC(=O)c1sccc1S(=O)(=O)Nc1onc(C)c1Cl)OCO2","0","train"
"Cc1ccc(-n2[nH]c(C)c(N=Nc3cccc(-c4cccc(C(=O)O)c4)c3O)c2=O)cc1C","0","train"
"Cc1ccc(=O)n(-c2ccccc2)c1","0","train"
"Cc1ccc(C(=O)Nc2ccc(CN3CCN(C)CC3)c(C(F)(F)F)c2)cc1C#Cc1cnc2cccnn12","0","train"
"Cc1ccccc1C(=O)Nc1ccc(C(=O)N2CCCC(N(C)C)c3ccccc32)cc1","0","train"
"Cc1ccccc1C(=O)Nc1ccc(C(=O)N2CCCC(O)c3cc(Cl)ccc32)c(C)c1","0","train"
"Cc1ccnc(NS(=O)(=O)c2ccc(N)cc2)n1","0","train"
"Cc1nc(-c2ccc(OCC(C)C)c(C#N)c2)sc1C(=O)O","0","train"
"Cc1nc(NS(=O)(=O)c2ccc(N)cc2)oc1C","0","train"
"Cc1nc(Nc2ncc(C(=O)Nc3c(C)cccc3Cl)s2)cc(N2CCN(CCO)CC2)n1","0","train"
"Cc1nc2c([nH]1)CCN(C(=O)c1ccc(NC(=O)c3ccccc3-c3ccccc3)cc1)c1ccccc1-2","0","train"
"Cc1nc2ccc(CN(C)c3ccc(C(=O)NC(CCC(=O)O)C(=O)O)s3)cc2c(=O)[nH]1","0","train"
"Cc1ncc(CO)c(C=O)c1O","0","train"
"Cc1nnc(C(C)C)n1C1CC2CCC(C1)N2CCC(NC(=O)C1CCC(F)(F)CC1)c1ccccc1","0","train"
"Cc1oc(=O)oc1CN1CCN(c2cc3c(cc2F)c(=O)c(C(=O)O)c2n3C(C)S2)CC1","0","train"
"Clc1cc(Cl)c2c(c1)CCc1ccccc1C2n1ccnc1","0","train"
"Clc1ccc(C(Cn2ccnc2)OCc2ccc(Sc3ccccc3)cc2)c(Cl)c1","0","train"
"Clc1ccc(C(Cn2ccnc2)OCc2csc3c(Cl)cccc23)c(Cl)c1","0","train"
"Clc1ccc(CCC(Cn2ccnc2)Sc2c(Cl)cccc2Cl)cc1","0","train"
"Clc1ccc(CSC(Cn2ccnc2)c2ccc(Cl)cc2Cl)cc1","0","train"
"Cn1c(=O)cc(N2CCCC(N)C2)n(Cc2ccccc2C#N)c1=O","0","train"
"Cn1c(NCCN(CCO)CCCc2ccc([N+](=O)[O-])cc2)cc(=O)n(C)c1=O","0","train"
"Cn1ncnc1[C@H]1c2n[nH]c(=O)c3cc(F)cc(c23)N[C@@H]1c1ccc(F)cc1","0","train"
"Cn1nnnc1SCC1=C(C(=O)O)N2C(=O)[C@@H](NC(=O)[C@H](OC=O)c3ccccc3)[C@H]2SC1","0","train"
"N#CC(CCN1CCC(C(=O)O)(c2ccccc2)CC1)(c1ccccc1)c1ccccc1","0","train"
"N#CC1CCCN1C(=O)CNC12CC3CC(CC(O)(C3)C1)C2","0","train"
"N#Cc1ccc2[nH]cc(CCCCN3CCN(c4ccc5oc(C(N)=O)cc5c4)CC3)c2c1","1","train"
"N=C(N)N","0","train"
"N=C(N)N1CCc2ccccc2C1","0","train"
"NC(=O)N/N=C\c1ccc([N+](=O)[O-])o1","0","train"
"NC(CC(=O)N1CCn2c(nnc2C(F)(F)F)C1)Cc1cc(F)c(F)cc1F","0","train"
"NC(CSSCC(N)C(=O)O)C(=O)O","0","train"
"NC1CCCCC1N","0","train"
"NC1CCCCN(c2c(F)cc3c(=O)c(C(=O)O)cn(C4CC4)c3c2Cl)C1","0","train"
"NCCCNCCCCNCCCN","0","train"
"NCCNCCNCCNCCN","0","train"
"NCCc1cnc[nH]1","0","train"
"Nc1ccc2cc3ccc(N)cc3nc2c1","0","train"
"Nc1ccn(C2OC(CO)C(O)C2(F)F)c(=O)n1","0","train"
"Nc1ccncc1","1","train"
"Nc1nc(/C(=C/CC(=O)O)C(=O)NC2C(=O)N3C(C(=O)O)=CCSC23)cs1","0","train"
"Nc1nc(CC(=O)Nc2ccc(CCNCC(O)c3ccccc3)cc2)cs1","1","train"
"Nc1ncnc2nc[nH]c12","0","train"
"O=C(/C=C\n1cnc(-c2cc(C(F)(F)F)cc(C(F)(F)F)c2)n1)NNc1cnccn1","0","train"
"O=C(CCCc1ccccc1)OCC(COC(=O)CCCc1ccccc1)OC(=O)CCCc1ccccc1","0","train"
"O=C(C[S+]([O-])Cc1ccco1)NC/C=C/COc1cc(CN2CCCCC2)ccn1","0","train"
"O=C(NCC1CN(c2ccc(N3CCOCC3=O)cc2)C(=O)O1)c1ccc(Cl)s1","0","train"
"O=C(NCCS(=O)(=O)O)c1cccs1","0","train"
"O=C(Nc1c(Cl)cncc1Cl)c1ccc(OC(F)F)c(OCC2CC2)c1","0","train"
"O=C(Nc1ccc2c(=O)cc(-c3nn[nH]n3)oc2c1)c1ccc(OCCCCc2ccccc2)cc1","0","train"
"O=C(O)/C=C/c1ccc(Cn2ccnc2)cc1","0","train"
"O=C(O)C(CC(=O)N1CC2CCCCC2C1)Cc1ccccc1","0","train"
"O=C(O)CCCO","1","train"
"O=C(O)CN(CCN(CC(=O)O)CC(=O)O)CCN(CC(=O)O)CC(=O)O","0","train"
"O=C(O)c1ccc(-n2nc(-c3ccccc3O)nc2-c2ccccc2O)cc1","0","train"
"O=C(O)c1ccc2nc(-c3cc(Cl)cc(Cl)c3)oc2c1","0","train"
"O=C(OC1CC2CCC(C1)[N+]21CCCC1)C(O)(c1ccccc1)c1ccccc1","1","train"
"O=C(OC1CN2CCC1CC2)N1CCc2ccccc2C1c1ccccc1","1","train"
"O=C(OC1C[N+]2(CCCOc3ccccc3)CCC1CC2)C(O)(c1cccs1)c1cccs1","0","train"
"O=C(OCCN1CCN(c2cccc(C(F)(F)F)c2)CC1)c1ccccc1Nc1ccnc2cc(C(F)(F)F)ccc12","0","train"
"O=C(OCc1ccccc1)c1ccccc1","0","train"
"O=C(OOC(=O)c1ccccc1)c1ccccc1","0","train"
"O=C1CN(/N=C\c2ccc(-c3ccc([N+](=O)[O-])cc3)o2)C(=O)N1","1","train"
"O=C1N(Cc2ccccc2)C2C[S+]3CCCC3C2N1Cc1ccccc1","0","train"
"O=C1OC(CO)C(O)C(O)C1O","0","train"
"O=C1OCCN1/N=C\c1ccc([N+](=O)[O-])o1","0","train"
"O=C1c2c(O)ccc(O)c2C(=O)c2c(NCCNCCO)ccc(NCCNCCO)c21","0","train"
"O=P(O)(O)C(Cl)(Cl)P(=O)(O)O","0","train"
"O=P(O)(O)C(O)(Cc1cccnc1)P(=O)(O)O","0","train"
"O=P(O)(O)C(O)(Cn1ccnc1)P(=O)(O)O","0","train"
"O=S(=O)(O)OC1C(O)COC(OC2COC(O)C(OS(=O)(=O)O)C2OS(=O)(=O)O)C1OS(=O)(=O)O","0","train"
"O=S1(=O)CCN(CN2CCS(=O)(=O)NC2)CN1","0","train"
"OC1COC(O)C(O)C1O","0","train"
"OCC(S)CS","0","train"
"OCC1OC(OC2C(CO)OC(O)(CO)C2O)C(O)C(O)C1O","0","train"
"Oc1c(Cl)cc(Cl)c2cccnc12","0","train"
"Oc1c(Cl)cc(Cl)cc1Cc1c(O)c(Cl)cc(Cl)c1Cl","0","train"
"Oc1cccc(-c2c3nc(c(-c4cccc(O)c4)c4ccc([nH]4)c(-c4cccc(O)c4)c4nc(c(-c5cccc(O)c5)c5ccc2[nH]5)CC4)C=C3)c1","0","train"
"c1cc(CN2CCCNCCNCCCNCC2)ccc1CN1CCCNCCNCCCNCC1","0","train"
"C#CC1(OC[C@H](O)CN2CCN(c3ccc(F)cc3)CC2)CCCCC1","1","train"
"C#C[C@@]1(O)CC[C@@H]2[C@H]3CCC4=Cc5c(cnn5-c5ccc(F)cc5)C[C@@]4(C)[C@@H]3CC[C@@]21C","1","train"
"C#C[C@](O)(/C=C/Cl)CC","1","train"
"C/C=C/C(=O)N(CCC)[C@H](CC)C(=O)N(C)C","1","train"
"C/C=C/C=C/[C@H]1O[C@@](O)([C@@H](CC)C(=O)NC/C=C/C=C(\C)[C@@H](OC)[C@@H](C)[C@H]2O[C@@H](/C=C/C=C/C=C(\C)C(=O)c3c(O)ccn(C)c3=O)[C@@H](O)[C@@H]2O)[C@H](O)[C@@H](O[C@H]2O[C@H](C)[C@H](O[C@H]3O[C@@H](C)[C@H](OC)[C@@H](O)[C@@H]3OC)[C@@H](OC)[C@@H]2O)C1(C)C","0","train"
"C/C=C/C[C@H](C)[C@@H](O)[C@@H]1C(=O)N[C@@H](CC)C(=O)N(C)CC(=O)N(C)[C@H](CC(C)C)C(=O)N[C@@H](C(C)C)C(=O)N(C)[C@H](CC(C)C)C(=O)N[C@@H](C)C(=O)N[C@H](C)C(=O)N(C)[C@H](CC(C)C)C(=O)N(C)[C@H](CC(C)C)C(=O)N(C)[C@@H](C(C)C)C(=O)N1C","0","train"
"C1=CCc2c([nH]c3c2[C@@H](Cc2ccccc2)NCC3)C1","1","train"
"C=C1CC[C@@]2(O)[C@@H]3Cc4ccc(O)c5c4[C@]2(CCN3CC2CC2)[C@@H]1O5","1","train"
"C=C1C[C@@H](C)[C@@H]2[C@H]3Cc4ccc(O)cc4[C@@]2(CCN3CC2CCC2)C1","1","train"
"C=C1C[C@@H]2[C@H]3C=CC4=CC(=O)CC[C@@]4(C)[C@H]3[C@@H](O)C[C@@]2(C)[C@]1(O)C(=O)CO","1","train"
"C=C1C[C@@H]2[C@H]3CCC4=CC(=O)C=C[C@@]4(C)[C@]3(F)[C@@H](O)C[C@@]2(C)[C@]1(O)C(=O)CO","1","train"
"C=C1C[C@H]2[C@@H]3CCC4=CC(=O)C=C[C@]4(C)[C@H]3[C@@H](O)C[C@@]2(C)[C@]1(O)C(=O)CO","1","train"
"C=C1c2c(Cl)ccc(O)c2C(=O)C2=C(O)[C@@]3(O)C(=O)C(C(N)=O)=C(O)[C@H](N(C)C)[C@@H]3[C@H](O)[C@H]12","0","train"
"C=C1c2cccc(O)c2C(=O)C2=C(O)[C@@]3(O)C(=O)C(C(N)=O)=C(O)[C@H](N(C)C)[C@@H]3[C@H](O)[C@H]12","0","train"
"C=CC1([C@H](C)CCC)C(=O)NC(=O)NC1=O","1","train"
"C=CC1=C(C(=O)O)N2C(=O)[C@@H](NC(=O)/C(=N\O)c3csc(N)n3)[C@@H]2SC1","0","train"
"C=CCC1([C@H](C)CC)C(=O)NC(=O)NC1=O","1","train"
"C=CCC1([C@H](C)CCC)C(=O)NC(=S)NC1=O","1","train"
"C=CCC1([C@H]2C=CCCC2)C(=O)NC(=S)NC1=O","1","train"
"C=CCN1CCC[C@@H]1CNC(=O)c1cc(S(N)(=O)=O)cc(OC)c1OC","1","train"
"C=CCN1CC[C@@]23c4c5ccc(O)c4[C@](O)(CCC)[C@H]4C[C@@]2(C=C[C@@]4(OC)[C@@H]3OC)[C@H]1C5","1","train"
"C=CCN1CC[C@@]23c4c5ccc(OC(C)=O)c4O[C@@H]2[C@@H](OC(C)=O)C=C[C@@H]3[C@@H]1C5","1","train"
"C=CCN1CC[C@]23c4c5ccc(O)c4O[C@H]2C(=O)CC[C@]3(O)[C@H]1C5","1","train"
"C=CCSCC(=O)N[C@@H]1C(=O)N2[C@H]1SC(C)(C)[C@H]2C(=O)O","0","train"
"C=CC[C@]1([C@H](C)C#CCC)C(=O)NC(=O)N(C)C1=O","1","train"
"C=C[C@H]1O[C@H]2C[C@H]3[C@@H]4CCC5=CC(=O)C=C[C@@]5(C)[C@]4(F)[C@@H](O)C[C@]3(C)[C@@]2(C(=O)CO)O1","1","train"
"C=C[C@](C)(O)C(C)(C)C.COC12CC3(C1)[C@H]1Cc4ccc(O)c5c4[C@@]3(CCN1CC1CC1)[C@H]2O5","1","train"
"C=N[C@@H](C(=O)N[C@H]1C(=O)N2[C@@H]1SC(C)(C)[C@H]2C(=O)O)c1ccccc1","0","train"
"CC(=O)C1=C(O)[C@]2(O)C(=O)c3c(c(C)c4ccc(C)c(O)c4c3O)C[C@H]2[C@H](N)C1=O","0","train"
"CC(=O)CC(=O)[C@@]1(O)CC[C@@H]2[C@H]3CCC4=CC(=O)C=C[C@@]4(C)[C@]3(Cl)[C@@H](Cl)C[C@@]21C","1","train"
"CC(=O)CC(=O)[C@]12OC(C)(C)O[C@H]1C[C@H]1[C@@H]3CC(C#N)=C4C=C(OCCCl)CC[C@]4(C)[C@@]3(F)[C@H](O)C[C@]12C","1","train"
"CC(=O)N1CCN(C(=O)Cc2ccc([S@+](C)[O-])cc2)[C@@H](CN2CC[C@H](O)C2)C1","0","train"
"CC(=O)OCC(=O)[C@@]1(O)CC[C@@H]2[C@H]3CCC4=CC(=O)CC[C@@]4(C)[C@@H]3C(=O)C[C@@]21C","1","train"
"CC(=O)OCC(=O)[C@@]1(O)CC[C@H]2[C@@H]3CCC4=CC(=O)C=C[C@]4(C)[C@@]3(F)[C@H](O)C[C@@]21C","1","train"
"CC(=O)OCC(=O)[C@@]1(O)CC[C@H]2[C@@H]3CCC4=CC(=O)CC[C@]4(C)[C@@]3(F)[C@H](O)C[C@@]21C","1","train"
"CC(=O)OCC(=O)[C@@]1(O)[C@@H](OC(C)=O)C[C@H]2[C@@H]3CCC4=CC(=O)C=C[C@]4(C)[C@@]3(F)[C@H](O)C[C@@]21C","1","train"
"CC(=O)OCC(=O)[C@@]1(OC(C)=O)CC[C@H]2[C@@H]3C[C@H](F)C4=CC(=O)C(Br)=C[C@]4(C)[C@@]3(F)[C@H](O)C[C@@]21C","1","train"
"CC(=O)OCC(=O)[C@@]1(OC(C)=O)[C@@H](C)C[C@H]2[C@@H]3C[C@H](F)C4=CC(=O)C=C[C@]4(C)[C@@]3(F)[C@H](O)C[C@@]21C","1","train"
"CC(=O)OCC(=O)[C@@]12OC(C)(C)O[C@@H]1C[C@H]1[C@@H]3C[C@H](F)C4=CC(=O)C=C[C@]4(C)[C@H]3[C@@H](O)C[C@]12C","1","train"
"CC(=O)OCC(=O)[C@H]1[C@@H](C)C[C@@H]2[C@H]3C[C@H](F)C4=CC(=O)C=C[C@@]4(C)[C@]3(Cl)[C@@H](O)C[C@]12C","1","train"
"CC(=O)OCC(=O)[C@]1(O)CC[C@H]2[C@@H]3C[C@H](Cl)C4=CC(=O)C=C[C@@]4(C)[C@H]3C(=O)C[C@]21C","1","train"
"CC(=O)OCC(=O)[C@]1(O)[C@H](C)C[C@@H]2[C@H]3CCC4=CC(=O)C=C[C@@]4(C)[C@]3(F)[C@@H](O)C[C@]21C","1","train"
"CC(=O)OCC(=O)[C@]1(O)[C@H](C)C[C@H]2[C@@H]3C=C(C)C4=Cc5c(cnn5-c5ccccc5)C[C@@]4(C)[C@@H]3[C@@H](O)C[C@]21C","1","train"
"CC(=O)OCC(=O)[C@]1(O)[C@H](C)C[C@H]2[C@@H]3CC(F)(F)C4=CC(=O)C=C[C@]4(C)[C@@]3(F)[C@H](O)C[C@]21C","1","train"
"CC(=O)OCC(=O)[C@]1(O)[C@H](C)C[C@H]2[C@@H]3C[C@H](F)C4=CC(=O)C=C[C@]4(C)[C@H]3[C@@H](O)C[C@]21C","1","train"
"CC(=O)OCC(=O)[C@]1(OC(=O)C(C)C)[C@H](C)C[C@H]2[C@@H]3CCC4=CC(=O)C=C[C@]4(C)[C@@]3(F)[C@H](O)C[C@]21C","1","train"
"CC(=O)OCC(=O)[C@]1(OC(=O)c2ccco2)[C@H](C)C[C@H]2[C@@H]3CCC4=CC(=O)C=C[C@]4(C)[C@@]3(F)[C@H](O)C[C@]21C","1","train"
"CC(=O)OCC(=O)[C@]12N=C(C)O[C@H]1C[C@H]1[C@@H]3CCC4=CC(=O)C=C[C@]4(C)[C@H]3[C@@H](O)C[C@]12C","1","train"
"CC(=O)OCC(=O)[C@]12OC(C)(C)O[C@@H]1C[C@H]1[C@@H]3C[C@H](F)C4=CC(=O)C=C[C@]4(C)[C@@]3(F)[C@H](O)C[C@@]12C","1","train"
"CC(=O)OCC(=O)[C@]12OC(C)(C)O[C@H]1C[C@@H]1[C@H]3CC(C=O)=C4C=C(OCCCl)CC[C@]4(C)[C@]3(F)[C@@H](O)C[C@@]12C","1","train"
"CC(=O)OCC(CCn1cnc2c1NC(N)=NC2)COC(C)=O","1","train"
"CC(=O)OCC1=C(C(=O)O)N2C(=O)[C@H](NC(=O)CC#N)[C@H]2SC1","0","train"
"CC(=O)OCC1=C(C(=O)O)N2C(=O)[C@H](NC(=O)Cc3ccccc3)[C@H]2SC1","0","train"
"CC(=O)OCC1=C(C(=O)O)N2C(=O)[C@H](NC(=O)[C@@H](N)c3ccccc3)[C@H]2SC1","0","train"
"CC(=O)OCC1=C(C(=O)O)N2C(=O)[C@H](NC(=O)c3c(-c4ccccc4Cl)noc3C)[C@H]2SC1","0","train"
"CC(=O)OCC1=CO[C@H](OC(=O)CC(C)(C)OC(C)=O)[C@H]2C1=C[C@H](OC(=O)CC(C)C)[C@@]21CO1","1","train"
"CC(=O)OCC1=CO[C@H](OC(=O)CC(C)C)[C@@H]2C1=C[C@@H](OC(=O)CC(C)C)[C@]21CO1","1","train"
"CC(=O)OCOC(=O)[C@H]1N2C(=O)[C@@H](NC(=O)Cc3ccccc3)[C@@H]2SC1(C)C","0","train"
"CC(=O)O[C@@H](C)C(=O)[C@@]1(O)CC[C@@H]2[C@H]3CCC4=CC(=O)C=C[C@@]4(C)[C@]3(F)[C@@H](O)C[C@@]21C","1","train"
"CC(=O)O[C@@H]1/C=C\C(C)=C/C[C@H](O)/C=C/C(C)=C\[C@@H](NC(=O)C(C)=O)[C@]2(C)C(=O)O[C@H](C1)[C@@H](C)C2=O","0","train"
"CC(=O)O[C@@H]1C[C@@H]2C(COC(=O)CC(C)C)=CO[C@@H](OC(=O)CC(C)C)[C@H]2[C@@]12CO2","1","train"
"CC(=O)O[C@H]1C(=O)[C@]2(C)[C@H](O)C[C@H]3OC[C@]3(OC(C)=O)[C@H]2[C@H](OC(=O)c2ccccc2)[C@@]2(O)C[C@@H](OC(=O)[C@@H](O)[C@@H](NC(=O)c3ccccc3)c3ccccc3)[C@@H](C)[C@@H]1C2(C)C","0","train"
"CC(=O)O[C@H]1C[C@@]2(C)[C@H](C[C@H](O)[C@H]3[C@]2(C)CC[C@H]2[C@H](C)[C@@H](O)CC[C@]23C)/C1=C(\CCC=C(C)C)C(=O)O","0","train"
"CC(=O)O[C@]1(C(C)=O)CC[C@H]2[C@@H]3C[C@H](C)C4=CC(=O)C=C[C@]4(C)[C@@]3(F)[C@H](O)C[C@@]21C","1","train"
"CC(=O)O[C@]12CO[C@H]1C[C@H](O)[C@]1(C)C(=O)[C@H](O)[C@H]3[C@@H](C)[C@@H](OC(=O)[C@H](O)[C@H](NC(=O)OC(C)(C)C)c4ccccc4)C[C@@](O)([C@@H](OC(=O)c4ccccc4)[C@H]21)C3(C)C","0","train"
"CC(=O)Oc1ccc2c3c1O[C@H]1[C@H](OC(C)=O)C=C[C@H]4[C@@H](C2)N(C)CC[C@@]341","1","train"
"CC(=O)[C@@H]1CC[C@@H]2[C@@H]3CC=C4C[C@H](OC(=O)CCC(=O)O)CC[C@]4(C)[C@@H]3CC[C@@]12C","1","train"
"CC(=O)[C@@H]1CC[C@@H]2[C@H]3CC[C@@H]4C[C@H](O)CC[C@@]4(C)[C@@H]3C(=O)C[C@@]12C","1","train"
"CC(=O)[C@@H]1CC[C@H]2[C@@H]3C[C@H](C)C4=CC(=O)C=C[C@@]4(C)[C@H]3[C@@H](O)C[C@]21C","1","train"
"CC(=O)[C@@]1(O)CC[C@H]2[C@@H]3C[C@H](C)C4=CC(=O)C=C[C@]4(C)[C@@]3(F)[C@H](O)C[C@@]21C","1","train"
"CC(=O)[C@H]1CC[C@@H]2[C@H]3CC[C@@H]4C[C@@](C)(O)CC[C@@]4(C)[C@H]3CC[C@]12C","1","train"
"CC(=O)[C@H]1CC[C@H]2[C@@H]3C[C@H](O)[C@]45C[C@H]4CC[C@]5(C)[C@H]3CC[C@]12C","1","train"
"CC(=O)[C@]1(N)Cc2c(O)c3c(c(O)c2[C@H](O[C@H]2C[C@@H](O)[C@@H](O)CO2)C1)C(=O)c1ccccc1C3=O","0","train"
"CC(=O)[C@]1(O)Cc2c(O)c3c(c(O)c2[C@@H](O[C@H]2C[C@H](N)[C@@H](O)[C@H](C)O2)C1)C(=O)c1c(O)cccc1C3=O","0","train"
"CC(=O)[C@]1(O)Cc2c(O)c3c(c(O)c2[C@@H](O[C@H]2C[C@H](N)[C@@H](O)[C@H](C)O2)C1)C(=O)c1ccccc1C3=O","0","train"
"CC(=O)[C@]1(O)[C@H](C)C[C@H]2[C@@H]3CCC4=CC(=O)C=C[C@]4(C)[C@@]3(F)[C@H](O)C[C@]21C","1","train"
"CC(=O)[C@]12OC(C)(C)O[C@H]1C[C@@H]1[C@H]3CCC4=CC(=O)CC[C@@]4(C)[C@H]3CC[C@@]12C","1","train"
"CC(=O)[C@]12OC(C)(C)O[C@H]1C[C@H]1[C@@H]3CCC4=CC(=O)C=C[C@]4(C)[C@@]3(F)[C@H](O)C[C@@]12C","1","train"
"CC(C)(C)C(=O)OCOC(=O)[C@H]1N2C(=O)[C@H](N=CN3CCCCCC3)[C@@H]2SC1(C)C","0","train"
"CC(C)(C)NC(=O)[C@H]1C[C@@H]2CCCC[C@H]2CN1C[C@H](O)[C@@H](Cc1ccccc1)NC(=O)[C@H](CC(N)=O)NC(=O)c1ccc2ccccc2n1","0","train"
"CC(C)(C)NC[C@@H](O)COc1cccc2c1C[C@H](O)[C@@H](O)C2","0","train"
"CC(C)(C)[C@@]1(O)CCN2C[C@@H]3c4ccccc4CCc4cccc(c43)[C@H]2C1","1","train"
"CC(C)/N=C1\C=C2C(=C[C@@H]1Nc1ccc(Cl)cc1)Nc1ccccc1N2c1ccc(Cl)cc1","0","train"
"CC(C)=CCN1CC[C@]23c4c5ccc(O)c4O[C@H]2C(=O)CC[C@]3(O)[C@H]1C5","1","train"
"CC(C)C(=O)OCC(=O)[C@]12O[C@H](C3CCCCC3)O[C@@H]1C[C@@H]1[C@H]3CCC4=CC(=O)C=C[C@@]4(C)[C@H]3[C@@H](O)C[C@]12C","1","train"
"CC(C)C(=O)OCc1cccc(OC(=O)[C@@H]2N3C(=O)[C@H](NC(=O)Cc4ccccc4)[C@@H]3SC2(C)C)c1","0","train"
"CC(C)C1(C(C)C)OC[C@@H](CO)O1","1","train"
"CC(C)C[C@@H](N)C(=O)N[C@H](CCCN)C(=O)N[C@@H](C(=O)N[C@H](CCCN)C(=O)N1CCC[C@H]1C(=O)N[C@@H](C=O)Cc1ccccc1)C(C)C","0","train"
"CC(C)C[C@@H](NC(=O)[C@H](Cc1c[nH]c2ccccc12)NC(=O)[C@@H](CC(C)C)NC(=O)[C@H](Cc1c[nH]c2ccccc12)NC(=O)[C@@H](CC(C)C)NC(=O)[C@H](Cc1c[nH]c2ccccc12)NC(=O)[C@H](NC(=O)[C@@H](NC(=O)[C@H](NC(=O)[C@H](C)NC(=O)[C@@H](CC(C)C)NC(=O)[C@@H](C)NC(=O)CNC(=O)[C@@H](NC=O)C(C)C)C(C)C)C(C)C)C(C)C)C(=O)N[C@@H](Cc1c[nH]c2ccccc12)C(=O)NCCO","0","train"
"CC(C)C[C@@H]1NC(=O)[C@H](CCCN)NC(=O)[C@H](C(C)C)NC(=O)[C@H]2CCCN2C(=O)[C@H](Cc2ccccc2)NC(=O)[C@@H](CC(C)C)NC(=O)[C@@H](CCCN)NC(=O)[C@H](C(C)C)NC(=O)[C@@H]2CCCN2C(=O)[C@H](Cc2ccccc2)NC1=O","0","train"
"CC(C)C[C@H]1C(=O)N2CCC[C@@H]2[C@]2(O)O[C@](NC(=O)[C@@H]3C=C4c5cccc6[nH]c(Br)c(c56)C[C@H]4N(C)C3)(C(C)C)C(=O)N12","0","train"
"CC(C)N1CCO[C@H](c2cccc(C(F)(F)F)c2)C1","1","train"
"CC(C)N[C@H]1C2CCC(CC2)[C@@]1(O)c1ccc(Cl)c(Cl)c1","1","train"
"CC(C)OCC(COC(C)C)OCn1cnc2c1NC(N)=NC2","1","train"
"CC(C)[C@@H](Br)C(=O)NC(N)=O","1","train"
"CC(C)[C@@H]1NC(=O)[C@@H](C(C)C)OC(=O)[C@@H](C(C)C)NC(=O)[C@@H](C)OC(=O)[C@@H](C(C)C)NC(=O)[C@@H](C)COC(=O)[C@@H](C(C)C)NC(=O)[C@@H](C)OC(=O)[C@H](C(C)C)NC(=O)[C@@H](C)COC(=O)[C@@H](C(C)C)NC(=O)[C@H](C)OC1=O","0","train"
"CC(C)[C@H](N)C(=O)OC[C@@H](CO)OCn1cnc2c(=O)[nH]c(N)nc21","1","train"
"CC(C)c1nc(CN(C)C(=O)N[C@@H](C(=O)N[C@H](Cc2ccccc2)C[C@H](O)[C@@H](Cc2ccccc2)NC(=O)OCc2cncs2)C(C)C)cs1","0","train"
"CC1(C)O[C@@H]2C[C@H]3[C@@H]4C[C@H](F)C5=CC(=O)C=C[C@@]5(C)[C@H]4[C@@H](O)C[C@@]3(C)[C@]2(C(=O)CO)O1","1","train"
"CC1(C)O[C@H]2CO[C@@]3(COS(N)(=O)=O)OC(C)(C)O[C@@H]3[C@H]2O1","1","train"
"CC1(C)O[C@H]2C[C@@H]3[C@H]4CC5=CC(=O)C=C[C@@]5(C)[C@]4(F)[C@H](O)C[C@]3(C)[C@@]2(C(=O)COC(=O)c2cc3ccccc3o2)O1","1","train"
"CC1(C)O[C@H]2C[C@@H]3[C@H]4CCC5=CC(=O)C=C[C@]5(C)[C@@H]4[C@H](O)C[C@]3(C)[C@@]2(C(=O)CO)O1","1","train"
"CC1(C)O[C@H]2C[C@@H]3[C@H]4CCC5=CC(=O)CC[C@@]5(C)[C@]4(F)[C@@H](O)C[C@]3(C)[C@@]2(C(=O)CCl)O1","1","train"
"CC1(C)O[C@H]2C[C@@H]3[C@H]4CC[C@@H]5CC(=O)CC[C@@]5(C)[C@]4(F)[C@@H](O)C[C@]3(C)[C@@]2(C(=O)CO)O1","1","train"
"CC1(C)O[C@H]2C[C@@H]3[C@H]4C[C@@H](F)C5=CC(=O)C=C[C@]5(C)[C@@]4(F)[C@H](O)C[C@@]3(C)[C@]2(C(=O)COC(=O)C2CC2)O1","1","train"
"CC1(C)O[C@H]2C[C@@H]3[C@H]4C[C@@H](F)C5=CC(=O)CC[C@]5(C)[C@@H]4[C@H](O)C[C@]3(C)[C@@]2(C(=O)CO)O1","1","train"
"CC1(C)S[C@@H]2[C@@H](N=CN3CCCCCC3)C(=O)N2[C@H]1C(=O)O","0","train"
"CC1(C)S[C@@H]2[C@@H](NC(=O)C3(N)CCCCC3)C(=O)N2[C@@H]1C(=O)O","0","train"
"CC1(C)S[C@@H]2[C@@H](NC(=O)CSc3ccccc3)C(=O)N2[C@@H]1C(=O)O","0","train"
"CC1(C)S[C@@H]2[C@@H](NC(=O)Cc3ccccc3)C(=O)N2[C@H]1C(=O)O","0","train"
"CC1(C)S[C@@H]2[C@@H](NC(=O)[C@@H](C(=O)O)c3ccsc3)C(=O)N2[C@H]1C(=O)O","1","train"
"CC1(C)S[C@@H]2[C@@H](NC(=O)[C@@H](C(=O)Oc3ccccc3)c3ccccc3)C(=O)N2[C@H]1C(=O)O","0","train"
"CC1(C)S[C@@H]2[C@@H](NC(=O)[C@H](C(=O)O)c3ccsc3)C(=O)N2[C@@H]1C(=O)O","0","train"
"CC1(C)S[C@@H]2[C@@H](NC(=O)[C@H](N)c3ccc(O)cc3)C(=O)N2[C@H]1C(=O)O","0","train"
"CC1(C)S[C@@H]2[C@@H](NC(=O)[C@H](N)c3ccccc3)C(=O)N2[C@@H]1C(=O)O[C@@H]1OC(=O)c2ccccc21","0","train"
"CC1(C)S[C@@H]2[C@@H](NC(=O)[C@H](N)c3ccccc3)C(=O)N2[C@H]1C(=O)O","0","train"
"CC1(C)S[C@@H]2[C@@H](NC(=O)[C@H](NC(=O)c3ccc(-c4ccc(S(=O)(=O)N(CCO)CCO)cc4)[nH]c3=O)c3ccc(O)cc3)C(=O)N2[C@H]1C(=O)O","0","train"
"CC1(C)S[C@@H]2[C@H](NC(=O)[C@@H](NC(=O)c3cnc4cccnc4c3O)c3ccccc3)C(=O)N2[C@@H]1C(=O)O","0","train"
"CC1(C)S[C@@H]2[C@H](NC(=O)[C@@H](c3ccccc3)S(=O)(=O)O)C(=O)N2[C@@H]1C(=O)O","0","train"
"CC1(C)S[C@@H]2[C@H](NC(=O)[C@H](NC(=O)CNC(=N)c3ccncc3)c3ccccc3)C(=O)N2[C@@H]1C(=O)O","0","train"
"CC1(C)S[C@@H]2[C@H](NC(=O)c3nc4ccccc4nc3C(=O)O)C(=O)N2[C@@H]1C(=O)O","0","train"
"CC1(C)S[C@H]2[C@@H](N3C(=O)[C@@H](c4ccc(O)cc4)NC3(C)C)C(=O)N2[C@H]1C(=O)O","0","train"
"CC1(C)S[C@H]2[C@@H](NC(=O)[C@@H](NC(=O)Nc3cnc(Nc4ccc(S(N)(=O)=O)cc4)nc3O)c3ccc(O)cc3)C(=O)N2[C@@H]1C(=O)O","0","train"
"CC1(C)S[C@H]2[C@@H](NC(=O)[C@H](N)c3ccccc3)C(=O)N2[C@H]1C(=O)OCOC(=O)[C@@H]1N2C(=O)C[C@@H]2S(=O)(=O)C1(C)C","0","train"
"CC1(C)S[C@H]2[C@H](C(=O)[C@H]2NC(=O)[C@@H](Oc2ccccc2)c2ccccc2)[C@H]1C(=O)O","0","train"
"CC1(C)S[C@H]2[C@H](NC(=O)[C@@H](N)C3=CCC=CC3)C(=O)N2[C@@H]1C(=O)O","0","train"
"CC1(C)S[C@H]2[C@H](NC(=O)[C@@H](NC(=O)Cc3ccc(C4=NCCCN4)cc3)c3ccccc3)C(=O)N2[C@@H]1C(=O)O","0","train"
"CC1(C)[C@H](NC/C(=N\OCC(=O)O)c2csc(N)n2)C(=O)N1OS(=O)(=O)O","0","train"
"CC1(C)[C@H]2CC[C@]1(C)C(=O)C2","1","train"
"CC1=C(C(=O)O)N2C(=O)[C@@H](NC(=O)[C@H](N)C3=CCC=CC3)[C@@H]2SC1","0","train"
"CC1=C(C(=O)O)N2C(=O)[C@@H](NC(=O)[C@H](N)c3ccc(O)c(Cl)c3)[C@@H]2SC1","0","train"
"CC1=C(C(=O)O)N2C(=O)[C@@H](NC(=O)[C@H](N)c3cccc(NS(C)(=O)=O)c3)[C@@H]2SC1","0","train"
"CC1=C(C(=O)O)N2C(=O)[C@H](NC(=O)Cc3ccc(C4=NCCCN4)cc3)[C@H]2SC1","0","train"
"CC1=C(C(=O)O)N2C(=O)[C@H](NC(=O)[C@@H](N)c3ccc(O)cc3)[C@H]2SC1","0","train"
"CC1=C(C(=O)OCC(=O)OC(C)(C)C)N2C(=O)[C@@H](NC(=O)[C@@H](N)c3ccccc3)[C@H]2SC1","0","train"
"CC1=CC=CN2C(=O)C(CCN3CCC(c4noc5cc(F)ccc45)CC3)=C(C)N[C@@H]12","1","train"
"CC1=C[C@H]2[C@@H]3C[C@@H](C)[C@@](O)(C(=O)COC(=O)c4cccc(S(=O)(=O)O)c4)[C@]3(C)C[C@H](O)[C@H]2[C@]2(C)Cc3cnn(-c4ccccc4)c3C=C12","1","train"
"CC1=N[C@@H]2Cc3ccccc3N=C(N3CCN(C)CC3)N2N1","1","train"
"CCC(=O)C(c1ccccc1)(c1ccccc1)[C@@H](C)CN(C)C","1","train"
"CCC(=O)N1CCN(C(=O)O[C@H]2C3=C(SCCS3)C(=O)N2c2ccc3ccc(Cl)nc3n2)CC1","1","train"
"CCC(=O)OCC(=O)[C@@]1(OC(=O)CC)[C@@H](C)C[C@H]2[C@@H]3CCC4=CC(=O)C=C[C@]4(C)[C@@]3(Cl)[C@@H](O)C[C@]21C","1","train"
"CCC(=O)OCC(=O)[C@@]1(OC(=O)CC)[C@H](C)C[C@@H]2[C@H]3CCC4=CC(=O)C=C[C@@]4(C)[C@]3(F)[C@@H](O)C[C@@]21C","1","train"
"CCC(=O)OCC(=O)[C@@]12OC(C)(C)O[C@@H]1C[C@@H]1[C@H]3C[C@@H](F)C4=CC(=O)C=C[C@@]4(C)[C@]3(F)[C@@H](O)C[C@]12C","1","train"
"CCC(=O)O[C@@H]1CC(=O)O[C@H](C)C/C=C/C=C\[C@@H](O)[C@@H](C)C[C@@H](CC=O)[C@H](O[C@H]2O[C@@H](C)[C@@H](O[C@@H]3C[C@@](C)(O)[C@H](OC(=O)CC)[C@@H](C)O3)[C@H](N(C)C)[C@H]2O)[C@H]1OC","0","train"
"CCC(=O)O[C@@]1(C(=O)CCl)[C@@H](C)C[C@@H]2[C@H]3CCC4=CC(=O)C=C[C@@]4(C)[C@]3(F)[C@@H](O)C[C@]21C","1","train"
"CCC(=O)O[C@@]1(C(=O)SC)[C@@H](C)C[C@@H]2[C@H]3C[C@@H](F)C4=CC(=O)C=C[C@@]4(C)[C@]3(F)[C@@H](O)C[C@]21C","1","train"
"CCC(=O)O[C@@]1(C(=O)SCCl)[C@@H](C)C[C@@H]2[C@H]3C[C@@H](F)C4=CC(=O)C=C[C@@]4(C)[C@]3(F)[C@@H](O)C[C@]21C","1","train"
"CCC(=O)O[C@@]1(C(=O)SCF)[C@@H](C)C[C@@H]2[C@H]3C[C@@H](F)C4=CC(=O)C=C[C@@]4(C)[C@]3(F)[C@@H](O)C[C@]21C","1","train"
"CCC(=O)O[C@@]1(c2ccccc2)CCN(C)C[C@@H]1C","1","train"
"CCC(=O)O[C@H]1[C@H](O[C@H]2[C@H](C)[C@H](O[C@@H]3C[C@](C)(OC)[C@H](O)[C@@H](C)O3)[C@@H](C)C(=O)O[C@@H](CC)[C@](C)(O)[C@@H](O)[C@H](C)C(=O)[C@@H](C)C[C@@]2(C)O)O[C@H](C)C[C@@H]1N(C)C","0","train"
"CCC(=O)O[C@](Cc1ccccc1)(c1ccccc1)[C@@H](C)CN(C)C","1","train"
"CCC(=O)O[C@]1(C(=O)COC(C)=O)CC[C@H]2[C@@H]3CCC4=CC(=O)CC[C@]4(C)[C@@H]3[C@H](O)C[C@@]21C","1","train"
"CCC(=O)O[C@]1(C(=O)COC)[C@H](C)C[C@@H]2[C@H]3CCC4=CC(=O)C=C[C@@]4(C)[C@]3(F)[C@@H](O)C[C@@]21C","1","train"
"CCC(=O)[C@]1(C)[C@H](C)C[C@H]2[C@@H]3CCC4=CC(=O)C=C[C@@]4(C)[C@H]3[C@@H](O)C[C@]21C","1","train"
"CCC(=O)c1ccc2c(c1)N(C[C@@H](C)N(C)C)c1ccccc1S2","1","train"
"CCC(C)(C)C(=O)O[C@@H]1C[C@H](C)C=C2C=C[C@@H](C)[C@H](CC[C@@H]3C[C@H](O)CC(=O)O3)[C@H]21","1","train"
"CCC1(CC)C(=O)NC[C@@H](C)C1=O","1","train"
"CCC1=C(C)N(N)C(c2ccc(OC)c(OC)c2)=C2C=C(OC)C(OC)=C[C@@H]21","1","train"
"CCCC(=O)OCC(=O)[C@]1(OC(=O)CCC)[C@@H](C)C[C@H]2[C@@H]3CCC4=CC(=O)C=C[C@]4(C)[C@@]3(Cl)[C@H](Cl)C[C@]21C","1","train"
"CCCC(=O)O[C@@]1(C(=O)CO)CC[C@@H]2[C@H]3CCC4=CC(=O)CC[C@@]4(C)[C@H]3[C@@H](O)C[C@]21C","1","train"
"CCCC(=O)O[C@@]1(C(=O)COC(=O)CC)CC[C@@H]2[C@H]3CCC4=CC(=O)CC[C@]4(C)[C@@H]3[C@@H](O)C[C@]21C","1","train"
"CCCC(=O)O[C@@]1(C(=O)COC(C)=O)CC[C@@H]2[C@H]3C[C@@H](C)C4=CC(=O)CC[C@@]4(C)[C@@H]3[C@@H](O)C[C@]21C","1","train"
"CCCC(=O)O[C@@]1(C(=O)COC(C)=O)CC[C@@H]2[C@H]3C[C@@H](F)C4=CC(=O)C=C[C@@]4(C)[C@]3(F)[C@@H](O)C[C@]21C","1","train"
"CCCC(=O)O[C@@]1(C(=O)COC(C)=O)[C@@H](C)C[C@H]2[C@@H]3CCC4=CC(=O)C=C[C@]4(C)[C@@]3(Cl)[C@H](O)C[C@]21C","1","train"
"CCCC(=O)O[C@@]1(C(C)=O)CCC[C@@H]2[C@H]3CCC4=CC(=O)C=C[C@@]4(C)[C@@H]3[C@@H](O)C[C@]21C","1","train"
"CCCC(=O)O[C@]1(C(=O)CCl)[C@@H](C)C[C@@H]2[C@H]3CCC4=CC(=O)C=C[C@@]4(C)[C@]3(F)C(=O)C[C@@]21C","1","train"
"CCCCC(=O)O[C@@]1(C(=O)CO)CC[C@@H]2[C@H]3CCC4=CC(=O)CC[C@@]4(C)[C@@H]3[C@@H](O)C[C@]21C","1","train"
"CCCCC(=O)O[C@@]1(C(=O)CO)CC[C@H]2[C@@H]3C[C@H](F)C4=CC(=O)C=C[C@]4(C)[C@@H]3[C@H](O)C[C@]21C","1","train"
"CCCCC(=O)O[C@]1(C(=O)CO)CC[C@H]2[C@@H]3CCC4=CC(=O)C=C[C@]4(C)[C@H]3[C@H](O)C[C@]21C","1","train"
"CCCCC(=O)O[C@]1(C(=O)CO)[C@H](C)C[C@H]2[C@@H]3CCC4=CC(=O)C=C[C@]4(C)[C@@]3(F)[C@H](O)C[C@@]21C","1","train"
"CCCCCCCCCCCCCC(=O)O[C@@H]1C=C[C@@H]2[C@H]3Cc4ccc(OCc5ccccc5)c5c4[C@@]2(CCN3C)[C@H]1O5","1","train"
"CCCCCCCCCCCCCCCCCC(=O)OCC(=O)OCC(=O)[C@]1(O)CC[C@H]2[C@@H]3CCC4=CC(=O)C=C[C@@]4(C)[C@H]3[C@@H](O)C[C@]21C","1","train"
"CCCCCCCCCN[C@@H]1N=CNc2[nH]ccc21","1","train"
"CCCCCCCCC[C@@]1(C)OC[C@H](COC(N)=O)O1","1","train"
"CCCCCC[C@@H](C)NN","1","train"
"CCCCCN[C@]12C=CC(=O)[C@@H]3Oc4c(O)ccc5c4[C@@]31CCN(C)[C@@H]2C5","1","train"
"CCCCC[C@@H]1CN[C@@H](C(=O)N[C@H]([C@H](C)Cl)[C@@H]2O[C@H](SC)[C@@H](O)[C@H](O)[C@H]2O)C1","0","train"
"CCCCNC(=O)OC[C@](C)(CCC)COC(N)=O","1","train"
"CCCCOC(=O)C(=O)[C@H]1[C@@H](C)C[C@H]2[C@@H]3C[C@H](F)C4=CC(=O)C=C[C@]4(C)[C@@H]3[C@H](O)C[C@@]21C","1","train"
"CCCC[C@@H]1CC(=O)[C@@]2(O)O[C@@H]3[C@@H](NC)[C@H](O)[C@@H](NC)[C@H](O)[C@H]3O[C@@H]2O1","0","train"
"CCCC[C@H](CC)CNC(=O)C[C@@H](C)O","1","train"
"CCCN1C[C@H](NS(=O)(=O)N(CC)CC)C[C@@H]2Cc3c(O)cccc3C[C@@H]21","1","train"
"CCCNC(=O)N1C[C@@H](c2ccccc2)OC1=O","1","train"
"CCC[C@@H](CC)C1(CC)C(=O)NC(=O)NC1=O","1","train"
"CCC[C@@H](CC)C1(CC)C(=O)NC(=S)NC1=O","1","train"
"CCC[C@@H]1O[C@@H]2C[C@@H]3[C@H]4C[C@@H](F)C5=CC(=O)C=C[C@]5(C)[C@@]4(F)[C@@H](O)C[C@@]3(C)[C@]2(C(=O)O[C@H](C)OC(=O)OCC)O1","1","train"
"CCC[C@@](C)(O)[C@@H]1C[C@@]23C=C[C@]1(OC)[C@H]1Oc4c(O)ccc5c4[C@]12CCN(C)[C@H]3C5","1","train"
"CCC[C@H](C)C1(CC)C(=O)NC(O)NC1=O","1","train"
"CCC[C@H]1C[C@@H](C(=O)N[C@@H]([C@H](C)Cl)[C@H]2O[C@@H](SC)[C@H](OP(=O)(O)O)[C@@H](O)[C@@H]2O)N(C)C1","0","train"
"CCC[C@H]1C[C@@H](C(=O)N[C@H]([C@H](C)Cl)[C@H]2O[C@H](SC)[C@H](O)[C@@H](O)[C@@H]2O)N(C)C1","0","train"
"CCC[C@H]1C[C@H](C(=O)N[C@H]([C@H](C)O)[C@@H]2O[C@@H](SC)[C@@H](O)[C@H](O)[C@H]2O)N(C)C1","0","train"
"CCC[C@H]1O[C@H]2C[C@@H]3[C@H]4CCC5=CC(=O)C=C[C@@]5(C)[C@@H]4[C@H](O)C[C@]3(C)[C@@]2(C(=O)CO)O1","1","train"
"CCC[C@H]1O[C@H]2C[C@H]3[C@@H]4C[C@H](F)C5=CC(=O)CC[C@]5(C)[C@@]4(F)[C@H](O)C[C@]3(C)[C@@]2(C(=O)CO)O1","1","train"
"CCC[C@]1(c2cccc(O)c2)CCN(C)C[C@H]1C","1","train"
"CCN(C(C)=O)c1cccc(C2=CC=NC3=C(C#N)CNN23)c1","1","train"
"CCN(CC)/C(C)=N/N=C/c1c2c(O)c3c(O)c(C)c4c(c3c1O)C(=O)[C@@](C)(O/C=C/[C@@H](OC)[C@@H](C)[C@@H](OC(C)=O)[C@@H](C)[C@@H](O)[C@H](C)[C@@H](O)[C@@H](C)/C=C/C=C(\C)C(=O)N2)O4","0","train"
"CCN(CC)C(=O)N[C@@H]1C[C@H]2c3cccc4[nH]cc(c34)C[C@H]2N(C)C1","1","train"
"CCN(CC)C(=O)[C@@H]1CN2CCc3cc(OC)c(OC)cc3[C@@H]2C[C@H]1OC(C)=O","1","train"
"CCN(CC)C(=O)[C@H]1[C@H]2C=C[C@H](C2)[C@H]1C(=O)N(CC)CC","1","train"
"CCN(CC)CC(=O)OCC(=O)[C@@]1(O)CC[C@H]2[C@@H]3CCC4=CC(=O)C=C[C@@]4(C)[C@H]3[C@H](O)C[C@@]21C","1","train"
"CCN(CC)CCOC(=O)[C@H]1N2C(=O)[C@H](NC(=O)c3c(OC)cccc3OC)[C@@H]2SC1(C)C","0","train"
"CCN(CC)[C@H](C)CN1c2ccccc2Sc2ccccc21","1","train"
"CCN1CCC[C@@H]1CNC(=O)c1cc(C(C)=O)ccc1OC","1","train"
"CCN1CCC[C@@H]1CNC(=O)c1cc(S(=O)(=O)CC)ccc1OC","1","train"
"CCN1CCN(C(=O)N[C@H](C(=O)N[C@H]2C(=O)N3C(C(=O)O)=C(CSc4nnnn4C)CS[C@H]23)c2ccc(O)cc2)C(=O)C1=O","0","train"
"CCN1CCN(C(=O)N[C@H](C(=O)N[C@H]2C(=O)N3[C@H]2SC(C)(C)[C@@H]3C(=O)O)c2ccccc2)C(=O)C1=O","0","train"
"CCN=C1NC(=O)[C@@H](c2ccccc2)O1","1","train"
"CCN=C1Nc2ccc(Cl)cc2[C@@H](c2ccccc2)S1","1","train"
"CCNCNCCSCc1ncccc1Br.N#CN","0","train"
"CCN[C@@H](Cc1ccccc1)[C@@H]1CCCO1","1","train"
"CCN[C@@H]1C[C@@H](N)[C@H](O[C@H]2OC(CN)=CC[C@H]2N)[C@H](O)[C@@H]1O[C@@H]1OC[C@@](C)(O)[C@@H](NC)[C@@H]1O","0","train"
"CCOC(=O)CCC(=O)O[C@H]1[C@H](O[C@@H]2[C@H](C)[C@H](O[C@@H]3C[C@](C)(OC)[C@H](O)[C@@H](C)O3)[C@@H](C)C(=O)O[C@@H](CC)[C@](C)(O)[C@@H](O)[C@@H](C)C(=O)[C@H](C)C[C@@]2(C)O)O[C@H](C)C[C@@H]1N(C)C","0","train"
"CCOC(=O)C[C@H](O)C[C@H](O)/C=C/C1=C(c2ccc(F)cc2)c2ccccc2OC12CCCC2","1","train"
"CCOC(=O)N[C@H](O)C(Cl)(Cl)Cl","1","train"
"CCOC(=O)O[C@@H]1[C@@H](O[C@@H]2[C@@H](C)[C@@H](O[C@H]3C[C@@](C)(OC)[C@@H](O)[C@H](C)O3)[C@H](C)C(=O)O[C@H](CC)[C@@](C)(O)[C@H](O)[C@@H](C)C(=O)[C@H](C)C[C@]2(C)O)O[C@@H](C)C[C@H]1N(C)C","0","train"
"CCOC(=O)[C@@]1(c2ccccc2)CCC=C[C@H]1N(C)C","1","train"
"CCOC(=O)c1cncn1[C@H](C)c1ccc(F)cc1","1","train"
"CCOC(OCC)C(=O)OCC(=O)[C@@]1(O)Cc2c(O)c3c(c(O)c2[C@@H](O[C@@H]2C[C@@H](N)[C@H](O)[C@@H](C)O2)C1)C(=O)c1c(OC)cccc1C3=O","0","train"
"CCO[C@@H]1CCN(C(=O)c2cc(-c3ccccc3)c(=O)n3c2-c2cc(Cl)ccc2CC3)C1","1","train"
"CCO[C@@H]1c2ccccc2C(=O)N(C)c2ccccc21","1","train"
"CCO[C@H]1C[C@@]2(C)[C@@H]3[C@H](CC[C@@H]2C[C@@H]1O)[C@H]1CC[C@@H](C(C)=O)[C@]1(C)C[C@H]3N(C)C","1","train"
"CCOc1ccc2ccccc2c1C(=O)N[C@H]1C(=O)N2[C@@H](C(=O)O)C(C)(C)S[C@H]12","0","train"
"CCOc1ccccc1OC[C@H]1CNCCO1","1","train"
"CCS[C@@]1(SC)CC[C@@H]2[C@H]3CCC4=CC(=O)C=C[C@@]4(C)[C@]3(F)[C@@H](O)C[C@]21C","1","train"
"CC[C@@H](C(=O)OCCN1CCO[C@@H](c2ccccc2)[C@@H]1C)c1ccccc1","1","train"
"CC[C@@H](C)C(=O)O[C@H]1CCC=C2C=C[C@H](C)[C@@H](CC[C@@H]3C[C@H](O)CC(=O)O3)[C@@H]21","1","train"
"CC[C@@H](C)C1(CC)C(=O)NC(=O)NC1=O","1","train"
"CC[C@@H](C)[C@@H](C(=O)OC1CC[N+](C)(C)CC1)c1ccccc1","0","train"
"CC[C@@H](C)[C@](C)(COC(N)=O)COC(=O)NC(C)C","1","train"
"CC[C@@H](C)n1ncn(-c2ccc(N3CCN(c4ccc(OC[C@@H]5CO[C@@](CN6CN=CN6)(c6ccc(Cl)cc6Cl)O5)cc4)CC3)cc2)c1=O","0","train"
"CC[C@@H](N)Cc1c[nH]c2ccccc12","1","train"
"CC[C@@H](Oc1ccccc1)C(=O)N[C@H]1C(=O)N2[C@H]1SC(C)(C)[C@@H]2C(=O)O","0","train"
"CC[C@@H]1C(=O)NC(=O)[C@]1(C)c1ccccc1","1","train"
"CC[C@@H]1NC(=O)[C@@H](NC(=O)c2ncccc2O)[C@H](C)OC(=O)[C@@H](c2ccccc2)NC(=O)[C@H]2CC(=O)CCN2C(=O)[C@H](Cc2ccccc2)N(C)C(=O)[C@H]2CCCN2C1=O","0","train"
"CC[C@@H]1OC(=O)[C@H](C)[C@@H](O[C@H]2C[C@](C)(OC)[C@@H](O)[C@@H](C)O2)[C@H](C)[C@@H](O[C@H]2O[C@@H](C)C[C@H](N(C)C)[C@H]2O)[C@@](C)(O)C[C@@H](C)[C@H]2N[C@@H](COCCOC)O[C@@H]([C@H]2C)[C@]1(C)O","0","train"
"CC[C@@H]1OC(=O)[C@H](C)[C@H](O[C@@H]2C[C@@](C)(OC)[C@@H](O)[C@H](C)O2)[C@@H](C)[C@H](O[C@@H]2O[C@@H](C)C[C@H](N(C)C)[C@@H]2O)[C@@](C)(O)C[C@@](C)(F)C(=O)[C@@H](C)[C@H](O)[C@@]1(C)O","0","train"
"CC[C@@H]1OC(=O)[C@H](C)[C@H](O[C@H]2C[C@](C)(OC)[C@H](O)[C@@H](C)O2)[C@H](C)[C@H](O[C@H]2O[C@H](C)C[C@@H](N(C)C)[C@@H]2O)[C@](C)(O)C[C@H](C)C(=O)[C@@H](C)[C@H](O)[C@H]1C","0","train"
"CC[C@@]1(c2ccccc2)C(=O)NC(=O)N(C(=O)c2ccccc2)C1=O","1","train"
"CC[C@@]1(c2ccccc2)NCC(=O)NC1=O","1","train"
"CC[C@@]12CCN(CC3CC3)[C@H](Cc3ccc(O)cc31)C2(C)C","1","train"
"CC[C@@]12CCN(CC3CCC3)[C@H](Cc3ccc(O)cc31)C2(C)C","1","train"
"CC[C@H](C(N)=O)N1CCCC1=O","1","train"
"CC[C@H](C)[C@H](NC(=O)[C@@H](CCC(=O)O)NC(=O)[C@H](CC(C)C)NC(=O)[C@@H]1CS[C@H]([C@H](N)[C@H](C)CC)N1)C(=O)NCCCC[C@@H]1NC(=O)[C@H](CC(N)=O)NC(=O)[C@@H](CC(=O)O)NC(=O)[C@H](Cc2c[nH]cn2)NC(=O)[C@@H](Cc2ccccc2)NC(=O)[C@H]([C@@H](C)CC)NC(=O)[C@@H](CCCN)NC1=O","0","train"
"CC[C@H](NC(=O)[C@@H]1CCCN1C(=O)[C@@H](Cc1ccccc1)NC(=O)[C@@H](N)CC(C)C)C(=O)N[C@@H](CCCN)C(=O)N[C@H](CC(C)C)C(=O)N[C@@H](Cc1ccccc1)C(=O)N1CCC[C@@H]1C(=O)N[C@H](CC)C(=O)N[C@@H](C=O)CCCN","0","train"
"CC[C@H]1NC(=O)[C@H](NC(=O)c2ncccc2O)[C@@H](C)OC(=O)[C@H](c2ccccc2)NC(=O)[C@@H]2CC(=O)CCN2C(=O)[C@@H](Cc2ccc(N(C)C)cc2)N(C)C(=O)[C@@H]2CCCN2C1=O","0","train"
"CC[C@H]1OC(=O)[C@@H](C)[C@H](O[C@H]2C[C@@](C)(OC)[C@@H](O)[C@@H](C)O2)[C@@H](C)[C@@H](O[C@H]2O[C@@H](C)C[C@H](N(C)C)[C@H]2O)[C@](C)(O)C[C@@H](C)CN(C)[C@H](C)[C@@H](O)[C@@]1(C)O","0","train"
"CC[C@H]1OC(=O)[C@@H](C)[C@H](O[C@H]2C[C@@](C)(OC)[C@@H](O)[C@H](C)O2)[C@@H](C)[C@H](O[C@H]2O[C@@H](C)C[C@@H](N(C)C)[C@@H]2O)[C@@](C)(O)C[C@H](C)/C(=N/OCOCCOC)[C@H](C)[C@@H](O)[C@@]1(C)O","0","train"
"CC[C@H]1OC(=O)[C@@H](C)[C@H](O[C@H]2C[C@@](C)(OC)[C@@H](O)[C@H](C)O2)[C@@H](C)[C@H](O[C@H]2O[C@@H](C)C[C@@H](N(C)C)[C@@H]2O)[C@@](C)(O)C[C@H](C)C(=O)[C@H](C)[C@@H](O)[C@@]1(C)O","0","train"
"CC[C@H]1OC(=O)[C@@H](C)[C@H](O[C@H]2C[C@@](C)(OC)[C@@H](O)[C@H](C)O2)[C@@H](C)[C@H](O[C@H]2O[C@H](C)C[C@H](N(C)C)[C@@H]2O)[C@](C)(OC)C[C@H](C)C(=O)[C@H](C)[C@@H](O)[C@@]1(C)O","0","train"
"CC[C@](C)(O)[C@@H]1[C@H]2[C@@H]3C[C@@]34[C@@H]3Cc5ccc(OC)c6c5[C@@]4(CCN3CC3CC3)[C@@H](O6)[C@@]12OC","1","train"
"CC[C@]1(O)CCN2CCc3ccc(C)cc3[C@@H]2C1","1","train"
"CC[C@]1(O)C[C@H](O[C@@H]2C[C@H](N(C)C)[C@@H](O[C@H]3C[C@H]4O[C@H]5CC(=O)[C@@H](C)O[C@H]5O[C@@H]4[C@@H](C)O3)[C@H](C)O2)c2c(O)c3c(c(O)c2[C@H]1O[C@H]1C[C@H](N(C)C)[C@@H](O)[C@H](C)O1)C(=O)c1cccc(O)c1C3=O","0","train"
"CCc1c(C)[nH]c2c1C(=O)[C@@H](CN1CCOCC1)CC2","1","train"
"CCc1c(C)[nH]c2c1C(=O)[C@@H]1CN(C)CC[C@@H]1C2","1","train"
"CCc1ccc2c(c1)N(C[C@H](C)CN(C)C)c1ccccc1S2","1","train"
"CCn1c2c(c3ccccc31)CCS[C@@]2(C)CCN(C)C","1","train"
"CN(C(=O)C(c1ccccc1)c1ccccc1)[C@@H](CN1CC[C@@H](O)C1)c1ccccc1","1","train"
"CN(C(=O)Cc1ccc(Cl)c(Cl)c1)[C@H]1CC[C@]2(CCCO2)C[C@@H]1N1CCCC1","1","train"
"CN(C)C(=O)C1=N[C@@H](CNC(=O)CN)N(c2ccc(Cl)cc2C(=O)c2ccccc2Cl)N1","1","train"
"CN(C)C1=NC(=O)[C@@H](c2ccccc2)O1","1","train"
"CN(C)CC/C=C1\c2ccccc2Sc2ccc(Cl)cc21","1","train"
"CN(C)CCC[C@]1(c2ccc(F)cc2)OCc2cc(C#N)ccc21","1","train"
"CN(C)CCO[C@@]1(Cc2ccccc2)C[C@H]2CC[C@]1(C)C2(C)C","1","train"
"CN(C)CCO[C@H](c1ccccc1)c1ccccc1C(C)(C)C","1","train"
"CN(C)CCO[C@](C)(c1ccccc1)c1ccc(Cl)cc1","1","train"
"CN(C)CC[C@@]1(C)OCCC2=C1Cc1ccccc12","1","train"
"CN(C)CC[C@@]1(c2ccccc2)C=Cc2ccccc21","1","train"
"CN(C)C[C@H](CN1c2ccccc2Sc2ccccc21)N(C)C","1","train"
"CN(C)C[C@H](O)[C@@H](c1ccccc1)c1cccc(Cl)c1","1","train"
"CN(C)[C@@H]1C(=O)C(C(N)=O)=C(O)[C@@]2(O)C(=O)C3=C(O)c4c(O)ccc(Cl)c4[C@@](C)(O)[C@@H]3C[C@H]12","0","train"
"CN(C)[C@@H]1C(=O)C(C(N)=O)=C(O)[C@]2(O)C(=O)C3=C(O)c4c(O)ccc(Cl)c4[C@@H](O)[C@H]3C[C@@H]12","0","train"
"CN(C)[C@@H]1C(=O)C(C(N)=O)=C(O)[C@]2(O)C(=O)C3=C(O)c4c(O)cccc4[C@](C)(O)[C@@H]3[C@H](O)[C@H]12","0","train"
"CN(C)[C@@H]1C(=O)C(C(N)=O)=C(O)[C@]2(O)C(=O)C3=C(O)c4c(ccc(N)c4O)C[C@H]3C[C@@H]12","0","train"
"CN(C)[C@@H]1C(O)=C(C(=O)NCN2CCN(CCO)CC2)C(=O)[C@]2(O)C(O)=C3C(=O)c4c(O)cccc4[C@](C)(O)[C@@H]3C[C@H]12","0","train"
"CN(C)[C@@H]1C(O)=C(C(=O)NCNCCCC[C@H](N)C(=O)O)C(=O)[C@]2(O)C(O)=C3C(=O)c4c(O)cccc4[C@@](C)(O)[C@H]3C[C@@H]12","0","train"
"CN(C)[C@@H]1C(O)=C(C(=O)N[C@@H](C(=O)O)N2CCN(CCO)CC2)C(=O)[C@]2(O)C(O)=C3C(=O)c4c(O)cccc4[C@@](C)(O)[C@H]3C[C@@H]12","0","train"
"CN(C)[C@H]1C(=O)C(C(=O)NCN2CCCC2)=C(O)[C@]2(O)C(=O)C3=C(O)c4c(O)cccc4[C@](C)(O)[C@@H]3C[C@H]12","0","train"
"CN(C)[C@H]1C(=O)C(C(N)=O)=C(O)[C@]2(O)C(=O)C3=C(O)c4c(O)cccc4[C@](C)(O)[C@@H]3C[C@H]12","0","train"
"CN(C)[C@H]1C(O)=C(C(=O)NCO)C(=O)[C@@]2(O)C(O)=C3C(=O)c4c(O)ccc(Cl)c4[C@](C)(O)[C@@H]3C[C@H]12","0","train"
"CN(C)[C@H]1C(O)=C(C(N)=O)C(=O)[C@@]2(O)C(O)=C3C(=O)c4c(O)cccc4[C@H](O)[C@@H]3C[C@H]12","0","train"
"CN(C)[C@H]1C(O)=C(C(N)=O)C(=O)[C@]2(O)C(O)=C3C(=O)c4c(O)ccc([N+](=O)[O-])c4C[C@H]3C[C@@H]12","0","train"
"CN(C)c1cc(C2=N[C@H](N)NN2)ccn1","0","train"
"CN(C)c1ccc(O)c2c1C[C@H]1C[C@H]3[C@@H](N(C)C)C(=O)C(C(N)=O)=C(O)[C@]3(O)C(=O)C1=C2O","0","train"
"CN(CCN(C)CNC(=O)C1=C(O)[C@@H](N(C)C)[C@H]2C[C@@H]3C(=C(O)[C@@]2(O)C1=O)C(=O)c1c(O)cccc1[C@]3(C)O)CNC(=O)C1=C(O)[C@@H](N(C)C)[C@@H]2C[C@H]3C(=C(O)[C@@]2(O)C1=O)C(=O)c1c(O)cccc1[C@]3(C)O","0","train"
"CN(c1nc2ccccc2s1)C1CCN(C[C@@H](O)COc2ccc(F)cc2)CC1","1","train"
"CN1C(=O)CCS(=O)(=O)[C@@H]1c1ccc(Cl)c(Cl)c1","1","train"
"CN1C(=O)CC[C@@H]1c1cccnc1","1","train"
"CN1C(=O)C[C@@](C)(c2ccccc2)C1=O","1","train"
"CN1C(=O)C[C@H](c2ccccc2)C1=O","1","train"
"CN1CCCC[C@@H]1CCN1c2ccccc2Sc2ccc([S@@+](C)[O-])cc21","1","train"
"CN1CCCc2cccc(OC[C@H]3CNCCO3)c21","1","train"
"CN1CCN(C(=O)O[C@@H]2C3=C(SCCS3)C(=O)N2c2ccc3ccc(Cl)nc3n2)CC1","1","train"
"CN1CCN(C(=O)O[C@@H]2c3nccnc3C(=O)N2c2ccc(Cl)cn2)CC1","1","train"
"CN1CCN(C2=Nc3cscc3C(CC#N)=C3CSC=C23)CC1","1","train"
"CN1CCN(CC(=O)[C@@]2(O)CC[C@H]3[C@@H]4CCC5=CC(=O)C=C[C@]5(C)[C@@H]4[C@H](O)C[C@@]32C)CC1","1","train"
"CN1CCN([C@H](c2ccccc2)c2ccc(Cl)cc2)CC1","1","train"
"CN1CCN2c3cc(F)ccc3C(c3cccs3)=NC[C@H]2C1","1","train"
"CN1CCN2c3ccccc3Cn3cccc3[C@H]2C1","1","train"
"CN1CCO[C@H](c2ccccc2)c2ccccc2C1","1","train"
"CN1CC[C@@]2(C)C[C@H](Cc3ccc(O)cc32)C1","1","train"
"CN1CC[C@@]23c4c5ccc(O)c4O[C@@H]2C(=O)CC[C@H]3[C@@H]1C5","1","train"
"CN1CC[C@@]23c4c5ccc(O)c4O[C@@H]2CCC[C@@H]3[C@@H]1C5","1","train"
"CN1CC[C@@]23c4c5ccc(O)c4O[C@@]2(C)C(=O)CC[C@H]3[C@@H]1C5","1","train"
"CN1CC[C@]23c4c5ccc(O)c4O[C@H]2C(=O)CC[C@]3(O)[C@H]1C5","1","train"
"CN1CC[C@]23c4c5ccc(O)c4O[C@H]2[C@@](C)(O)CC[C@@H]3[C@H]1C5","1","train"
"CN1CC[C@]23c4c5ccc(O)c4O[C@H]2[C@H](O)C=C[C@H]3[C@H]1C5","1","train"
"CN1CC[C@]23c4c5ccc(O)c4O[C@H]2[C@H](O)CC[C@]3(O)[C@H]1C5","1","train"
"CN1CC[C@]23c4c5ccc(OC(=O)c6cccnc6)c4O[C@H]2[C@H](OC(=O)c2cccnc2)C=C[C@H]3[C@H]1C5","1","train"
"CN1C[C@@H](CN2CC(=O)NC(=O)C2)C=C2c3cccc4[nH]cc(c34)C[C@H]21","1","train"
"CN1C[C@@H]2Cc3ccc(Cl)cc3[C@H](c3ccccc3)[C@H]2C1","1","train"
"CN1C[C@H](CC#N)C[C@@H]2c3cccc4[nH]cc(c34)C[C@H]21","1","train"
"CN1C[C@H](CSc2ccccn2)C=C2c3cccc4[nH]cc(c34)C[C@@H]21","1","train"
"CN1C[C@H](NS(=O)(=O)N(C)C)C[C@@H]2c3cccc4c3c(cn4C)C[C@H]21","1","train"
"CN1C[C@]23C=CC(O)=C[C@@]24C[C@]42CCCC[C@@H]2[C@H]1C3","1","train"
"CN1Cc2c(N)cccc2[C@@H](c2ccccc2)C1","1","train"
"CN1[C@H]2CC[C@@H]1CC(OC(=O)[C@@H](O)c1ccccc1)C2","1","train"
"CN1[C@H]2CC[C@@H]1CC(OC(=O)[C@](C)(CO)c1ccccc1)C2","1","train"
"CN1c2ccc(Cl)cc2C(c2ccccc2Cl)=NC[C@@H]1CO","1","train"
"CNC(=O)N[C@H](O)C(Cl)(Cl)Cl","1","train"
"CNC(=O)O[C@H]1OC(=O)[C@H]2[C@@H]3C=C[C@@H](C3)[C@H]21","1","train"
"CNCCC[C@@]1(C)C(=O)N(c2ccccc2)c2ccccc21","1","train"
"CNCCC[C@@]1(c2ccccc2)SC(C)(C)c2ccccc21","1","train"
"CNCCC[C@]1(c2ccccc2)OC(C)(C)c2ccccc21","1","train"
"CNCC[C@@H](Oc1ccc(C(F)(F)F)cc1)c1ccccc1","1","train"
"CNCNCCSCc1nc[nH]c1C.N#CN","0","train"
"CNCNc1cccc(-c2csc(N)n2)c1.N#CN.NCN","0","train"
"CN[C@@H](CC(C)C)C(=O)N[C@H]1C(=O)N[C@@H](CC(N)=O)C(=O)N[C@@H]2C(=O)N[C@H]3C(=O)N[C@H](C(=O)N[C@@H](C(=O)O)c4cc(O)cc(O)c4-c4cc3ccc4O)[C@@H](O)c3ccc(c(Cl)c3)Oc3cc2cc(c3O[C@@H]2O[C@H](CO)[C@@H](O)[C@H](O)[C@H]2O[C@@H]2C[C@@](C)(N)[C@@H](O)[C@H](C)O2)Oc2ccc(cc2Cl)[C@@H]1O","0","train"
"CN[C@@H](C[N+](=O)[O-])NCCSCc1ccc(CN(C)C)o1","0","train"
"CN[C@@H]1C[C@H](c2ccc(Cl)c(Cl)c2)c2ccccc21","1","train"
"CN[C@@H]1[C@H](O[C@H]2O[C@@H](CO)[C@@H](N)[C@H](O)[C@H]2O)O[C@@H]2C[C@@H](N)[C@H](O[C@@H]3[C@H](N)C[C@H](N)[C@@H](O)[C@H]3O)O[C@@H]2[C@H]1O","0","train"
"CN[C@H]1[C@H](O)[C@@H](O[C@@H]2[C@@H](O)[C@@H](O[C@H]3O[C@@H](CN)[C@@H](O)[C@H](O)[C@H]3O)[C@H](N)C[C@H]2NC(=O)[C@@H](O)CN)OC[C@]1(C)O","0","train"
"CN[C@H]1[C@H](O)[C@H](O[C@H]2[C@@H](O)[C@H](O[C@@H]3OC(CN)=CC[C@@H]3N)[C@H](N)C[C@H]2N)OC[C@@]1(C)O","0","train"
"CN[C@]1(c2ccccc2Cl)CCCCC1=O","1","train"
"CO/N=C(/C(=O)N[C@@H]1C(=O)N2C(C(=O)O)=C(/C=C/Sc3n[nH]c(=O)c(=O)n3CC=O)CS[C@@H]12)c1csc(N)n1","0","train"
"CO/N=C(/C(=O)N[C@@H]1C(=O)N2C(C(=O)O)=C(CN3C=CCC4=C3CCC4)CS[C@H]12)c1csc(N)n1","0","train"
"CO/N=C(/C(=O)N[C@H]1C(=O)N2C(C(=O)O)=C(CN3C=CCC4=C3CCCC4)CS[C@H]12)c1csc(N)n1","0","train"
"CO/N=C(/C(=O)N[C@H]1C(=O)N2C(C(=O)O)=C(CN3CC=C(N)N3CCO)CS[C@@H]12)c1csc(N)n1","0","train"
"CO/N=C(\C(=O)N[C@@H]1C(=O)N(OCC(=O)OCC(=O)OC(C)(C)C)[C@@H]1C)c1csc(N)n1","0","train"
"CO/N=C(\C(=O)N[C@@H]1C(=O)N2C(C(=O)O)=C(C)CS[C@@H]12)c1csc(N)n1","0","train"
"CO/N=C(\C(=O)N[C@@H]1C(=O)N2C(C(=O)O)=C(COC(C)=O)CS[C@@H]12)c1csc(N)n1","0","train"
"CO/N=C(\C(=O)N[C@H]1C(=O)N(OCC(=O)O)[C@H]1C)c1csc(N)n1","0","train"
"CO/N=C(\C(=O)N[C@H]1C(=O)N2C(C(=O)O)=C(/C=C/c3scnc3C)CS[C@@H]12)c1csc(N)n1","0","train"
"CO/N=C(\C(=O)N[C@H]1C(=O)N2C(C(=O)O)=C(COC(C)=O)CS[C@H]12)c1ccco1","0","train"
"CO/N=C(\C(=O)N[C@H]1C(=O)N2C(C(=O)O)=C(COC(N)=O)CS[C@@H]12)c1ccco1","0","train"
"CO/N=C(\C(=O)N[C@H]1C(=O)N2C(C(=O)O)=C(CSc3cnns3)CS[C@@H]12)c1csc(N)n1","0","train"
"CO/N=C(\C(=O)N[C@H]1C(=O)N2C(C(=O)O)=C(CSc3nc(=O)c(=O)[nH]n3C)CS[C@H]12)c1csc(N)n1","0","train"
"CO/N=C(\C(=O)N[C@H]1C(=O)N2C(C(=O)O)=C(CSc3nc(C)c(CC(=O)O)s3)CS[C@H]12)c1csc(N)n1","0","train"
"CO/N=C(\C(=O)N[C@H]1C(=O)N2C(C(=O)O)=C(CSc3nnnn3C)CS[C@H]12)c1csc(N)n1","0","train"
"COC(=O)C1=C(C)NC(C)=C(C(=O)OCCN(C)Cc2ccccc2)[C@H]1c1cccc([N+](=O)[O-])c1","0","train"
"COC(=O)[C@H]1NC(=O)[C@H]2NC(=O)[C@@H](NC(=O)[C@H]3NC(=O)[C@H]4NC(=O)[C@H](NC(=O)[C@H](N)c5ccc(O)c(c5)Oc5cc4cc(O)c5C)[C@@H](O)c4ccc(c(Cl)c4)Oc4cc3cc(c4O)Oc3ccc(cc3Cl)[C@@H]2O[C@@H]2O[C@@H](CO)[C@@H](O)[C@@H](O)[C@H]2NC(C)=O)c2ccc(O)c(c2)-c2c(O)cc(O)cc21","0","train"
"COC(=O)[C@H]1[C@@H]2C[C@@H]3c4[nH]c5cc(OC)ccc5c4CCN3C[C@H]2C[C@@H](OC)[C@@H]1OC","1","train"
"COC(=O)[C@H]1[C@H](OC)[C@@H](OC(=O)c2cc(OC)c(OC)c(OC)c2)C[C@H]2CN3CCc4c([nH]c5ccc(Cl)cc45)[C@H]3C[C@@H]21","1","train"
"COC(=O)[C@H]1[C@H](OC)[C@@H](OC(=O)c2cc(OC)c(OC)c(OC)c2)C[C@H]2CN3CCc4c([nH]c5ccccc45)[C@H]3C[C@@H]21","1","train"
"COC(=O)c1cncn1[C@H](C)c1ccccc1","1","train"
"COC1=C(C(=O)O)N2C(=O)[C@H](NC(=O)[C@H](N)C3C=CCC=C3)[C@H]2SC1","0","train"
"COC1=C[C@@]23C[C@@]24CCCC[C@H]4[C@@H]2C[C@@]3(C=C1)CN2C","1","train"
"COCC(=O)O[C@@]1(CCN(C)CCCc2nc3ccccc3[nH]2)CCc2cc(F)ccc2[C@@H]1C(C)C","0","train"
"COCC1=C(C(=O)O)N2C(=O)[C@@H](NC(=O)/C(=N\O)c3csc(N)n3)[C@@H]2SC1","0","train"
"COCCN1CC[C@@]23c4c5ccc(O)c4O[C@H]2C(=O)CC[C@@]3(O)[C@@H]1C5","1","train"
"COCOC(=O)[C@@H]1N2C(=O)[C@H](N3C(=O)[C@@H](c4ccc(O)cc4)NC3(C)C)[C@@H]2SC1(C)C","0","train"
"COCOC(=O)[C@H]1N2C(=O)[C@@H](N3C(=O)[C@H](c4ccccc4)NC3(C)C)[C@H]2SC1(C)C","0","train"
"COCc1c(C(C)C)nc(C(C)C)c(/C=C/[C@H](O)C[C@H](O)CC(=O)O)c1-c1ccc(F)cc1","1","train"
"CO[C@@H]1/C=C/O[C@@]2(C)Oc3c(C)c(O)c4c(O)c(c(/C=N/N5CCN(C6CCCC6)CC5)c(O)c4c3C2=O)NC(=O)/C(C)=C\C=C/[C@@H](C)[C@H](O)[C@H](C)[C@@H](O)[C@H](C)[C@H](OC(C)=O)[C@@H]1C","0","train"
"CO[C@@H]1/C=C/O[C@]2(C)Oc3c(C)c(O)c4c(c3C2=O)C2=C(NC3(CCN(CC(C)C)CC3)N2)[C@@H](NC(=O)/C(C)=C/C=C/[C@@H](C)[C@@H](O)[C@@H](C)[C@@H](O)[C@H](C)[C@H](OC(C)=O)[C@@H]1C)C4=O","0","train"
"CO[C@@H]1/C=C\O[C@]2(C)Oc3c(C)c(O)c4c(O)c(c5c(nc6cc(C)ccn65)c4c3C2=O)NC(=O)/C(C)=C/C=C/[C@@H](C)[C@H](O)[C@@H](C)[C@@H](O)[C@H](C)[C@@H](OC(C)=O)[C@@H]1C","0","train"
"CO[C@@H]1CCC[C@@H]2C1=C(C=O)N1C(=O)[C@@H]([C@@H](C)O)[C@@H]21","0","train"
"CO[C@@H]1C[C@H](O[C@@H]2[C@@H](C)[C@H](O[C@@H]3O[C@@H](C)C[C@H](N(C)C)[C@H]3OC(C)=O)[C@H](C)C[C@@]3(CO3)C(=O)[C@@H](C)[C@@H](OC(C)=O)[C@H](C)[C@@H](C)OC(=O)[C@@H]2C)O[C@H](C)[C@H]1OC(C)=O","0","train"
"CO[C@@H]1O[C@H]2O[C@]3(CN4CCCCC4)[C@@H](O)C[C@H]([C@@H]2C)[C@H]13","1","train"
"CO[C@@H]1[C@@H](O)[C@H](N)[C@@H](O[C@H]2O[C@H]([C@H](C)N)CC[C@@H]2N)[C@H](O)[C@H]1N(C)C(=O)CN","0","train"
"CO[C@@H]1[C@@H](O[C@@H]2O[C@@H](C)[C@H](O[C@H]3C[C@](C)(O)[C@H](O)[C@@H](C)O3)[C@H](N(C)C)[C@H]2O)[C@H](CC=O)C[C@@H](C)[C@H](O)/C=C/C=C\C[C@H](C)OC(=O)C[C@H]1O","0","train"
"CO[C@@]1(NC(=O)CSCC#N)C(=O)N2C(C(=O)O)=C(CSc3nnnn3C)CS[C@H]21","0","train"
"CO[C@@]1(NC(=O)[C@@H](C(=O)O)c2ccc(O)cc2)C(=O)N2C(C(=O)O)=C(CSc3nnnn3C)CO[C@H]21","0","train"
"CO[C@@]1(NC(=O)[C@H]2SC3=S2OC(N)=C3C(=O)O)C(=O)N2C(C(=O)O)=C(CSc3nnnn3C)CS[C@@H]21","0","train"
"CO[C@@]12CC[C@]3(C[C@@H]1C(C)(C)O)[C@@H]1Cc4ccc(O)c5c4[C@]3(CCN1CC1CC1)[C@H]2O5","1","train"
"CO[C@H](C(=O)N[C@H]1C(=O)N2[C@@H]1SC(C)(C)[C@H]2C(=O)O)c1ccc(Cl)c(Cl)c1","0","train"
"CO[C@H]1/C=C/O[C@@]2(C)Oc3c(C)c(O)c4c(O)c(c(/C=N/N5CCN(C)CC5)c(O)c4c3C2=O)NC(=O)/C(C)=C\C=C/[C@@H](C)[C@@H](O)[C@H](C)[C@@H](O)[C@H](C)[C@H](OC(C)=O)[C@@H]1C","0","train"
"CO[C@H]1/C=C/O[C@@]2(C)Oc3c(C)c(O)c4c(O)c(cc(O)c4c3C2=O)NC(=O)/C(C)=C\C=C/[C@H](C)[C@H](O)[C@@H](C)[C@H](O)[C@H](C)[C@H](OC(C)=O)[C@@H]1C","0","train"
"CO[C@H]1C[C@@H](O[C@@H]2[C@@H](C)O[C@@H](O[C@H]3/C(C)=C\C[C@@H]4C[C@@H](C[C@@]5(CC[C@H](C)[C@@H](C(C)C)O5)O4)OC(=O)[C@@H]4C=C(C)[C@@H](O)[C@@H]5OC/C(=C\C=C\[C@H]3C)[C@]54O)C[C@H]2OC)O[C@@H](C)[C@@H]1O","0","train"
"CO[C@H]1[C@@H](O)CC(=O)O[C@@H](C)C/C=C/C=C/[C@H](O[C@@H]2CC[C@@H](N(C)C)[C@H](C)O2)[C@H](C)C[C@@H](CC=O)[C@@H]1O[C@H]1O[C@@H](C)[C@@H](O[C@@H]2C[C@@](C)(O)[C@H](O)[C@@H](C)O2)[C@@H](N(C)C)[C@@H]1O","0","train"
"CO[C@]1(NC(=O)C2SC(=C(C#N)C(=O)O)S2)C(=O)N2C(C(=O)O)=C(CSc3nnnn3C)CS[C@@H]21","0","train"
"CO[C@]1(NC(=O)CSC[C@H](N)C(=O)O)C(=O)N2C(C(=O)O)=C(CSc3nnnn3C)CS[C@@H]21","0","train"
"CO[C@]1(NC(=O)[C@@H](C(=O)O)c2ccsc2)C(=O)N2[C@H](C(=O)O)C(C)(C)S[C@@H]21","0","train"
"CO[C@]12[C@H](COC(N)=O)C3=C(C(=O)C(C)=C(N)C3=O)N1C[C@@H]1N[C@@H]12","0","train"
"COc1cc([C@@H]2c3cc4c(cc3[C@@H](O[C@H]3O[C@H]5CO[C@H](C)O[C@@H]5[C@H](O)[C@H]3O)[C@@H]3COC(=O)[C@H]32)OCO4)cc(OC)c1O","0","train"
"COc1cc([C@H]2c3cc4c(cc3[C@H](O[C@H]3O[C@H]5CO[C@H](c6cccs6)O[C@H]5[C@H](O)[C@H]3O)[C@@H]3COC(=O)[C@@H]23)OCO4)cc(OC)c1OC","0","train"
"COc1cc2c(c(OC)c1OC)-c1ccc(OC)c(=O)cc1[C@H](NC(C)=O)CC2","0","train"
"COc1cc2c(cc1OC)C(=O)[C@H](CC1CCN(Cc3ccccc3)CC1)C2","1","train"
"COc1cc2c(cc1OC)S(=O)(=O)O[C@@H](C(=O)N[C@@H](C)CC(C)(C)N(C)C)C2","1","train"
"COc1cc2c(cc1OC)[C@@H]1CC(=O)[C@H](CC(C)C)CN1CC2","1","train"
"COc1cc2c3c(c1O)C1(C=CC(=O)C=C1)C[C@H]3N(C)CC2","1","train"
"COc1ccc(-c2cc(=O)c3c(O)cc(O[C@@H]4O[C@@H](CO[C@@H]5O[C@H](C)[C@H](O)[C@@H](O)[C@H]5O)[C@H](O)[C@@H](O)[C@@H]4O)cc3o2)cc1O","0","train"
"COc1ccc(N2C[C@@H](CN3CCC(O)(c4ccc5c(c4)OCO5)CC3)OC2=O)cc1","1","train"
"COc1ccc(OC[C@H]2CN(C)CC[C@@H]2c2ccccc2)cc1","1","train"
"COc1ccc(S(N)(=O)=O)cc1C(=O)NC[C@H]1CCCN1C","1","train"
"COc1ccc(S(N)(=O)=O)cc1C(=O)NC[C@H]1CCCN1Cc1ccc(F)cc1","1","train"
"COc1ccc([C@@H](O)CN2CCN(c3cccccc3=O)CC2)cc1OC","1","train"
"COc1ccc2c(c1)CN(C)C[C@@H]2c1ccc(Cl)c(Cl)c1","1","train"
"COc1ccc2c(c1)[C@@](O)(CCCN(C)C)c1ccccc1S2","1","train"
"COc1ccc2c(c1OC)[C@]13CCN(C)[C@H](C2)[C@]1(O)CC[C@H](O)C3","1","train"
"COc1ccc2c3c([nH]c2c1)[C@H]1C[C@@H]2[C@H](C[C@@H](OC(=O)c4cc(OC)c(OC)c(OC)c4)[C@H](OC)[C@H]2OC(C)=O)CN1CC3","1","train"
"COc1ccc2c3c1O[C@@H]1C(=O)CC[C@@H]4[C@H](C2)N(C)CC[C@@]314","1","train"
"COc1ccc2c3c1O[C@@H]1C(OC(C)=O)=CC[C@H]4[C@H](C2)N(C)CC[C@@]314","1","train"
"COc1ccc2c3c1O[C@@H]1[C@@H](O)C=C[C@@H]4[C@H](C2)N(C)CC[C@]341","1","train"
"COc1ccc2c3c1O[C@@H]1[C@@H](O)CC[C@@H]4[C@H](C2)N(C)CC[C@]341","1","train"
"COc1ccc2c3c1O[C@H]1C(=O)CC[C@]4(O)[C@@H](C2)N(C)CC[C@]314","1","train"
"COc1ccc2c3c1O[C@H]1C[C@H](O)C=C[C@@]31CCN(C)C2","1","train"
"COc1ccc2c3c1O[C@H]1[C@H](O)C=C[C@@H]4[C@@H](C2)NCC[C@@]341","1","train"
"COc1ccc2c3c1O[C@H]1[C@H](OC(=O)c4cccnc4)CC[C@@H]4[C@@H](C2)N(C)CC[C@@]341","1","train"
"COc1cccc2c1C(=O)c1c(O)c3c(c(O)c1C2=O)C[C@@](O)(/C(C)=N/NC(=O)c1ccccc1)C[C@H]3O[C@H]1C[C@H](N)[C@@H](O)[C@@H](C)O1","0","train"
"COc1cccc2c1C(=O)c1c(O)c3c(c(O)c1C2=O)C[C@@](O)(C(=O)CO)C[C@@H]3O[C@@H]1C[C@@H](N)[C@H](O)[C@@H](C)O1","0","train"
"COc1cccc2c1C(=O)c1c(O)c3c(c(O)c1C2=O)C[C@](O)(C(=O)CO)C[C@@H]3O[C@@H]1C[C@@H](NC(=O)[C@@H](N)CC(C)C)[C@@H](O)[C@H](C)O1","0","train"
"COc1cccc2c1C(=O)c1c(O)c3c(c(O)c1C2=O)C[C@](O)(C(=O)CO)C[C@@H]3O[C@@H]1C[C@H](N)C[C@H](C)O1","0","train"
"COc1cccc2c1C(=O)c1c(O)c3c(c(O)c1C2=O)C[C@](O)(C(=O)CO)C[C@@H]3O[C@@H]1C[C@H](N)[C@@H](O[C@@H]2CCCCO2)[C@@H](C)O1","0","train"
"COc1cccc2c1C(=O)c1c(O)c3c(c(O)c1C2=O)C[C@](O)(C(C)=O)C[C@@H]3O[C@@H]1C[C@@H](N)[C@H](O)[C@@H](C)O1","0","train"
"COc1ccccc1N1CCN(CCCCN2C(=O)[C@@H]3C(=O)N(C(C)(C)C)C(=O)[C@@H](C2=O)C3(C)C)CC1","1","train"
"COc1cccnc1CCCCNC1=NC(=O)[C@H](Cc2ccc(C)nc2)C=N1","0","train"
"CSC(=O)[C@@]1(O)[C@@H](C)C[C@H]2[C@@H]3CCC4=CC(=O)C=C[C@]4(C)[C@@]3(F)[C@H](O)C[C@@]21C","1","train"
"CSC(=O)[C@]1(OC(C)=O)[C@@H](C)C[C@@H]2[C@H]3CCC4=CC(=O)C=C[C@@]4(C)[C@]3(F)[C@@H](O)C[C@]21C","1","train"
"C[C@@H](C(=O)O)c1cccc(C(=O)c2ccccc2)c1","1","train"
"C[C@@H](Cc1ccccc1)N[C@@H](C#N)c1ccccc1","1","train"
"C[C@@H](Oc1ccccc1)C(=O)N[C@@H]1C(=O)N2[C@H]1SC(C)(C)[C@H]2C(=O)O","0","train"
"C[C@@H]1C(S[C@@H]2CN[C@H](C(=O)N(C)C)C2)=C(C(=O)O)N2C(=O)[C@@H]([C@H](C)O)[C@@H]12","0","train"
"C[C@@H]1CCCC[C@@]1(c1cccs1)N1CCCCC1","1","train"
"C[C@@H]1C[C@@H]2[C@H]3CCC4=CC(=O)C=C[C@@]4(C)[C@]3(F)[C@@H](O)C[C@@]2(C)[C@]1(C)C(=O)CO","1","train"
"C[C@@H]1C[C@@H]2[C@H]3C[C@@H](F)C4=CC(=O)C=C[C@@]4(C)[C@]3(F)[C@@H](O)C[C@@]2(C)[C@@H]1C(=O)CO","1","train"
"C[C@@H]1C[C@@H]2[C@H]3C[C@@H](F)C4=CC(=O)C=C[C@@]4(C)[C@]3(F)[C@@H](O)C[C@@]2(C)[C@]1(O)C(=O)SCF","1","train"
"C[C@@H]1C[C@H]2[C@@H]3CC(F)(F)C4=CC(=O)C=C[C@]4(C)[C@@]3(F)[C@H](O)C[C@]2(C)[C@@]1(O)C(=O)CO","1","train"
"C[C@@H]1C[C@H]2[C@@H]3CCC4=CC(=O)C=C[C@]4(C)[C@@]3(Cl)[C@@H](O)C[C@@]2(C)[C@@]1(OC(=O)c1ccco1)C(=O)CCl","1","train"
"C[C@@H]1C[C@H]2[C@@H]3CCC4=CC(=O)C=C[C@]4(C)[C@@]3(Cl)[C@H](O)C[C@@]2(C)[C@]1(O)C(=O)CO","1","train"
"C[C@@H]1C[C@H]2[C@@H]3CCC4=CC(=O)C=C[C@]4(C)[C@@]3(F)[C@H](O)C[C@]2(C)[C@H]1C(=O)CO","1","train"
"C[C@@H]1C[C@H]2[C@@H]3C[C@@H](F)C4=CC(=O)C=C[C@]4(C)[C@@]3(Cl)[C@H](F)C[C@@]2(C)[C@@H]1C(=O)CO","1","train"
"C[C@@H]1C[C@H]2[C@@H]3C[C@H](F)C4=CC(=O)C=C[C@]4(C)[C@H]3[C@@H](O)C[C@@]2(C)[C@]1(O)C(=O)CO","1","train"
"C[C@@H]1C[C@H]2[C@@H]3[C@@H](Cl)CC4=CC(=O)C=C[C@]4(C)[C@H]3[C@@H](O)C[C@@]2(C)[C@]1(O)C(=O)CO","1","train"
"C[C@@H]1NCCO[C@@H]1c1ccccc1","1","train"
"C[C@@H]1O[C@@H](O[C@H]2CC[C@]3(C)[C@@H](CC[C@@H]4[C@@H]3C[C@H](O)[C@@]3(C)[C@@H](C5=CC(=O)OC5)CC[C@@]43O)C2)C[C@@H](O)[C@@H]1O[C@@H]1C[C@H](O)[C@@H](O[C@@H]2C[C@H](O)[C@@H](O)[C@H](C)O2)[C@H](C)O1","0","train"
"C[C@@H]1O[C@]2(CCCC[C@H]2Oc2cccc(Cl)c2)NC1=O","1","train"
"C[C@@H]1[C@@H]2Cc3ccc(O)cc3[C@]1(C)CCN2CC1CC1","1","train"
"C[C@@H]1[C@H](NC(=O)/C(=N/OC(C)(C)C(=O)O)c2csc(N)n2)C(=O)N1S(=O)(=O)O","0","train"
"C[C@@H]1[C@H]2Cc3ccc(O)cc3[C@]1(C)CCN2CCc1ccccc1","1","train"
"C[C@@H]1c2ccccc2[C@H](CCCN(C)C)c2cc(C(F)(F)F)ccc21","1","train"
"C[C@@](Cc1ccccc1)(NC(=O)CN)c1ccccc1","1","train"
"C[C@@]1(c2ccccc2)CC(=O)N(CN2CCOCC2)C1=O","1","train"
"C[C@@]12C=CC(=O)C=C1CC[C@@H]1[C@H]3CC[C@@](O)(C(=O)CO)[C@]3(C)C[C@H](O)[C@]12F","1","train"
"C[C@@]12C=CC(=O)C=C1CC[C@H]1[C@@H]3C[C@@H]4Cc5ccccc5C[C@]4(C(=O)CO)[C@]3(C)C[C@H](O)[C@]12F","1","train"
"C[C@@]12C=CC(=O)C=C1[C@@H](Cl)C[C@@H]1[C@@H]2C(=O)C[C@]2(C)[C@H]1CC[C@@]2(O)C(=O)CO","1","train"
"C[C@@]12CC(=O)[C@@H]3[C@H](CC[C@@H]4C[C@H](O)CC[C@]43C)[C@H]1CC[C@@H]2C(=O)CO","1","train"
"C[C@@]12CCC(=O)C=C1CC[C@@H]1[C@@H]2C(=O)C[C@]2(C)[C@H]1CC[C@@]2(O)C(=O)CO","1","train"
"C[C@@]12CCC(=O)C=C1CC[C@@H]1[C@H]3CC[C@@](O)(C(=O)CO)[C@]3(C)C[C@H](O)[C@]12F","1","train"
"C[C@@]12CCC(=O)C=C1CC[C@H]1[C@H]2[C@@H](O)C[C@@]2(C)[C@@H]1CC[C@]2(O)C(=O)COC(=O)CCC1CCCC1","1","train"
"C[C@@]12CCC(=O)C=C1CC[C@H]1[C@H]2[C@@H]2C[C@]3([C@@H](O)O2)[C@@H](C(=O)CO)CC[C@H]13","0","train"
"C[C@H](CC(C)(C)O)O[C@H](O)C(Cl)(Cl)Cl","1","train"
"C[C@H](CN(C)C)CN1c2ccccc2CCc2ccccc21","1","train"
"C[C@H](CN(C)C)CN1c2ccccc2S(=O)(=O)c2ccccc21","1","train"
"C[C@H](CN(C)C)CN1c2ccccc2Sc2ccc(C#N)cc21","1","train"
"C[C@H](CN(C)C)CN1c2ccccc2Sc2ccc(C(F)(F)F)cc21","1","train"
"C[C@H](CN(C)C)CN1c2ccccc2Sc2ccccc21","1","train"
"C[C@H](CN(C)C)O[C@@](C)(c1ccccc1)c1ccc(Cl)cc1","0","train"
"C[C@H](O)[C@@H]1C(=O)N2C(C(=O)O)=C(COC(N)=O)S[C@@H]12","0","train"
"C[C@H](O)[C@@H]1C(=O)N2C(C(=O)O)=C([C@@H]3CCCO3)S[C@H]12","0","train"
"C[C@H](O)[C@H]1C(=O)N2C(C(=O)O)=C(F)S[C@H]12","0","train"
"C[C@H]1CN(C)C[C@H]2Cc3c(ccc4ccccc34)O[C@@]12O","1","train"
"C[C@H]1CN2CC(=O)Nc3ccc(Cl)cc3[C@]2(c2ccccc2)O1","1","train"
"C[C@H]1CO[C@]2(c3ccccc3Cl)c3cc(Cl)ccc3NC(=O)CN12","1","train"
"C[C@H]1C[C@@H]2CCC[C@](N3CC[C@H]3C(=O)O)(C1)C2","1","train"
"C[C@H]1C[C@@H]2[C@H]([C@@H](O)C[C@]3(C)[C@H]2CC[C@@]3(O)C(=O)COC(=O)CCC(=O)O)[C@@]2(C)C=CC(=O)C=C12","1","train"
"C[C@H]1C[C@@H]2[C@H]3CCC4=CC(=O)C=C[C@@]4(C)[C@]3(F)C(=O)C[C@]2(C)[C@@]1(O)C(=O)CCl","1","train"
"C[C@H]1C[C@@H]2[C@H]3CCC4=CC(=O)C=C[C@@]4(C)[C@]3(F)[C@@H](O)C[C@]2(C)[C@@]1(O)C(=O)CCl","1","train"
"C[C@H]1C[C@@H]2[C@H]3C[C@@H](F)C4=CC(=O)C(Cl)=C[C@@]4(C)[C@]3(F)[C@@H](O)C[C@]2(C)[C@@]1(O)C(=O)CO","1","train"
"C[C@H]1C[C@@H]2[C@H]3C[C@@H](F)C4=CC(=O)C=C[C@@]4(C)[C@]3(F)[C@@H](O)C[C@@]2(C)[C@]1(O)C(=O)CCl","1","train"
"C[C@H]1C[C@@H]2[C@H]3C[C@@H](F)C4=CC(=O)C=C[C@@]4(C)[C@]3(F)[C@@H](O)C[C@]2(C)[C@@]1(O)C(=O)CO","1","train"
"C[C@H]1C[C@@H]2[C@H]3C[C@@H](F)C4=CC(=O)C=C[C@@]4(C)[C@]3(F)[C@@H](O)C[C@]2(C)[C@@]1(O)C(=O)COC(=O)C(C)(C)C","1","train"
"C[C@H]1C[C@@H]2[C@H]3C[C@H](F)C4=CC(=O)C=C[C@@]4(C)[C@]3(Cl)[C@@H](O)C[C@]2(C)[C@H]1C(=O)CO","1","train"
"C[C@H]1C[C@@H]2[C@H]3C[C@H](F)C4=CC(=O)C=C[C@@]4(C)[C@]3(Cl)[C@@H](O)C[C@]2(C)[C@H]1C(=O)COC(=O)C(C)(C)C","1","train"
"C[C@H]1C[C@H]2[C@@H]3CC[C@@H](C(=O)O)[C@]3(C)C[C@@H](O)[C@H]2[C@@]2(C)CCC(=O)C=C12","1","train"
"C[C@H]1C[C@H]2[C@@H]3C[C@H](F)C4=CC(=O)C=C[C@]4(C)[C@@]3(F)[C@H](O)C[C@]2(C)[C@H]1C(=O)COC(=O)C(C)(C)C","1","train"
"C[C@H]1NC(=O)CO[C@H]1c1ccccc1","1","train"
"C[C@H]1NC(=O)[C@H](NC(=O)c2ncccc2O)[C@@H](C)OC(=O)[C@H](c2ccccc2)NC(=O)[C@@H]2CC(=O)CCN2C(=O)[C@@H](Cc2ccc(N(C)C)cc2)N(C)C(=O)[C@@H]2CCCN2C1=O","0","train"
"C[C@H]1O[C@@H](O[C@@H]2C[C@](O)(C(=O)CO)Cc3c(O)c4c(c(O)c32)C(=O)c2ccccc2C4=O)C[C@@H](N)[C@@H]1O","0","train"
"C[C@H]1[C@@H](c2ccccc2)OCCN1C","1","train"
"C[C@H]1[C@H]2C(=O)c3ccc(O)cc3[C@@]1(C)CCN2CC1CC1","1","train"
"C[C@H]1c2cccc(O)c2C(O)=C2C(=O)[C@@]3(O)C(O)=C(C(N)=O)C(=O)[C@@H](N(C)C)[C@H]3[C@@H](O)[C@H]21","0","train"
"C[C@]12C=CC(=O)C=C1CC[C@@H]1[C@@H]2C(=O)C[C@]2(C)[C@H]1CC[C@@]2(O)C(=O)CO","1","train"
"C[C@]12C=CC(=O)C=C1CC[C@@H]1[C@@H]2[C@@H](O)C[C@]2(C)[C@H]1CC[C@@]2(O)C(=O)CO","1","train"
"C[C@]12C=CC(=O)C=C1CC[C@H]1[C@@H]3CC[C@@](O)(C(=O)CO)[C@]3(C)C[C@@H](Cl)[C@@]12Cl","1","train"
"C[C@]12CCCCC[C@@H](Cc3ccc(O)cc31)[C@H]2N","1","train"
"C[C@]12C[C@@H](O)[C@@]3(F)[C@@H](CCC4=CC(=O)C=C[C@@]43C)[C@@H]1C[C@H](O)[C@]2(O)C(=O)CO","1","train"
"C[C@]12C[C@@H](O)[C@@]3(F)[C@@H](C[C@H](F)C4=CC(=O)C=C[C@@]43C)[C@@H]1C[C@H](O)[C@]2(O)C(=O)CO","1","train"
"C[N+]1([O-])[C@H]2CC[C@@H]1CC(OC(=O)[C@@H](CO)c1ccccc1)C2","1","train"
"Cc1cc(=O)c(C(=O)N[C@@H](C(=O)N[C@@H]2C(=O)N3C(C(=O)O)=C(CSc4nnnn4C)CS[C@@H]23)c2ccc(O)cc2)c[nH]1","0","train"
"Cc1ccc(C(=O)N[C@@H]2C(=O)N[C@H](C(C)C)C(=O)N3CCC[C@@H]3C(=O)N(C)CC(=O)N(C)[C@@H](C(C)C)C(=O)O[C@H]2C)c2c1OC1=C(N2)C(C(=O)N[C@H]2C(=O)N[C@@H](C(C)C)C(=O)N3CCC[C@H]3C(=O)N(C)CC(=O)N(C)[C@H](C(C)C)C(=O)O[C@@H]2C)=C(N)C(=O)[C@@H]1C","0","train"
"Cc1ccc2c(c1)[C@@]13CCCC[C@@H]1[C@@H](C2)N(C)CC3","1","train"
"Cc1ccc2c(c1)c1c3n2CCN[C@@H]3CCC1","1","train"
"Cc1cccc(N2C[C@H](CO)OC2=O)c1","1","train"
"Cc1cccc2c1Oc1ccccc1[C@]1(O)CCNC[C@H]21","1","train"
"Cc1nccn1[C@H](C)c1ccccc1","1","train"
"Cc1nnc(SCC2=C(C(=O)O)N3C(=O)[C@@H](NC(=O)[C@@H](O)c4ccccc4)[C@H]3SC2)s1","0","train"
"Cc1onc(-c2c(Cl)cccc2Cl)c1C(=O)N[C@@H]1C(=O)N2[C@H]1SC(C)(C)[C@@H]2C(=O)O","0","train"
"Cc1onc(-c2ccccc2)c1C(=O)N[C@@H]1C(=O)N2[C@H]1SC(C)(C)[C@@H]2C(=O)O","0","train"
"Cc1onc(-c2ccccc2Cl)c1C(=O)N[C@@H]1C(=O)N2[C@H]1SC(C)(C)[C@@H]2C(=O)O","0","train"
"Clc1ccc(CO[C@@H](Cn2ccnc2)c2ccc(Cl)cc2Cl)c(Cl)c1","1","train"
"Clc1ccc2c(c1)/C(=C/[C@@H]1CN3CCC1CC3)c1ccccc1S2","1","train"
"Cn1c(=O)c2c(ncn2CCNC[C@H](O)c2ccc(O)c(O)c2)n(C)c1=O","0","train"
"Cn1nnnc1SCC1=C(C(=O)O)N2C(=O)[C@@H](NC(=O)CSC(F)(F)F)[C@@H]2SC1","0","train"
"Cn1nnnc1SCC1=C(C(=O)O)N2C(=O)[C@H](NC(=O)CS/C=C/C#N)[C@H]2SC1","0","train"
"Cn1nnnc1SCC1=C(C(=O)O)N2C(=O)[C@H](NC(=O)[C@H](O)c3ccccc3)[C@H]2SC1","0","train"
"Fc1ccc([C@H]2CCNC[C@@H]2COc2ccc3c(c2)OCO3)cc1","1","train"
"N#CCN[C@@H]1CCc2ccccc21","1","train"
"N=C1NC(=O)[C@@H](c2ccccc2)O1","1","train"
"NC(=O)C1C=CN(CC2=C(C(=O)O)N3C(=O)[C@H](NC(=O)Cc4cccs4)[C@H]3SC2)C=C1","0","train"
"NC(=O)C1C=CN(C[C@H]2CS[C@@H]3[C@@H](NC(=O)[C@H](c4ccccc4)S(=O)(=O)O)C(=O)N3[C@H]2C(=O)O)C=C1","0","train"
"NC(=O)CN1C(=O)[C@H](c2ccccc2)c2ccccc21","1","train"
"NC(=O)C[S@@+]([O-])C(c1ccccc1)c1ccccc1","1","train"
"NC(=O)OC[C@H]1[C@@H](NC(=O)/C(=N/OCC(=O)O)c2csc(N)n2)C(=O)N1S(=O)(=O)O","0","train"
"NC(=O)c1cnn([C@H]2O[C@H](CO)[C@@H](O)[C@H]2O)n1","1","train"
"NC1=NCc2ncn(COCCO)c2N1","1","train"
"NCC[C@@H](Oc1ccc(C(F)(F)F)cc1)c1ccccc1","1","train"
"NCC[C@H](O)C(=O)N[C@@H]1C[C@H](N)[C@@H](O[C@@H]2O[C@H](CN)[C@H](O)[C@@H](O)[C@H]2O)[C@H](O)[C@H]1O[C@H]1O[C@@H](CO)[C@@H](O)[C@H](N)[C@@H]1O","0","train"
"NCC[C@H](O)CN[C@@H]1C[C@H](N)[C@@H](O[C@@H]2O[C@@H](CN)[C@H](O)[C@H](O)[C@@H]2O)[C@H](O)[C@H]1O[C@H]1O[C@@H](CO)[C@H](O)[C@@H](N)[C@@H]1O","0","train"
"NCN.Nc1cccc(-c2csc(N)n2)c1","0","train"
"NCN.Nc1nc(-c2ccccc2)cs1","1","train"
"NC[C@H]1CC[C@@H](N)[C@H](O[C@H]2[C@@H](N)C[C@H](N)[C@@H](O[C@H]3O[C@H](CO)[C@@H](O)[C@H](N)[C@@H]3O)[C@@H]2O)O1","0","train"
"NC[C@H]1O[C@@H](O[C@@H]2[C@@H](O[C@H]3O[C@H](CO)[C@@H](O[C@@H]4O[C@H](CN)[C@H](O)[C@@H](O)[C@@H]4N)[C@@H]3O)[C@H](O)[C@@H](N)C[C@H]2N)[C@H](N)[C@@H](O)[C@@H]1O","0","train"
"NC[C@H]1O[C@H](O[C@H]2[C@@H](N)C[C@H](N)[C@H](O[C@H]3O[C@H](CO)[C@H](O)[C@@H](N)[C@@H]3O)[C@@H]2O)[C@@H](N)C[C@@H]1O","0","train"
"N[C@@H](C(=O)N[C@@H]1C(=O)N2C(C(=O)O)=C(Cl)CC[C@@H]12)c1ccccc1","0","train"
"N[C@@H](C(=O)N[C@@H]1C(=O)N2C(C(=O)O)=C(Cl)CS[C@@H]12)c1ccccc1","0","train"
"N[C@@H]1C[C@@H]1c1ccccc1","1","train"
"N[C@H]1N=C(Cl)Nc2c1ncn2[C@H]1C[C@@H](O)[C@@H](CO)O1","1","train"
"Nc1c2c(nc3ccccc13)CCC[C@H]2O","1","train"
"Nc1cc(OCC2CC2)c(C(=O)N[C@H]2CN3CCC2CC3)cc1Cl","1","train"
"Nc1ncc(/C(=N\O[C@H]2CCNC2=O)C(=O)N[C@@H]2C(=O)N3C(C(=O)O)=C(CN4C=CCC=C4)CS[C@@H]23)s1","0","train"
"O=C(CN1CC[C@]23CCCC[C@@H]2[C@H]1Cc1ccc(O)cc13)c1ccccc1","1","train"
"O=C(C[C@@H]1c2ccccc2C(=O)N1c1ccc2ccc(Cl)nc2n1)N1CCC2(CC1)OCCO2","1","train"
"O=C(Cc1cccs1)N[C@@H]1C(=O)N2C(C(=O)O)=C(CSC3=NCNN3)CS[C@@H]12","0","train"
"O=C(Cn1cnnn1)N[C@@H]1C(=O)N2C(C(=O)O)=C(CSc3nncs3)CS[C@@H]12","0","train"
"O=C(N[C@H](CO)[C@H](O)C1CCC([N+](=O)[O-])CC1)C(Cl)Cl","1","train"
"O=C(O)C1=C(CN2C=CC(CCS(=O)(=O)O)C=C2)CS[C@H]2[C@H](NC(=O)[C@H](NC(=O)c3nc[nH]c3C(=O)O)c3ccccc3)C(=O)N12","0","train"
"O=C(O)C1=C(CSc2nnnn2CS(=O)(=O)O)CS[C@@H]2[C@H](NC(=O)[C@@H](O)c3ccccc3)C(=O)N12","0","train"
"O=C1CCC(=O)N1C[C@@H]1CC[C@H]2CN(c3ncccn3)CCN2C1","1","train"
"O=C1CCN=C2C[C@H](c3ccccc3)CN12","1","train"
"O=C1CC[C@@H](C(=O)N[C@@H]2C[C@H]2c2ccccc2)N1","1","train"
"O=C1CC[C@@]2(CCC(=O)c3ccccc32)C(=O)N1","1","train"
"O=C1CC[C@@]2(O)[C@@H]3Cc4ccc(O)c5c4[C@]2(CCN3CC2CC2)[C@@H]1O5","1","train"
"O=C1CC[C@H]2[C@@H]3Cc4cccc(O)c4[C@]2(CCN3CC2CC2)C1","1","train"
"O=C1CN2CCO[C@@]2(c2ccccc2Cl)c2cc(Cl)ccc2N1","1","train"
"O=C1CN2CCO[C@]2(c2ccccc2F)c2cc(Br)ccc2N1","1","train"
"O=C1CN2CCO[C@]2(c2ccccc2F)c2cc(Cl)ccc2N1CCO","1","train"
"O=C1C[C@@H]2c3cc(Cl)ccc3O[C@]3(CCNC[C@H]23)N1","1","train"
"O=C1NC(=NC2CC2)O[C@@H]1c1ccccc1","1","train"
"O=C1NC(=O)[C@@]2(CCc3ccccc3C2)N1","1","train"
"O=C1NC(=O)[C@@]2(c3ccc(Cl)cc3)C[C@@H]12","1","train"
"O=C1NCCC[C@H]1N1C(=O)c2ccccc2S1(=O)=O","1","train"
"O=C1NCN(c2ccccc2)C12CCN(C[C@@H]1COc3ccccc3O1)CC2","1","train"
"O=C1Nc2ccc(Cl)nc2C(c2ccccc2Cl)=N[C@@H]1O","1","train"
"O=C1[C@H]2[C@@H]3C=C[C@@H]([C@H]4C=C[C@@H]34)[C@H]2C(=O)N1CCCCN1CCN(c2ncccn2)CC1","1","train"
"O=c1[nH]c2ccccc2c(=O)n1CCN1C[C@H]2[C@@H](c3ccc(F)cc3)C[C@H]2C1","1","train"
"OC(CN1CN=CN1)(CN1CN=CN1)c1ccc(F)cc1F","1","train"
"OC(c1ccccc1)(c1ccccc1)[C@H]1CCCCN1","1","train"
"OC(c1ccccc1)(c1ccccc1)[C@H]1C[C@@H]1c1ccncc1","1","train"
"OCCN1CCN(CC/C=C2\c3ccccc3COc3ccc(Cl)cc32)CC1","1","train"
"OCCN1CCN([C@H]2C[C@H](c3ccc(F)cc3)c3ccc(C(F)(F)F)cc32)CC1","1","train"
"OCCOCCOCCN1CCN([C@H](c2ccccc2)c2ccc(Cl)cc2)CC1","1","train"
"OC[C@H](O)[C@@H]1O[C@@H]2O[C@H](C(Cl)(Cl)Cl)O[C@H]2[C@H]1O","1","train"
"OC[C@H]1O[C@@H](n2cnc3c2NC=NC[C@H]3O)C[C@H]1O","1","train"
"OCc1ccccc1O[C@H]1O[C@@H](CO)[C@H](O)[C@@H](O)[C@@H]1O","1","train"
"O[C@@H](Cn1ccnc1)c1ccc(CCc2ccccc2)cc1","1","train"
"O[C@H](CCCN1CCc2c(c3cc(F)ccc3n2-c2ccc(F)cc2)C1)c1ccc(F)cc1","1","train"
"O[C@H](CN1CCCCC1)c1cc(-c2ccccc2)on1","1","train"
"O[C@]1(c2ccccc2Cl)C2=NCCCN2c2ccccc21","1","train"
"Oc1ccc2c(c1)[C@]13CCCC[C@]1(O)[C@H](C2)N(CC1CC1)CC3","1","train"
"Oc1ccc2c(c1)[C@]13CCCC[C@]1(O)[C@H](C2)N(CC1CCC1)CC3","1","train"
"Oc1ccc2c3c1O[C@H]1[C@H](O)CC[C@]4(O)[C@@H](C2)N(CC2CCC2)CC[C@]314","1","train"
"S=C1NCC[C@H](COc2ccccc2)O1","1","train"
"c1ccc(C2(c3ccccc3)OC[C@@H]([C@H]3CCCCN3)O2)cc1","1","train"
"c1ccc([C@@H]2CN3CCS[C@H]3N2)cc1","1","train"
"c1ccc([C@@H]2CN[C@H]3NCCN32)cc1","1","train"
"c1ccc([C@H]2CCN(C[C@@H]3CCCc4c3ccc3c4OCO3)C2)cc1","1","train"
"c1ccc2c(c1)CCN1CCNC[C@@H]21","1","train"
"c1ccc2c(c1)CCc1cccc3c1[C@@H]2CN1CCCC[C@H]31","1","train"
"c1ccc2c(c1)CCc1ccccc1N2[C@@H]1CN2CCC1CC2","1","train"
"c1ccc2c(c1)Sc1ccccc1N2C[C@H]1CN2CCC1CC2","1","train"
"C#Cc1cccc(Nc2ncnc3cc(OCCOC)c(OCCOC)cc23)c1","1","train"
"CC1=c2ccc(N(C)c3ccnc(Cc4ccc(C)c(S(N)(=O)=O)c4)n3)cc2=NC1C","1","train"
"CCC(=O)NCC[C@@H]1CCc2ccc3c(c21)CCO3","1","train"
"CCCN1C[C@@H](CSC)CC2c3cccc4[nH]cc(c34)C[C@@H]21","1","train"
"CCN(CC)CCNC(=O)c1c(C)[nH]c(/C=C2\C(=O)Nc3ccc(F)cc32)c1C","1","train"
"CCN1CCN(Cc2ccc(-c3cc4c(NC(C)c5ccccc5)ncnc4[nH]3)cc2)CC1","1","train"
"CCOC(=O)c1cncn1[C@H](C)c1ccccc1","1","train"
"CN1CCC(c2c(O)cc(O)c3c(=O)cc(-c4ccccc4Cl)oc23)C(O)C1","1","train"
"CN1CC[C@]23c4c5ccc(O)c4O[C@@H]2C(=O)CCC3(O)[C@H]1C5","1","train"
"CN1C[C@H](C(=O)N[C@]2(C)O[C@@]3(O)[C@@H]4CCCN4C(=O)[C@H](Cc4ccccc4)N3C2=O)C=C2c3cccc4[nH]cc(c34)C[C@H]21","1","train"
"CNC(=O)c1cc(Oc2ccc(NC(=O)Nc3ccc(Cl)c(C(F)(F)F)c3)cc2)ccn1","1","train"
"CNCC[C@@H](Oc1cccc2ccccc12)c1cccs1","1","train"
"COC(=O)[C@H](c1ccccc1)[C@H]1CCCCN1","1","train"
"Cc1cc(C)c(/C=C2\C(=O)Nc3ccccc32)[nH]1","1","train"
"NC(=O)N1c2ccccc2CCc2ccccc21","1","train"
"c1ccc(-c2cc(-c3ccccc3)c(N3CCN(c4ncccn4)CC3)nn2)cc1","1","train"
"C#C[C@@]1(O)CC[C@@H]2[C@@H]3CCC4=CC(=O)CC[C@@H]4[C@@H]3C=C[C@@]21CC","1","train"
"C#C[C@@]1(O)CC[C@@H]2[C@@H]3CCC4=CCCC[C@@H]4[C@@H]3CC[C@@]21C","1","train"
"C#C[C@@]1(O)CC[C@@H]2[C@@H]3CC[C@@H]4CC(=O)CCC4=C3[C@H](c3ccc(N(C)C)cc3)C[C@@]21C","1","train"
"C#C[C@@]1(OC(C)=O)CC[C@@H]2[C@@H]3CCC4=CC(=NO)CC[C@@H]4[C@@H]3CC[C@@]21CC","1","train"
"C#C[C@@]1(OC(C)=O)CC[C@@H]2[C@@H]3CCC4=C[C@@H](OC(C)=O)CC[C@@H]4[C@@H]3CC[C@@]21C","1","train"
"C#C[C@](C)(O)CC","1","train"
"C#C[C@]1(O)CC[C@H]2[C@H]3CCC4=Cc5c(cnn5-c5ccc(F)cc5)C[C@@]4(C)[C@@H]3CC[C@@]21C","1","train"
"C/C=C/C[C@@H](C)[C@@H](O)[C@H]1C(=O)N[C@H](CC)C(=O)N(C)CC(=O)N(C)[C@H](CC(C)C)C(=O)N[C@@H](C(C)C)C(=O)N(C)[C@H](CC(C)C)C(=O)N[C@@H](C)C(=O)N[C@@H](C)C(=O)N(C)[C@H](CC(C)C)C(=O)N(C)[C@H](CC(C)C)C(=O)N(C)[C@@H](C(C)C)C(=O)N1C","0","train"
"C=C(N[C@@H]1C(=O)N2C(C(=O)O)=C(COC(C)=O)CS[C@@H]12)C(=NOC)c1csc(N)n1","0","train"
"C=C1C[C@@H]2[C@@H]3CCC4=CC(=O)C=C[C@@]4(C)[C@@H]3[C@@H](O)C[C@]2(C)[C@]1(O)C(=O)CO","1","train"
"C=C1C[C@@H]2[C@@H]3CCC4=CC(=O)C=C[C@@]4(C)[C@@]3(F)[C@@H](O)C[C@@]2(C)[C@]1(O)C(=O)CO","1","train"
"C=C1C[C@H](C)[C@@H]2[C@@H]3Cc4ccc(O)cc4[C@]2(CCN3CC2CCC2)C1","1","train"
"C=C1c2c(Cl)ccc(O)c2C(O)=C2C(=O)[C@]3(O)C(O)=C(C(N)=O)C(=O)[C@H](N(C)C)[C@@H]3[C@@H](O)[C@H]12","0","train"
"C=C1c2cccc(O)c2C(O)=C2C(=O)[C@]3(O)C(O)=C(C(N)=O)C(=O)[C@H](N(C)C)[C@@H]3[C@@H](O)[C@H]12","0","train"
"C=CC1=C(C(=O)O)N2C(=O)[C@H](NC(=O)C(=NO)c3csc(N)n3)[C@@H]2SC1","0","train"
"C=CC1=C(C(=O)O)N2C(=O)[C@H](NC(=O)C(=NOCC(=O)O)c3csc(N)n3)[C@@H]2SC1","0","train"
"C=CCC1([C@@H](C)CC)C(=O)NC(=O)NC1=O","1","train"
"C=CCN1C(=O)[C@@H](CC(C)C)NC1=S","1","train"
"C=CCN1CCC[C@@H]1CNC(=O)c1cc(S(=O)(=O)NC)c(N)cc1OC","1","train"
"C=CCN1CC[C@@]23c4c5ccc(O)c4O[C@H]2C(=O)CC[C@@]3(O)[C@@H]1C5","1","train"
"C=CCN1CC[C@@]23c4c5ccc(OC(C)=O)c4O[C@@H]2[C@@H](OC(C)=O)C=C[C@H]3[C@H]1C5","1","train"
"C=CCN1CC[C@]23c4c5ccc(O)c4O[C@@H]2[C@]2(OC)C=C[C@]3(C[C@@H]2[C@](C)(O)CCC)[C@H]1C5","1","train"
"C=CCN1C[C@@H](C(=O)N(CCCN(C)C)C(=O)NCC)C[C@H]2c3cccc4[nH]cc(c34)C[C@H]21","1","train"
"C=CC[C@@]1([C@@H](C)CCC)C(=C)NC(O)=NC1=O","1","train"
"C=CC[C@]1([C@@H](C)C#CCC)C(=O)NC(=O)N(C)C1=O","1","train"
"C=CC[N@+]12CC[C@@]34c5ccccc5N5C=C6[C@H]7C[C@H]8[C@]9(CC[N@@+]8(CC=C)C/C7=C\CO)c7ccccc7N(C=C([C@@H]53)[C@H](C[C@H]41)/C(=C/CO)C2)[C@@H]69","0","train"
"C=C[C@@H]1CN2CC[C@@H]1C[C@@H]2[C@@H](O)c1ccnc2ccc(OC)cc12","1","train"
"C=C[C@@]12CC[C@@H](O[C@H]3C[C@@H](OC)[C@@H](O)[C@H](C)O3)C[C@]1(O)CC[C@@H]1[C@@H]2CC[C@]2(C)[C@H](C3=CC(=O)OC3)CC[C@@]12O","1","train"
"C=C[C@H]1CN2CC[C@@H]1C[C@@H]2[C@@H](O)c1ccnc2ccc(OC)cc12","1","train"
"C=N[C@H](C(=O)N[C@@H]1C(=O)N2[C@@H](C(=O)O)C(C)(C)S[C@H]12)c1ccccc1","0","train"
"CC#Cc1cn([C@@H]2O[C@H](CO)[C@@H](O)[C@H]2O)c(=O)[nH]c1=O","0","train"
"CC(=O)C1=C(O)[C@H](N)[C@H]2Cc3c(c(O)c4c(O)c(C)ccc4c3C)C(=O)[C@@]2(O)C1=O","0","train"
"CC(=O)N1CCN(c2ccc(OC[C@@H]3CO[C@@](Cn4ccnc4)(c4ccc(Cl)cc4Cl)O3)cc2)CC1","1","train"
"CC(=O)NCCC[C@@H](NC(C)=O)C(=O)O","1","train"
"CC(=O)NC[C@@H]1O[C@@H](O[C@H]2[C@@H](N)C[C@H](N)[C@H](O[C@@H]3O[C@@H](CO)[C@@H](O)[C@H](N)[C@@H]3O)[C@@H]2O)[C@@H](O)[C@@H](O)[C@@H]1O","0","train"
"CC(=O)Nc1ccc(OC(=O)[C@H]2CCC(=O)N2)cc1","1","train"
"CC(=O)OCC(=O)[C@@]1(O)CC[C@@H]2[C@@H]3CCC4=CC(=O)CC[C@]4(C)[C@]3(F)[C@@H](O)C[C@@]21C","1","train"
"CC(=O)OCC(=O)[C@@]1(O)CC[C@H]2[C@H]3CCC4=CC(=O)C=C[C@@]4(C)[C@H]3[C@H](O)C[C@]21C","1","train"
"CC(=O)OCC(=O)[C@@]1(O)CC[C@H]2[C@H]3CCC4=CC(=O)CC[C@@]4(C)[C@H]3C(=O)C[C@]21C","1","train"
"CC(=O)OCC(=O)[C@@]1(O)CC[C@H]2[C@H]3CCC4=CC(=O)CC[C@@]4(C)[C@H]3[C@H](O)C[C@]21C","1","train"
"CC(=O)OCC(=O)[C@@]1(O)[C@@H](C)C[C@H]2[C@H]3C=C(C)C4=Cc5c(cnn5-c5ccccc5)C[C@@]4(C)[C@H]3[C@H](O)C[C@]21C","1","train"
"CC(=O)OCC(=O)[C@@]1(O)[C@@H](C)C[C@H]2[C@H]3C[C@H](F)C4=CC(=O)C=C[C@@]4(C)[C@H]3[C@H](O)C[C@]21C","1","train"
"CC(=O)OCC(=O)[C@@]12N=C(C)O[C@H]1C[C@H]1[C@H]3CCC4=CC(=O)C=C[C@@]4(C)[C@H]3[C@H](O)C[C@]12C","1","train"
"CC(=O)OCC(=O)[C@@]12OC(C)(C)O[C@H]1C[C@H]1[C@H]3C[C@H](F)C4=CC(=O)C=C[C@@]4(C)[C@@]3(F)[C@H](O)C[C@]12C","1","train"
"CC(=O)OCC(=O)[C@@]12OC3(CCCC3)O[C@H]1C[C@H]1[C@H]3CCC4=CC(=O)C=C[C@@]4(C)[C@@]3(F)[C@H](O)C[C@]12C","1","train"
"CC(=O)OCC(=O)[C@]1(O)CC[C@@H]2[C@@H]3C[C@H](C)C4=CC(=O)C=C[C@]4(C)[C@@H]3[C@@H](O)C[C@@]21C","1","train"
"CC(=O)OCC1=CO[C@@H](OC(=O)CC(C)(C)OC(C)=O)[C@@H]2C1=C[C@H](OC(=O)CC(C)C)[C@]21CO1","1","train"
"CC(=O)OCC1=CO[C@H](OC(=O)CC(C)C)[C@H]2C1=C[C@@H](OC(=O)CC(C)C)[C@@]21CO1","1","train"
"CC(=O)OCOC(=O)[C@H]1N2C(=O)[C@@H](NC(=O)Cc3ccccc3)[C@H]2SC1(C)C","0","train"
"CC(=O)O[C@@H](c1ccccc1)[C@H]1CCCCN1","1","train"
"CC(=O)O[C@@H]1CC[C@@]2(C)[C@H]3CC[C@]4(C)[C@@H](CC[C@@H]4[C@@H](C)CCCC(C)C)[C@H]3C[C@H](Br)[C@@]2(Br)C1","1","train"
"CC(=O)O[C@@H]1C[C@H]2C(COC(=O)CC(C)C)=CO[C@@H](OC(=O)CC(C)C)[C@@H]2[C@]12CO2","1","train"
"CC(=O)O[C@@H]1C[C@]2(C)[C@@H](C[C@@H](O)[C@H]3[C@@]4(C)CC[C@@H](O)[C@H](C)[C@@H]4CC[C@@]32C)C1=C(CCC=C(C)C)C(=O)O","0","train"
"CC(=O)O[C@@H]1[C@H]([N+]2(C)CCCCC2)C[C@@H]2[C@@H]3CC[C@@H]4C[C@@H](OC(C)=O)[C@@H](N5CCCCC5)C[C@]4(C)[C@@H]3CC[C@@]12C","0","train"
"CC(=O)O[C@@H]1[C@H]([N+]2(C)CCCCC2)C[C@@H]2[C@@H]3CC[C@@H]4C[C@@H](OC(C)=O)[C@@H]([N+]5(C)CCCCC5)C[C@]4(C)[C@@H]3CC[C@@]12C","0","train"
"CC(=O)O[C@@]1(C(C)=O)CC[C@@H]2[C@@H]3C[C@H](C)C4=CC(=O)C=C[C@]4(C)[C@]3(F)[C@@H](O)C[C@@]21C","1","train"
"CC(=O)O[C@H]1C(=O)[C@@]2(C)[C@H](O)C[C@H]3OC[C@@]3(OC(C)=O)[C@H]2[C@@H](OC(=O)c2ccccc2)[C@@]2(O)C[C@@H](OC(=O)[C@H](O)[C@@H](NC(=O)c3ccccc3)c3ccccc3)C(C)=C1C2(C)C","0","train"
"CC(=O)O[C@H]1C=CC(C)=CC[C@H](O)C=CC(C)=C[C@@H](NC(=O)C(C)=O)[C@]2(C)C(=O)O[C@@H](C1)[C@@H](C)C2=O","0","train"
"CC(=O)O[C@H]1C[C@@]2(C)[C@@H](C[C@@H](O)[C@@H]3[C@]4(C)CC[C@@H](O)[C@@H](C)[C@@H]4CC[C@]32C)/C1=C(/CCC=C(C)C)C(=O)O","1","train"
"CC(=O)O[C@]1(C(C)=O)CC[C@@H]2[C@@H]3C=C(Cl)C4=CC(=O)[C@H]5C[C@@H]5[C@]4(C)[C@@H]3CC[C@@]21C","1","train"
"CC(=O)Oc1ccc2c3c1O[C@H]1[C@H](OC(C)=O)C=C[C@H]4[C@@H](C2)N(C)CC[C@]341","1","train"
"CC(=O)Oc1ccc2c3c1O[C@H]1[C@H](OC(C)=O)C=C[C@H]4[C@H](C2)N(C)CCC[C@@]341","1","train"
"CC(=O)[C@@H]1CC[C@@H]2[C@@H]3CCC4=CC(=O)CC[C@]4(C)[C@@H]3CC[C@@]12C","1","train"
"CC(=O)[C@@H]1CC[C@@H]2[C@@H]3C[C@H](C)C4=CC(=O)C=C[C@]4(C)[C@@H]3[C@@H](O)C[C@]12C","1","train"
"CC(=O)[C@@]1(O)CC[C@H]2[C@H]3CCC4=CC(=O)C=C[C@@]4(C)[C@H]3[C@H](O)C[C@]21C","1","train"
"CC(=O)[C@@]1(O)[C@H](O)C[C@H]2[C@H]3CCC4=CC(=O)CC[C@@]4(C)[C@H]3CC[C@]21C","1","train"
"CC(=O)[C@@]12OC(C)(C)O[C@H]1C[C@H]1[C@H]3CCC4=CC(=O)C=C[C@@]4(C)[C@@]3(F)[C@H](O)C[C@]12C","1","train"
"CC(=O)[C@H]1CC[C@H]2[C@H]3CC=C4C[C@H](OC(=O)CCC(=O)O)CC[C@@]4(C)[C@H]3CC[C@@]12C","1","train"
"CC(=O)[C@H]1CC[C@H]2[C@H]3CC[C@H]4C[C@H](O)CC[C@@]4(C)[C@H]3C(=O)C[C@@]12C","1","train"
"CC(=O)[C@H]1CC[C@H]2[C@H]3C[C@H](O)[C@@]45C[C@H]4CC[C@@]5(C)[C@H]3CC[C@@]12C","1","train"
"CC(=O)[C@]1(N)Cc2c(O)c3c(c(O)c2[C@H](O[C@H]2C[C@H](O)[C@H](O)CO2)C1)C(=O)c1ccccc1C3=O","0","train"
"CC(=O)[C@]1(O)CC[C@@H]2[C@@H]3C[C@H](C)C4=CC(=O)C=C[C@]4(C)[C@]3(F)[C@@H](O)C[C@@]21C","1","train"
"CC(=O)[C@]1(O)Cc2c(O)c3c(c(O)c2[C@@H](O[C@@H]2C[C@H](N)[C@H](O)[C@@H](C)O2)C1)C(=O)c1c(O)cccc1C3=O","0","train"
"CC(=O)[C@]1(O)Cc2c(O)c3c(c(O)c2[C@@H](O[C@@H]2C[C@H](N)[C@H](O)[C@@H](C)O2)C1)C(=O)c1ccccc1C3=O","0","train"
"CC(C)(C(=O)O)c1ccc([C@H](O)CCCN2CCC(C(O)(c3ccccc3)c3ccccc3)CC2)cc1","0","train"
"CC(C)(C)C(=O)OCOC(=O)[C@H]1N2C(=O)[C@@H](N=CN3CCCCCC3)[C@H]2SC1(C)C","0","train"
"CC(C)(C)C(=O)OCOC(=O)[C@H]1N2C(=O)[C@@H](NC(=O)[C@H](N)c3ccccc3)[C@H]2SC1(C)C","0","train"
"CC(C)(C)C(=O)SCC(=O)[C@@]1(O)CC[C@H]2[C@H]3CCC4=CC(=O)CC[C@@]4(C)[C@H]3[C@H](O)C[C@]21C","1","train"
"CC(C)(C)CC(=O)OCC(=O)[C@@]1(O)CC[C@H]2[C@H]3CCC4=CC(=O)C=C[C@@]4(C)[C@H]3[C@H](O)C[C@]21C","1","train"
"CC(C)(C)CC(=O)OCC(=O)[C@@]12OC(C)(C)O[C@H]1C[C@H]1[C@H]3CC4=CC(=O)C=C[C@@]4(C)[C@@]3(F)[C@H](O)C[C@]12C","1","train"
"CC(C)(C)NC(=O)[C@H]1C[C@H]2CCCC[C@H]2CN1C[C@H](O)[C@@H](Cc1ccccc1)NC(=O)[C@@H](CC(N)=O)NC(=O)c1ccc2ccccc2n1","0","train"
"CC(C)(C)NC[C@@H](O)c1ccc(O)c(CO)n1","1","train"
"CC(C)(C)NC[C@H](O)COc1cccc2c1C[C@@H](O)[C@@H](O)C2","0","train"
"CC(C)(C)[C@@]1(O)CCN2C[C@H]3c4ccccc4CCc4cccc(c43)[C@H]2C1","1","train"
"CC(C)(C)[C@H](O)C=Cc1ccc2c(c1)OCO2","1","train"
"CC(C)(Oc1ccc(CCNC(=O)c2ccccc2)cc1)C(=O)O","1","train"
"CC(C)(Oc1ccc([C@@H]2CC2(Cl)Cl)cc1)C(=O)O","1","train"
"CC(C)=CCC1C(=O)N(c2ccccc2)N(c2ccccc2)C1=O","1","train"
"CC(C)=CCN1CC[C@]2(C)c3cc(O)ccc3C[C@@H]1[C@@H]2C","1","train"
"CC(C)=CCN1CC[C@]2(C)c3cc(O)ccc3C[C@@H]1[C@H]2C","1","train"
"CC(C)C(=O)OCc1cccc(OC(=O)[C@H]2N3C(=O)[C@@H](NC(=O)Cc4ccccc4)[C@H]3SC2(C)C)c1","0","train"
"CC(C)CCC[C@H](C)[C@@H]1CC[C@@H]2[C@@H]3CC=C4C[C@@H](O)CC[C@]4(C)[C@@H]3CC[C@]12C","1","train"
"CC(C)COC[C@@H](CN(Cc1ccccc1)c1ccccc1)N1CCCC1","0","train"
"CC(C)COC[C@@H](CN1CCCC1)N(Cc1ccccc1)c1ccccc1","1","train"
"CC(C)C[C@@H](CN)CC(=O)O","1","train"
"CC(C)C[C@@H](N(C)C)C1(c2ccc(Cl)cc2)CCC1","1","train"
"CC(C)C[C@H](N)C(=O)N[C@@H](CCCN)C(=O)N[C@@H](C(=O)N[C@@H](CCCN)C(=O)N1CCC[C@H]1C(=O)N[C@H](C=O)Cc1ccccc1)C(C)C","0","train"
"CC(C)C[C@H]1NC(=O)[C@@H](CCCN)NC(=O)[C@H](C(C)C)NC(=O)[C@H]2CCCN2C(=O)[C@@H](Cc2ccccc2)NC(=O)[C@@H](CC(C)C)NC(=O)[C@@H](CCCN)NC(=O)[C@H](C(C)C)NC(=O)[C@H]2CCCN2C(=O)[C@@H](Cc2ccccc2)NC1=O","0","train"
"CC(C)N(CC[C@](C(N)=O)(c1ccccc1)c1cccnc1)C(C)C","1","train"
"CC(C)NC[C@@H]1CCc2cc(CO)c([N+](=O)[O-])cc2N1","1","train"
"CC(C)[C@@H]1NC(=O)[C@H](C)OC(=O)[C@H](C(C)C)NC(=O)[C@H](C(C)C)OC(=O)[C@H](C(C)C)NC(=O)[C@H](C)OC(=O)[C@H](C(C)C)NC(=O)[C@H](C)COC(=O)[C@@H](C(C)C)NC(=O)[C@H](C)OC(=O)[C@H](C(C)C)NC(=O)[C@H](C)COC1=O","0","train"
"CC(C)[C@@]1(O)CCN2C[C@H]3c4ccccc4CCc4cccc(c43)[C@H]2C1","1","train"
"CC(C)[N+]1(C)[C@@H]2CC[C@@H]1CC(OC(=O)[C@@H](CO)c1ccccc1)C2","0","train"
"CC(C)n1c(/C=C/[C@H](O)C[C@@H](O)CC(=O)O)c(-c2ccc(F)cc2)c2ccccc21","1","train"
"CC(C)n1c(/C=C/[C@H](O)C[C@H](O)CC(=O)O)c(-c2ccc(F)cc2)c2ccccc21","1","train"
"CC(C)n1cc2c3c(cccc31)[C@@H]1C[C@@H](C(=O)NC3CCCCC3)CN(C)[C@@H]1C2","1","train"
"CC/C=C(/C(=O)N[C@H]1C(=O)N2C(C(=O)O)=C(COC(N)=O)CS[C@@H]12)c1csc(N)n1","0","train"
"CC1(C)NC(=O)[C@H](C=Cc2ccccc2)O1","1","train"
"CC1(C)O[C@H]2CO[C@@]3(COS(N)(=O)=O)OC(C)(C)O[C@H]3[C@H]2O1","1","train"
"CC1(C)O[C@H]2CO[C@]3(COS(N)(=O)=O)OC(C)(C)O[C@H]3[C@@H]2O1","1","train"
"CC1(C)O[C@H]2C[C@H]3[C@@H]4CCC5=CC(=O)C=C[C@H]5[C@]4(F)[C@H](O)C[C@]3(C)[C@@]2(C(=O)CO)O1","1","train"
"CC1(C)O[C@H]2C[C@H]3[C@@H]4C[C@H](F)C5=CC(=O)C=C[C@]5(C)[C@H]4[C@H](O)C[C@@]3(C)[C@@]2(C(=O)CO)O1","1","train"
"CC1(C)O[C@H]2C[C@H]3[C@H]4CCC5=CC(=O)C=C[C@@]5(C)[C@@]4(F)[C@H](O)C[C@@]3(C)[C@]2(C(=O)CO)O1","1","train"
"CC1(C)O[C@H]2C[C@H]3[C@H]4CCC5=CC(=O)CC[C@@]5(C)[C@@]4(F)[C@H](O)C[C@@]3(C)[C@]2(C(=O)CCl)O1","1","train"
"CC1(C)O[C@H]2C[C@H]3[C@H]4CC[C@H]5CC(=O)CC[C@@]5(C)[C@@]4(F)[C@H](O)C[C@@]3(C)[C@]2(C(=O)CO)O1","1","train"
"CC1(C)O[C@H]2C[C@H]3[C@H]4C[C@H](F)C5=CC(=O)C=C[C@@]5(C)[C@@]4(Cl)[C@H](Cl)C[C@@]3(C)[C@]2(C(=O)CCl)O1","1","train"
"CC1(C)O[C@H]2C[C@H]3[C@H]4C[C@H](F)C5=CC(=O)C=C[C@@]5(C)[C@@]4(Cl)[C@H](Cl)C[C@@]3(C)[C@]2(C(=O)CF)O1","1","train"
"CC1(C)O[C@H]2C[C@H]3[C@H]4C[C@H](F)C5=CC(=O)C=C[C@@]5(C)[C@@]4(Cl)[C@H](Cl)C[C@@]3(C)[C@]2(C(=O)CO)O1","1","train"
"CC1(C)O[C@H]2C[C@H]3[C@H]4C[C@H](F)C5=CC(=O)C=C[C@@]5(C)[C@@]4(F)[C@H](O)C[C@@]3(C)[C@]2(C(=O)CO)O1","1","train"
"CC1(C)O[C@H]2C[C@H]3[C@H]4C[C@H](F)C5=CC(=O)C=C[C@@]5(C)[C@@]4(F)[C@H](O)C[C@@]3(C)[C@]2(C(=O)COC(=O)C2CC2)O1","1","train"
"CC1(C)S[C@@H]2[C@H](N3C(=O)[C@H](c4ccc(O)cc4)NC3(C)C)C(=O)N2[C@H]1C(=O)O","0","train"
"CC1(C)S[C@@H]2[C@H](N3C(=O)[C@H](c4ccccc4)NC3(C)C)C(=O)N2[C@H]1C(=O)O","0","train"
"CC1(C)S[C@@H]2[C@H](NC(=O)[C@@H](C(=O)O)c3ccccc3)C(=O)N2[C@H]1C(=O)O","0","train"
"CC1(C)S[C@@H]2[C@H](NC(=O)[C@@H](C(=O)O)c3ccsc3)C(=O)N2[C@H]1C(=O)O","0","train"
"CC1(C)S[C@@H]2[C@H](NC(=O)[C@@H](C(=O)Oc3ccccc3)c3ccccc3)C(=O)N2[C@H]1C(=O)O","0","train"
"CC1(C)S[C@@H]2[C@H](NC(=O)[C@@H](NC(=O)CN=C(N)c3ccncc3)c3ccccc3)C(=O)N2[C@H]1C(=O)O","0","train"
"CC1(C)S[C@@H]2[C@H](NC(=O)[C@@H](NC(=O)Cc3ccc(C4=NCCCN4)cc3)c3ccccc3)C(=O)N2[C@H]1C(=O)O","0","train"
"CC1(C)S[C@@H]2[C@H](NC(=O)[C@@H](NC(=O)Nc3cnc(Nc4ccc(S(N)(=O)=O)cc4)[nH]c3=O)c3ccc(O)cc3)C(=O)N2[C@H]1C(=O)O","0","train"
"CC1(C)S[C@@H]2[C@H](NC(=O)[C@@H](NC(=O)c3c[nH]c4cccnc4c3=O)c3ccccc3)C(=O)N2[C@H]1C(=O)O","0","train"
"CC1(C)S[C@@H]2[C@H](NC(=O)[C@@H](NS(=O)(=O)O)c3ccccc3)C(=O)N2[C@H]1C(=O)O","0","train"
"CC1(C)S[C@@H]2[C@H](NC(=O)[C@@H](c3ccccc3)S(=O)(=O)O)C(=O)N2[C@H]1C(=O)O","0","train"
"CC1(C)S[C@@H]2[C@H](NC(=O)[C@H](N)c3ccccc3)C(=O)N2[C@H]1C(=O)OCOC(=O)[C@H]1N2C(=O)C[C@H]2S(=O)(=O)C1(C)C","0","train"
"CC1(C)S[C@@H]2[C@H](NC(=O)[C@H](N)c3ccccc3)C(=O)N2[C@H]1C(=O)O[C@H]1OC(=O)c2ccccc21","0","train"
"CC1(C)S[C@H]2[C@@H](NC(=O)[C@@H](C(=O)O)c3ccsc3)C(=O)N2[C@@H]1C(=O)O","0","train"
"CC1(C)S[C@H]2[C@@H](NC(=O)[C@@H](NC(=O)N3CCN(S(C)(=O)=O)C3=O)c3ccccc3)C(=O)N2[C@@H]1C(=O)O","0","train"
"CC1(C)S[C@H]2[C@@H](NC(=O)[C@@H](NC(=O)N3CCNC3=O)c3ccccc3)C(=O)N2[C@@H]1C(=O)O","0","train"
"CC1(C)S[C@H]2[C@@H](NC(=O)[C@@H](Oc3ccccc3)c3ccccc3)C(=O)[C@H]2[C@H]1C(=O)O","0","train"
"CC1(C)[C@H](NC/C(=N/OCC(=O)O)c2csc(N)n2)C(=O)N1OS(=O)(=O)O","0","train"
"CC1(C)[C@H]2CC[C@@]1(C)C(=O)C2","1","train"
"CC1=C(C(=O)OCC(=O)OC(C)(C)C)N2C(=O)[C@@H](NC(=O)[C@H](N)c3ccccc3)[C@H]2SC1","0","train"
"CC1=NNC2=CN=C(c3ccccc3Cl)c3cc(Cl)ccc3N21","1","train"
"CC=CC(=O)N(CCC)[C@@H](CC)C(=O)N(C)C","1","train"
"CCC#CC[C@H](C)[C@@H](O)C#C[C@H]1[C@@H](O)C[C@H]2C/C(=C/COCC(=O)O)C[C@H]12","1","train"
"CCC(=O)C(c1ccccc1)(c1ccccc1)[C@H](C)CN(C)C","1","train"
"CCC(=O)N(c1ccc(Cl)c(Cl)c1)[C@H]1CCC[C@H]1N(C)C","1","train"
"CCC(=O)N1CCN(C(=O)O[C@@H]2C3=C(SCCS3)C(=O)N2c2ccc3ccc(Cl)nc3n2)CC1","1","train"
"CCC(=O)OCC(=O)[C@@]1(OC(=O)CC)[C@H](C)C[C@H]2[C@@H]3[C@H]([C@H](O)C[C@]21C)[C@]1(C)C=CC(=O)C=C1C[C@H]3Cl","1","train"
"CCC(=O)OCC(=O)[C@@]12OC(C)(C)O[C@H]1C[C@H]1[C@H]3C[C@H](F)C4=CC(=O)C=C[C@@]4(C)[C@@]3(F)[C@H](O)C[C@]12C","1","train"
"CCC(=O)O[C@@](Cc1ccccc1)(c1ccccc1)[C@H](C)CN(C)C","1","train"
"CCC(=O)O[C@@]1(CCN(C)CCCc2nc3ccccc3[nH]2)CCc2cc(F)ccc2[C@@H]1C(C)C","1","train"
"CCC(=O)O[C@@]1(c2ccccc2)CCN(C)C[C@@H]1CC","1","train"
"CCC(=O)O[C@H]1CC(=O)O[C@H](C)CC=CC=C[C@H](O)[C@H](C)C[C@@H](CC=O)[C@@H](O[C@H]2O[C@H](C)[C@@H](O[C@H]3C[C@@](C)(O)[C@@H](OC(=O)CC)[C@H](C)O3)[C@@H](N(C)C)[C@@H]2O)[C@H]1OC","0","train"
"CCC(=O)O[C@H]1[C@@H](O[C@@H]2[C@@H](C)[C@H](O[C@H]3C[C@@](C)(OC)[C@H](O)[C@H](C)O3)[C@@H](C)C(=O)O[C@H](CC)[C@](C)(O)[C@@H](O)[C@@H](C)C(=O)[C@@H](C)C[C@]2(C)O)O[C@H](C)C[C@H]1N(C)C","0","train"
"CCC(=O)O[C@H]1[C@H](C)O[C@@H](O[C@@H]2[C@@H](C)C(=O)O[C@@H](C)[C@@H](C)[C@H](OC(=O)CC)[C@@H](C)C(=O)[C@]3(CO3)C[C@@H](C)[C@H](O[C@H]3O[C@H](C)C[C@@H](N(C)C)[C@@H]3O)[C@H]2C)C[C@H]1OC","0","train"
"CCC(=O)O[C@]1(C(=O)COC(C)=O)CC[C@H]2[C@H]3CCC4=CC(=O)CC[C@@]4(C)[C@H]3[C@H](O)C[C@]21C","1","train"
"CCC(=O)O[C@]1(C(=O)COC(C)=O)CC[C@H]2[C@H]3C[C@H](C)C4=CC(=O)C=C[C@@]4(C)[C@H]3[C@H](O)C[C@]21C","1","train"
"CCC(=O)[C@@]1(C)[C@H](C)C[C@H]2[C@H]3CCC4=CC(=O)C=C[C@@]4(C)[C@H]3[C@H](O)C[C@]21C","1","train"
"CCC(=O)[C@@]1(O)CC[C@H]2[C@H]3CCC4=CC(=O)CC[C@@]4(C)[C@H]3[C@H](O)C[C@]21C","1","train"
"CCC(C)(C)C(=O)O[C@H]1C[C@H](C)C=C2C=C[C@H](C)[C@@H](CC[C@H]3C[C@H](O)CC(=O)O3)[C@H]21","1","train"
"CCC1(CC)O[C@H]2C[C@H]3[C@H]4CCC5=CC(=O)C=C[C@@]5(C)[C@@]4(F)[C@H](O)C[C@@]3(C)[C@]2(C(=O)CO)O1","1","train"
"CCCC(=O)O[C@@]1(C(=O)CCl)[C@H](C)C[C@H]2[C@H]3CCC4=CC(=O)C=C[C@@]4(C)[C@@]3(F)C(=O)C[C@]21C","1","train"
"CCCC(=O)O[C@]1(C(=O)CO)CC[C@H]2[C@H]3CCC4=CC(=O)CC[C@@]4(C)[C@H]3[C@H](O)C[C@]21C","1","train"
"CCCC(=O)O[C@]1(C(=O)COC(=O)CC)CC[C@H]2[C@H]3CCC4=CC(=O)CC[C@@]4(C)[C@H]3[C@H](O)C[C@]21C","1","train"
"CCCC(=O)O[C@]1(C(=O)COC(C)=O)CC[C@H]2[C@H]3C[C@H](C)C4=CC(=O)CC[C@@]4(C)[C@H]3[C@H](O)C[C@]21C","1","train"
"CCCC(=O)[C@]1(c2ccccc2)CCC=C[C@@H]1N(C)C","1","train"
"CCCCC(=O)O[C@]1(C(=O)CO)CC[C@H]2[C@H]3CCC4=CC(=O)C=C[C@@]4(C)[C@H]3[C@H](O)C[C@]21C","1","train"
"CCCCC(=O)O[C@]1(C(=O)CO)CC[C@H]2[C@H]3CCC4=CC(=O)CC[C@@]4(C)[C@H]3[C@H](O)C[C@]21C","1","train"
"CCCCC(=O)O[C@]1(C(=O)CO)CC[C@H]2[C@H]3C[C@H](F)C4=CC(=O)C=C[C@@]4(C)[C@H]3[C@H](O)C[C@]21C","1","train"
"CCCCCC(=O)CC[C@@]1(C)[C@H]2Cc3ccc(O)cc3[C@@]1(C)CCN2C","1","train"
"CCCCCC(=O)OCC(=O)[C@H]1[C@H](C)C[C@H]2[C@H]3C[C@H](F)C4=CC(=O)C=C[C@@]4(C)[C@H]3[C@H](O)C[C@@]12C","1","train"
"CCCCCC(=O)O[C@]1(C(C)=O)CC[C@@H]2[C@@H]3C=CC4=CC(=O)CC[C@]4(C)[C@@H]3CC[C@@]21C","1","train"
"CCCCCCC(C)(C)c1cc(O)c2c(c1)OC(C)(C)[C@H]1CCC(=O)C[C@@H]21","1","train"
"CCCCCCCCCCCCCC(=O)O[C@H]1C=C[C@H]2[C@H]3Cc4ccc(OCc5ccccc5)c5c4[C@]2(CCN3C)[C@@H]1O5","1","train"
"CCCCCCCCCCCCCCCCCC(=O)OCC(=O)OCC(=O)[C@@]1(O)CC[C@H]2[C@H]3CCC4=CC(=O)C=C[C@@]4(C)[C@H]3[C@H](O)C[C@]21C","1","train"
"CCCCCCCCC[C@@]1(C)OC[C@@H](COC(N)=O)O1","1","train"
"CCCCCN[C@]12C=CC(=O)[C@H]3Oc4c(O)ccc5c4[C@@]31CCN(C)[C@@H]2C5","1","train"
"CCCCCOC(=O)Nc1nc(=O)n([C@@H]2O[C@@H](C)[C@@H](O)[C@H]2O)cc1F","1","train"
"CCCCC[C@H]1CN[C@H](C(=O)N[C@@H]([C@@H](C)Cl)[C@H]2O[C@@H](SC)[C@H](O)[C@H](O)[C@@H]2O)C1","0","train"
"CCCCNC(=O)OC[C@@](C)(CCC)COC(N)=O","1","train"
"CCCCOC(=O)C(=O)[C@H]1[C@H](C)C[C@H]2[C@H]3C[C@H](F)C4=CC(=O)C=C[C@@]4(C)[C@H]3[C@H](O)C[C@@]12C","1","train"
"CCCC[C@@H](CC)CNC(=O)C[C@@H](C)O","1","train"
"CCCC[C@@H]1C(=O)N(c2ccccc2)N(c2ccc(O)cc2)C1=O","1","train"
"CCCC[C@H]1CC(=O)[C@@]2(O)O[C@H]3[C@@H](NC)[C@H](O)[C@@H](NC)[C@H](O)[C@H]3O[C@H]2O1","0","train"
"CCCC[C@](C)(O)C/C=C/[C@@H]1[C@H](CCCCCCC(=O)OC)C(=O)C[C@H]1O","1","train"
"CCCC[N+]1(C)[C@@H]2CC(OC(=O)[C@@H](CO)c3ccccc3)C[C@@H]1[C@H]1O[C@H]12","0","train"
"CCCN1C[C@@H](CSC)C[C@H]2c3cccc4[nH]cc(c34)C[C@H]21","1","train"
"CCCN1C[C@H](NS(=O)(=O)N(CC)CC)C[C@H]2Cc3c(O)cccc3C[C@H]21","1","train"
"CCCOC(=O)c1cncn1[C@H](C)c1ccccc1","1","train"
"CCC[C@@H](N[C@H](C)C(=O)N1[C@H](C(=O)O)C[C@@H]2CCCC[C@@H]21)C(=O)OCC","1","train"
"CCC[C@@H]1C[C@H](C(=O)N[C@@H]([C@H](C)Cl)[C@@H]2O[C@@H](SC)[C@@H](O)[C@@H](O)[C@@H]2O)N(C)C1","1","train"
"CCC[C@@H]1C[C@H](C(=O)N[C@@H]([C@H](C)O)[C@@H]2O[C@@H](SC)[C@@H](O)[C@@H](O)[C@@H]2O)N(C)C1","0","train"
"CCC[C@@](C)(O)[C@H]1C[C@]23C=C[C@@]1(OC)[C@H]1Oc4c(O)ccc5c4[C@@]12CCN(C)[C@@H]3C5","1","train"
"CCC[C@@](C)(O)[C@H]1C[C@]23C=C[C@@]1(OC)[C@H]1Oc4c(OC(C)=O)ccc5c4[C@@]12CCN(C)[C@@H]3C5","1","train"
"CCC[C@H]1C[C@H](C(=O)N[C@@H]([C@@H](C)Cl)[C@H]2O[C@@H](SC)[C@@H](OP(=O)(O)O)[C@H](O)[C@@H]2O)N(C)C1","0","train"
"CCC[C@H]1C[C@H](C(=O)N[C@@H]([C@@H](C)Cl)[C@H]2O[C@@H](SC)[C@H](O)[C@H](O)[C@@H]2O)N(C)C1","0","train"
"CCC[C@H]1C[C@H](C(=O)N[C@@H]([C@@H](C)O)[C@H]2O[C@@H](SC)[C@H](O)[C@H](O)[C@@H]2O)N(C)C1","0","train"
"CCC[C@H]1O[C@H]2C[C@H]3[C@H]4C[C@H](F)C5=CC(=O)C=C[C@@]5(C)[C@@]4(F)[C@H](O)C[C@@]3(C)[C@]2(C(=O)O[C@H](C)OC(=O)OCC)O1","1","train"
"CCC[C@H]1O[C@H]2C[C@H]3[C@H]4C[C@H](F)C5=CC(=O)CC[C@@]5(C)[C@@]4(F)[C@H](O)C[C@@]3(C)[C@]2(C(=O)CO)O1","1","train"
"CCCc1cc(C(N)=S)ccn1","1","train"
"CCCc1nc2c(n1Cc1ccc(-c3ccccc3C(=O)O)cc1)=C[C@H](c1nc3ccccc3n1C)CC=2C","1","train"
"CCN(CC)C(=O)COc1cc2c(O)c3c(O)c(C)c4c(c13)C(=O)[C@@](C)(OC=C[C@H](OC)[C@@H](C)[C@H](OC(C)=O)[C@@H](C)[C@@H](O)[C@@H](C)[C@@H](O)[C@@H](C)C=CC=C(C)C(=O)N2)O4","0","train"
"CCN(CC)C(=O)N[C@@H]1C=C2c3cccc4[nH]cc(c34)C[C@@H]2N(C)C1","1","train"
"CCN(CC)C(=O)N[C@H]1C[C@H]2c3cccc4[nH]cc(c34)C[C@H]2N(C)C1","1","train"
"CCN(CC)C(=O)[C@H]1CN2CCc3cc(OC)c(OC)cc3[C@H]2C[C@H]1OC(C)=O","1","train"
"CCN(CC)C(=O)[C@H]1[C@@H]2C=C[C@H](C2)[C@H]1C(=O)N(CC)CC","1","train"
"CCN(CC)C(=O)[C@]1(c2ccccc2)C[C@H]1CN","1","train"
"CCN(CC)C(C)=N/N=C/c1c2c(O)c3c(O)c(C)c4c(c3c1O)C(=O)[C@@](C)(OC=C[C@@H](OC)[C@H](C)[C@@H](OC(C)=O)[C@H](C)[C@H](O)[C@H](C)[C@H](O)[C@H](C)C=C/C=C(/C)C(=O)N2)O4","0","train"
"CCN(CC)CC(=O)OCC(=O)[C@@]1(O)CC[C@H]2[C@H]3CCC4=CC(=O)C=C[C@@]4(C)[C@H]3[C@H](O)C[C@]21C","1","train"
"CCN(CC)CC(=O)OCC(=O)[C@@]1(O)CC[C@H]2[C@H]3CCC4=CC(=O)CC[C@@]4(C)[C@H]3[C@H](O)C[C@]21C","1","train"
"CCN(CC)CCCCN(C)c1ccnc2cc(Cl)ccc12","1","train"
"CCN(CC)CCOC(=O)[C@H](Cc1ccc2ccccc2c1)C[C@H]1CCCO1","1","train"
"CCN(CC)S(=O)(=O)N[C@H]1C[C@H]2c3cccc4[nH]cc(c34)C[C@H]2N(C)C1","1","train"
"CCN(CCCCOC(=O)c1ccc(OC)c(OC)c1)[C@@H](C)Cc1ccc(OC)cc1","1","train"
"CCN(CCO)CC[C@H](C)Nc1ccnc2cc(Cl)ccc12","1","train"
"CCN1C(=O)N[C@H](c2ccccc2)C1=O","1","train"
"CCN1CCC[C@@H]1CNC(=O)c1c(OC)ccc(Br)c1OC","1","train"
"CCN1CCN(C(=O)N[C@@H](C(=O)N[C@H]2C(=O)N3C(C(=O)O)=C(CSc4nnnn4C)CS[C@@H]23)c2ccc(O)cc2)C(=O)C1=O","0","train"
"CCN1CCN(C(=O)N[C@@H](C(=O)N[C@H]2C(=O)N3[C@H]2SC(C)(C)[C@H]3C(=O)O)c2ccccc2)C(=O)C1=O","0","train"
"CCN1CC[C@H](CNC(=O)c2cc(S(N)(=O)=O)ccc2OC)C1","1","train"
"CCN1CC[C@]23[C@@H]4C=C[C@H](O)[C@@H]2OC2=C(O)C=C[C@H](C[C@@H]41)[C@@H]23","1","train"
"CCN1C[C@@H](C(=O)O)C(=O)c2ccc(C)nc21","1","train"
"CCN[C@@H](Cc1ccccc1)[C@H]1CCCO1","1","train"
"CCN[C@@H]1C[C@H](N)[C@H](O[C@@H]2C[C@@H](N)C=C(CN)O2)[C@H](O)[C@@H]1O[C@@H]1OC[C@@](C)(O)[C@@H](NC)[C@@H]1O","0","train"
"CCN[C@H]1C[C@H](N)[C@@H](O[C@H]2OC(CN)=CC[C@@H]2N)[C@H](O)[C@H]1O[C@H]1OC[C@@](C)(O)[C@@H](NC)[C@@H]1O","0","train"
"CCN[C@H]1[C@H]2CC[C@@H](C2)[C@H]1c1ccccc1","1","train"
"CCOC(=O)C1=C(C)NC(C)=C(C(=O)OC)[C@H]1c1cccc(Cl)c1Cl","0","train"
"CCOC(=O)C1=C(C)NC(C)=C(C(=O)OC)[C@H]1c1cccc([N+](=O)[O-])c1","0","train"
"CCOC(=O)C1=C(C)NC(C)=C(C(=O)OCC)C1c1ccccc1/C=C/C(=O)OC(C)(C)C","1","train"
"CCOC(=O)CCC(=O)O[C@@H]1[C@H](O[C@H]2[C@H](C)[C@@H](O[C@H]3C[C@@](C)(OC)[C@H](O)[C@H](C)O3)[C@H](C)C(=O)O[C@@H](CC)[C@@](C)(O)[C@H](O)[C@H](C)C(=O)[C@H](C)C[C@@]2(C)O)O[C@@H](C)C[C@H]1N(C)C","0","train"
"CCOC(=O)C[C@H](O)C[C@H](O)C=CC1=C(c2ccc(F)cc2)c2ccccc2OC12CCCC2","1","train"
"CCOC(=O)O[C@@H]1[C@H](O[C@H]2[C@H](C)[C@@H](O[C@H]3C[C@@](C)(OC)[C@H](O)[C@H](C)O3)[C@H](C)C(=O)O[C@@H](CC)[C@@](C)(O)[C@H](O)[C@H](C)C(=O)[C@H](C)C[C@@]2(C)O)O[C@@H](C)C[C@H]1N(C)C","0","train"
"CCOC(=O)O[C@H](C)OC(=O)[C@H]1N2C(=O)[C@@H](N=CN3CCCCCC3)[C@H]2SC1(C)C","0","train"
"CCOC(=O)O[C@]1(C(=O)COC(=O)CC)CC[C@H]2[C@H]3CCC4=CC(=O)C=C[C@@]4(C)[C@H]3[C@H](O)C[C@]21C","1","train"
"CCOC(=O)O[C@]1(C(=O)OCCl)CC[C@H]2[C@H]3CCC4=CC(=O)C=C[C@@]4(C)[C@H]3[C@H](O)C[C@]21C","1","train"
"CCOC(OCC)C(=O)OCC(=O)[C@]1(O)Cc2c(O)c3c(c(O)c2[C@H](O[C@H]2C[C@H](N)[C@H](O)[C@H](C)O2)C1)C(=O)c1c(OC)cccc1C3=O","0","train"
"CCO[C@H](Cc1ccc(OCCc2ccc(OS(C)(=O)=O)cc2)cc1)C(=O)O","1","train"
"CCO[C@H]1C[C@@]2(C)[C@@H](CC[C@@H]3[C@H]2[C@H](N(C)C)C[C@]2(C)[C@H](C(C)=O)CC[C@H]32)C[C@@H]1O","1","train"
"CCOc1cc(CC(=O)N[C@H](CC(C)C)c2ccccc2N2CCCCC2)ccc1C(=O)O","1","train"
"CCOc1ccc2ccccc2c1C(=O)N[C@H]1C(=O)N2[C@H]1SC(C)(C)[C@H]2C(=O)O","0","train"
"CCOc1ccccc1OCCN[C@@H](C)Cc1ccc(OC)c(S(N)(=O)=O)c1","1","train"
"CC[C@@H](C(=O)O)c1ccc(N2Cc3ccccc3C2=O)cc1","1","train"
"CC[C@@H](NC(=O)[C@H]1CCCN1C(=O)[C@@H](Cc1ccccc1)NC(=O)[C@H](N)CC(C)C)C(=O)N[C@H](CCCN)C(=O)N[C@H](CC(C)C)C(=O)N[C@H](Cc1ccccc1)C(=O)N1CCC[C@@H]1C(=O)N[C@H](CC)C(=O)N[C@H](C=O)CCCN","0","train"
"CC[C@@H](OC(C)=O)C(C[C@H](C)N(C)C)(c1ccccc1)c1ccccc1","1","train"
"CC[C@@H](OC(N)=O)C1CCCCC1","1","train"
"CC[C@@H](Oc1ccccc1)C(=O)N[C@H]1C(=O)N2[C@H]1SC(C)(C)[C@H]2C(=O)O","0","train"
"CC[C@@H]1C[C@H](OC(=O)C(O)(c2ccccc2)c2ccccc2)C[C@H](C)[N+]12CCCC2","0","train"
"CC[C@@H]1OC(=O)[C@@H](C)C(=O)[C@H](C)[C@@H](O[C@@H]2O[C@@H](C)C[C@@H](N(C)C)[C@@H]2O)[C@](C)(OC)C[C@H](C)C(=O)[C@H](C)[C@H]2N(CCCCn3cnc(-c4cccnc4)c3)C(=O)O[C@]12C","1","train"
"CC[C@@H]1OC(=O)[C@H](C)[C@@H](O[C@H]2C[C@@](C)(OC)[C@H](O)[C@H](C)O2)[C@H](C)[C@@H](O[C@@H]2O[C@@H](C)C[C@@H](N(C)C)[C@@H]2O)[C@](C)(O)C[C@@H](C)C(=O)[C@@H](C)[C@H](O)[C@]1(C)O","1","train"
"CC[C@@](C)(O)[C@H]1C[C@]23C=C[C@@]1(OC)[C@H]1Oc4c(OC)ccc5c4[C@@]12CCN(CC1CC1)[C@@H]3C5","1","train"
"CC[C@@]1(C)CC(=O)NC1=O","1","train"
"CC[C@@]1(O)CCN2CCc3ccc(C)cc3[C@H]2C1","1","train"
"CC[C@@]1(O)C[C@@H](O[C@H]2C[C@@H](N(C)C)[C@@H](O[C@H]3C[C@H](O)[C@@H](O[C@H]4CCC(=O)[C@H](C)O4)[C@H](C)O3)[C@H](C)O2)c2c(cc3c(c2O)C(=O)c2c(O)cccc2C3=O)[C@H]1C(=O)OC","0","train"
"CC[C@@]12C=CCN3CC[C@]4(c5cc([C@@]6(C(=O)OC)C[C@@H]7CN(CCc8c6[nH]c6ccccc86)C[C@@](O)(CC)C7)c(OC)cc5N(C)[C@H]4[C@@](O)(C(=O)OC)[C@H]1OC(C)=O)[C@H]32","0","train"
"CC[C@@]12C=CCN3CC[C@]4(c5cc([C@@]6(C(=O)OC)C[C@@H]7CN(CCc8c6[nH]c6ccccc86)C[C@@](O)(CC)C7)c(OC)cc5N(C)[C@H]4[C@@](O)(C(N)=O)[C@@H]1O)[C@H]32","0","train"
"CC[C@@]12C=CCN3CC[C@]4(c5cc([C@@]6(C(=O)OC)C[C@@H]7CN(CCc8c6[nH]c6ccccc86)C[C@@](O)(CC)C7)c(OC)cc5N(C=O)[C@H]4[C@@](O)(C(=O)OC)[C@H]1OC(C)=O)[C@H]32","0","train"
"CC[C@@]12CCN(CC3(O)CC3)[C@@H](Cc3ccc(O)cc31)C2(C)C","1","train"
"CC[C@@]12CCN(CC3CC3)[C@@H](Cc3ccc(O)cc31)C2(C)C","1","train"
"CC[C@@]12CCN(CC3CCC3)[C@@H](Cc3ccc(O)cc31)C2(C)C","1","train"
"CC[C@H](C)C(=O)O[C@H]1CCC=C2C=C[C@H](C)[C@@H](CC[C@H]3C[C@H](O)CC(=O)O3)[C@H]21","1","train"
"CC[C@H](C)C1(CC)C(=O)NC(=O)NC1=O","1","train"
"CC[C@H](C)[C@@H](CC)C(N)=O","1","train"
"CC[C@H](C)[C@@](C)(COC(N)=O)COC(=O)NC(C)C","1","train"
"CC[C@H](C)n1ncn(-c2ccc(N3CCN(c4ccc(OC[C@H]5CO[C@](Cn6cncn6)(c6ccc(Cl)cc6Cl)O5)cc4)CC3)cc2)c1=O","0","train"
"CC[C@H](CO)NC(=O)[C@H]1C=C2c3cccc4[nH]cc(c34)C[C@@H]2N(C)C1","1","train"
"CC[C@H](CO)NC(=O)[C@H]1C=C2c3cccc4c3c(cn4C)C[C@@H]2N(C)C1","1","train"
"CC[C@H](c1ccccc1)c1c(O)c2ccccc2oc1=O","1","train"
"CC[C@H]1C(=O)NC(=O)[C@@]1(C)c1ccccc1","1","train"
"CC[C@H]1C(C)=NN=C(c2ccc(OC)c(OC)c2)c2cc(OC)c(OC)cc21","1","train"
"CC[C@H]1CC(=O)[C@H]2Oc3c(OC)ccc4c3[C@@]23CCN(CC2CC2)[C@H](C4)[C@H]13","1","train"
"CC[C@H]1CN2CCc3cc(OC)c(OC)cc3[C@H]2C[C@H]1C[C@H]1NCCc2cc(OC)c(OC)cc21","0","train"
"CC[C@H]1NC(=O)[C@@H](NC(=O)c2ncccc2O)[C@H](C)OC(=O)[C@H](c2ccccc2)NC(=O)[C@H]2CC(=O)CCN2C(=O)[C@@H](Cc2ccc(N(C)C)cc2)N(C)C(=O)[C@H]2CCCN2C1=O","0","train"
"CC[C@H]1NC(=O)[C@@H](NC(=O)c2ncccc2O)[C@H](C)OC(=O)[C@H](c2ccccc2)NC(=O)[C@H]2CC(=O)CCN2C(=O)[C@@H](Cc2ccccc2)N(C)C(=O)[C@H]2CCCN2C1=O","0","train"
"CC[C@H]1NC(=O)[C@H]2CCCN2C(=O)[C@@H](Cc2ccccc2)NC(=O)[C@@H](CC(C)C)NC(=O)[C@@H](CCCN)NC(=O)[C@H](C(C)C)NC(=O)[C@H]2CCCN2C(=O)[C@@H](Cc2ccccc2)NC(=O)[C@@H](CC(C)C)NC(=O)[C@@H](CCCN)NC1=O","0","train"
"CC[C@H]1OC(=O)[C@H](C)[C@@H](O[C@H]2C[C@@](C)(OC)[C@H](O)[C@H](C)O2)[C@H](C)[C@@H](O[C@H]2O[C@H](C)C[C@@H](N(C)C)[C@@H]2O)[C@@](C)(O)C[C@@](C)(F)C(=O)[C@H](C)[C@H](O)[C@@]1(C)O","0","train"
"CC[C@H]1OC(=O)[C@H](C)[C@@H](O[C@H]2C[C@@](C)(OC)[C@H](O)[C@H](C)O2)[C@H](C)[C@@H](O[C@H]2O[C@H](C)C[C@@H](N(C)C)[C@@H]2O)[C@@](C)(O)C[C@H](C)C(=NOC)[C@H](C)[C@H](O)[C@@]1(C)O","0","train"
"CC[C@H]1OC(=O)[C@H](C)[C@@H](O[C@H]2C[C@@](C)(OC)[C@H](O)[C@H](C)O2)[C@H](C)[C@@H](O[C@H]2O[C@H](C)C[C@@H](N(C)C)[C@@H]2O)[C@@](C)(O)C[C@H](C)C(=NOCOCCOC)[C@H](C)[C@H](O)[C@@]1(C)O","0","train"
"CC[C@H]1OC(=O)[C@H](C)[C@@H](O[C@H]2C[C@@](C)(OC)[C@H](O)[C@H](C)O2)[C@H](C)[C@@H](O[C@H]2O[C@H](C)C[C@@H](N(C)C)[C@@H]2O)[C@@](C)(O)C[C@H](C)C(=O)[C@H](C)[C@H](O)[C@@H]1C","0","train"
"CC[C@H]1OC(=O)[C@H](C)[C@@H](O[C@H]2C[C@@](C)(OC)[C@H](O)[C@H](C)O2)[C@H](C)[C@@H](O[C@H]2O[C@H](C)C[C@@H](N(C)C)[C@@H]2O)[C@@](C)(O)C[C@H](C)C(=O)[C@H](C)[C@H](O)[C@@]1(C)O","0","train"
"CC[C@H]1OC(=O)[C@H](C)[C@@H](O[C@H]2C[C@@](C)(OC)[C@H](O)[C@H](C)O2)[C@H](C)[C@@H](O[C@H]2O[C@H](C)C[C@@H](N(C)C)[C@@H]2O)[C@@](C)(O)C[C@H](C)CN(C)[C@H](C)[C@H](O)[C@@]1(C)O","0","train"
"CC[C@H]1OC(=O)[C@H](C)[C@@H](O[C@H]2C[C@@](C)(OC)[C@H](O)[C@H](C)O2)[C@H](C)[C@@H](O[C@H]2O[C@H](C)C[C@@H](N(C)C)[C@@H]2O)[C@@](C)(O)C[C@H](C)[C@H]2N[C@@H](COCCOC)O[C@@H]([C@@H]2C)[C@@]1(C)O","0","train"
"CC[C@H]1OC(=O)[C@H](C)[C@@H](O[C@H]2C[C@@](C)(OC)[C@H](O)[C@H](C)O2)[C@H](C)[C@@H](O[C@H]2O[C@H](C)C[C@@H](N(C)C)[C@@H]2O)[C@](C)(OC)C[C@H](C)C(=O)[C@H](C)[C@H](O)[C@@]1(C)O","0","train"
"CC[C@]1(c2cccc(O)c2)CCCCN(C)C1","1","train"
"CC[C@]1(c2ccccc2)C(=O)NC(=O)N(C(=O)c2ccccc2)C1=O","1","train"
"CC[C@]1(c2ccccc2)NCC(=O)NC1=O","1","train"
"CC[C@]1(c2ccccc2)OC[C@H]([C@H]2CCCCN2)O1","1","train"
"CC[N+]1(C)[C@@H]2C[C@@H](OC(=O)[C@@H](CO)c3ccccc3)C[C@@H]1[C@H]1O[C@H]12","0","train"
"CCc1[nH]c(=O)[nH]c1C(=O)c1ccncc1","1","train"
"CCc1cccc2c1N[C@@H]1[C@H]2CCOC1(CC(=O)O)CC(=O)O","1","train"
"CCn1nnn(CCN2CC[C@@H](N(C(=O)COC)c3ccccc3F)[C@H](C)C2)c1=O","1","train"
"CN(C(=O)C(c1ccccc1)c1ccccc1)[C@@H](CN1CC[C@H](O)C1)c1ccccc1","1","train"
"CN(C(=O)CNC(=O)[C@H](N)CCCCN)c1ccc(Cl)cc1C(=O)c1ccccc1","1","train"
"CN(C)CCCOc1nn(Cc2ccccc2)c2ccccc12","1","train"
"CN(C)CCC[C@@H]1c2ccccc2COc2ccccc21","1","train"
"CN(C)CCN(c1ccc(Cl)cc1)c1ccccn1","1","train"
"CN(C)CCN1C(=O)C[C@H](c2ccccc2)Sc2ccccc21","1","train"
"CN(C)CCO[C@@](C)(c1ccccc1)c1ccc(Cl)cc1","1","train"
"CN(C)CCO[C@]1(Cc2ccccc2)C[C@H]2CC[C@@]1(C)C2(C)C","1","train"
"CN(C)CC[C@]1(c2ccccc2)C=Cc2ccccc21","1","train"
"CN(C)[C@H]1C(=O)C(C(=O)NCN2CCCC2)=C(O)[C@@]2(O)C(=O)C3=C(O)c4c(O)cccc4[C@@](C)(O)[C@H]3C[C@@H]12","0","train"
"CN(C)[C@H]1C(=O)C(C(N)=O)=C(O)[C@@]2(O)C(=O)C3=C(O)c4c(O)ccc(Cl)c4[C@@](C)(O)[C@H]3C[C@@H]12","0","train"
"CN(C)[C@H]1C(=O)C(C(N)=O)=C(O)[C@@]2(O)C(=O)C3=C(O)c4c(O)ccc(Cl)c4[C@H](O)[C@H]3C[C@@H]12","0","train"
"CN(C)[C@H]1C(=O)C(C(N)=O)=C(O)[C@@]2(O)C(=O)C3=C(O)c4c(O)cccc4[C@@](C)(O)[C@@H]3[C@H](O)[C@@H]12","1","train"
"CN(C)[C@H]1C(=O)C(C(N)=O)=C(O)[C@@]2(O)C(=O)C3=C(O)c4c(O)cccc4[C@@](C)(O)[C@H]3C[C@@H]12","0","train"
"CN(C)[C@H]1C(=O)C(C(N)=O)=C(O)[C@@]2(O)C(=O)C3=C(O)c4c(O)cccc4[C@@](C)(O)[C@H]3[C@H](O)[C@@H]12","0","train"
"CN(C)[C@H]1C(O)=C(C(=O)NCN2CCN(C(=N)NC(=N)N)CC2)C(=O)[C@@]2(O)C(O)=C3C(=O)c4c(O)cccc4[C@@](C)(O)[C@H]3C[C@@H]12","0","train"
"CN(C)[C@H]1C(O)=C(C(=O)NCN2CCN(CCO)CC2)C(=O)[C@@]2(O)C(O)=C3C(=O)c4c(O)cccc4[C@@](C)(O)[C@H]3C[C@@H]12","0","train"
"CN(C)[C@H]1C(O)=C(C(=O)NCNCCCC[C@H](N)C(=O)O)C(=O)[C@@]2(O)C(O)=C3C(=O)c4c(O)cccc4[C@@](C)(O)[C@H]3C[C@@H]12","0","train"
"CN(C)[C@H]1C(O)=C(C(=O)NCN[C@@H](C(=O)N[C@H]2C(=O)N3[C@H]2SC(C)(C)[C@H]3C(=O)O)c2ccccc2)C(=O)[C@@]2(O)C(O)=C3C(=O)c4c(O)cccc4[C@@](C)(O)[C@H]3C[C@@H]12","0","train"
"CN(C)[C@H]1C(O)=C(C(=O)NCO)C(=O)[C@@]2(O)C(O)=C3C(=O)c4c(O)ccc(Cl)c4[C@@](C)(O)[C@H]3C[C@@H]12","0","train"
"CN(C)[C@H]1C(O)=C(C(=O)N[C@H](C(=O)O)N2CCN(CCO)CC2)C(=O)[C@@]2(O)C(O)=C3C(=O)c4c(O)cccc4[C@@](C)(O)[C@H]3C[C@@H]12","0","train"
"CN(C)[C@H]1C(O)=C(C(N)=O)C(=O)[C@@]2(O)C(O)=C3C(=O)c4c(O)ccc([N+](=O)[O-])c4C[C@H]3C[C@@H]12","0","train"
"CN(C)[C@H]1C(O)=C(C(N)=O)C(=O)[C@@]2(O)C(O)=C3C(=O)c4c(O)cccc4[C@H](O)[C@H]3C[C@@H]12","0","train"
"CN(C)[C@H]1C(O)=C(C(N)=O)C(=O)[C@@]2(O)C(O)=C3C(=O)c4c(ccc(N)c4O)C[C@H]3C[C@@H]12","0","train"
"CN(CCN(C)CNC(=O)C1=C(O)[C@H](N(C)C)[C@@H]2C[C@H]3C(=C(O)[C@]2(O)C1=O)C(=O)c1c(O)cccc1[C@@]3(C)O)CNC(=O)C1=C(O)[C@@H](N(C)C)[C@H]2C[C@H]3C(=C(O)[C@@]2(O)C1=O)C(=O)c1c(O)cccc1[C@@]3(C)O","0","train"
"CN(N=O)C(=O)N[C@H]1[C@@H](O)O[C@@H](CO)[C@@H](O)[C@H]1O","0","train"
"CN1C(=O)C[C@](C)(c2ccccc2)C1=O","1","train"
"CN1C(=O)NC(=O)[C@](C)(C2=CCCCC2)C1=O","1","train"
"CN1C(C(=O)Nc2ccccn2)=C(O)c2sc(Cl)cc2S1(=O)=O","1","train"
"CN1C(C(=O)Nc2ccccn2)=Cc2sccc2S1(=O)=O","1","train"
"CN1CCC[C@@H](N2N[C@@H](Cc3ccc(Cl)cc3)c3ccccc3C2=O)CC1","1","train"
"CN1CCC[C@@H]1c1cccnc1","1","train"
"CN1CCN(CCCCN2C(=O)CN(/N=C\c3ccc(-c4ccc(Cl)cc4)o3)C2=O)CC1","1","train"
"CN1CC[C@@]23CCCC[C@H]2[C@H]1Cc1ccc(O)cc13","1","train"
"CN1CC[C@@]23c4c5ccc(O)c4O[C@@]2(C)C(=O)CC[C@H]3[C@H]1C5","1","train"
"CN1CC[C@@]23c4c5ccc(O)c4O[C@H]2[C@@H](O)C=C[C@@H]3[C@@H]1C5","1","train"
"CN1CC[C@@]23c4c5ccc(O)c4O[C@H]2[C@@](C)(O)CC[C@H]3[C@H]1C5","1","train"
"CN1CC[C@@]23c4c5ccc(O)c4O[C@H]2[C@H](O)C=C[C@H]3[C@H]1C5","1","train"
"CN1CC[C@@]23c4c5ccc(O)c4O[C@H]2[C@H](O)CC[C@@]3(O)[C@H]1C5","1","train"
"CN1CC[C@@]23c4c5ccc(OC(=O)c6cccnc6)c4O[C@H]2[C@H](OC(=O)c2cccnc2)C=C[C@H]3[C@H]1C5","1","train"
"CN1C[C@@H](C(=O)N[C@]2(C)O[C@@]3(O)[C@@H]4CCCN4C(=O)[C@@H](Cc4ccccc4)N3C2=O)C=C2c3cccc4[nH]cc(c34)C[C@@H]21","1","train"
"CN1C[C@@H](C(=O)N[C@]2(C)O[C@@]3(O)[C@@H]4CCCN4C(=O)[C@@H](Cc4ccccc4)N3C2=O)C[C@@H]2c3cccc4[nH]cc(c34)C[C@@H]21","1","train"
"CN1C[C@@H](CC#N)C[C@H]2c3cccc4[nH]cc(c34)C[C@H]21","1","train"
"CN1C[C@@H](CSc2ccccn2)C=C2c3cccc4[nH]cc(c34)C[C@H]21","1","train"
"CN1C[C@H](NS(=O)(=O)N(C)C)C[C@H]2c3cccc4c3c(cn4C)C[C@H]21","1","train"
"CN1[C@@H]2CC[C@@H]1CC(OC(=O)c1cn(C)c3ccccc13)C2","1","train"
"CN1[C@H](CSCC(F)(F)F)Nc2cc(Cl)c(S(N)(=O)=O)cc2S1(=O)=O","1","train"
"CN1[C@H]2CC(OC(=O)[C@@H](CO)c3ccccc3)C[C@@H]1[C@@H]1O[C@H]12","1","train"
"CN1c2ccccc2N(CCCCCCC(=O)O)c2ccc(Cl)cc2S1(=O)=O","1","train"
"CN1c2ccccc2[C@@H](NCCCCCCC(=O)O)c2ccc(Cl)cc2S1(=O)=O","1","train"
"CNCCC[C@]1(c2ccccc2)SC(C)(C)c2ccccc21","1","train"
"CNCC[C@@H](Oc1ccccc1OC)c1ccccc1","1","train"
"CNCC[C@H](O)[C@H]1C[C@H](SC2=C(C(=O)O)N3C(=O)[C@H]([C@@H](C)O)[C@H]3[C@@H]2C)CN1","0","train"
"CNS(=O)(=O)CCc1ccc2[nH]c(C3CCN(C)CC3)cc2c1","1","train"
"CN[C@@H](C)[C@H]1CC[C@H](N)[C@H](O[C@H]2[C@@H](N)C[C@H](N)[C@H](O[C@@H]3OC[C@@](C)(O)[C@@H](NC)[C@@H]3O)[C@H]2O)O1","0","train"
"CN[C@@H](CC(C)C)C(=O)N[C@H]1C(=O)N[C@@H](CC(N)=O)C(=O)N[C@@H]2C(=O)N[C@@H]3C(=O)N[C@@H](C(=O)N[C@@H](C(=O)O)c4cc(O)cc(O)c4-c4cc3ccc4O)[C@@H](O)c3ccc(c(Cl)c3)Oc3cc2cc(c3O[C@H]2O[C@@H](CO)[C@H](O)[C@H](O)[C@H]2O[C@H]2C[C@@](C)(N)[C@H](O)[C@H](C)O2)Oc2ccc(cc2Cl)[C@@H]1O","0","train"
"CN[C@@H]1[C@H](O[C@H]2O[C@@H](CO)[C@H](N)[C@H](O)[C@@H]2O)O[C@@H]2C[C@@H](N)[C@H](O[C@@H]3[C@@H](O)[C@@H](O)[C@@H](N)C[C@H]3N)O[C@@H]2[C@H]1O","0","train"
"CN[C@@H]1[C@H](O[C@H]2[C@@H](O[C@H]3[C@@H](O)[C@@H](O)[C@@H](NC(=N)N)[C@@H](O)[C@@H]3NC(=N)N)O[C@@H](C)[C@@]2(O)C=O)O[C@@H](CO)[C@@H](O)[C@H]1O","0","train"
"CN[C@H]1[C@H](O)[C@H](O[C@@H]2[C@@H](O)[C@H](O[C@H]3OC(CN)=CC[C@@H]3N)[C@@H](N)C[C@H]2N)OC[C@@]1(C)O","0","train"
"CN[C@H]1[C@H](O)[C@H](O[C@@H]2[C@@H](O)[C@H](O[C@H]3O[C@@H](CN)CC[C@@H]3N)[C@@H](N)C[C@H]2N)OC[C@@]1(C)O","0","train"
"CN[C@H]1[C@H](O)[C@H](O[C@@H]2[C@@H](O)[C@H](O[C@H]3O[C@@H](CN)[C@H](O)[C@H](O)[C@@H]3O)[C@@H](N)C[C@H]2NC(=O)[C@H](O)CN)OC[C@@]1(C)O","0","train"
"CNc1cc(OC)c(C(=O)N[C@H]2CCN(Cc3ccccc3)[C@@H]2C)cc1Cl","1","train"
"CO/N=C(/C(=O)N[C@@H]1C(=O)N2C(C(=O)O)=CCS[C@@H]12)c1csc(N)n1","1","train"
"CO/N=C(/C(=O)N[C@H]1C(=O)N(OCC(=O)O)[C@@H]1C)c1csc(N)n1","0","train"
"CO/N=C(/C(=O)N[C@H]1C(=O)N2C(C(=O)O)=C(C=CSc3n[nH]c(=O)c(=O)n3CC=O)CS[C@@H]12)c1csc(N)n1","0","train"
"CO/N=C(/C(=O)N[C@H]1C(=O)N2C(C(=O)O)=C(COC(C)=O)CS[C@@H]12)c1ccco1","0","train"
"CO/N=C(/C(=O)N[C@H]1C(=O)N2C(C(=O)O)=C(COC(C)=O)C[S+]([O-])[C@@H]12)c1csc(N)n1","0","train"
"CO/N=C(/C(=O)N[C@H]1C(=O)N2C(C(=O)OCOC(=O)C(C)(C)C)=CCS[C@@H]12)c1csc(NC(=O)[C@@H](C)N)n1","0","train"
"CO/N=C(/C(=O)N[C@H]1C(=O)N2C(C(=O)O[C@H](C)OC(=O)C(C)(C)OC)=C(COC(N)=O)CS[C@@H]12)c1ccco1","0","train"
"CO/N=C(\C(=O)N[C@H]1C(=O)N(OCC(=O)OCC(=O)OC(C)(C)C)[C@@H]1C)c1csc(N)n1","0","train"
"CO/N=C(\C(=O)N[C@H]1C(=O)N2C(C(=O)O)=C(COC(C)=O)CS[C@@H]12)c1csc(N)n1","0","train"
"CO/N=C(\C(=O)N[C@H]1C(=O)N2C(C(=O)O)=C(CSc3nc(C)c(CC(=O)O)s3)CS[C@@H]12)c1csc(N)n1","0","train"
"CO/N=C(\C(=O)N[C@H]1C(=O)N2C(C(=O)O)=C(CSc3nnnn3C)CS[C@@H]12)c1csc(N)n1","0","train"
"CO/N=C(\C(=O)N[C@H]1C(=O)N2C(C(=O)O)=C(Cn3nnc(C)n3)CS[C@@H]12)c1csc(N)n1","0","train"
"CO/N=C(\C(=O)N[C@H]1C(=O)N2C(C(=O)O)=CCS[C@@H]12)c1csc(N)n1","0","train"
"CO/N=C(\C(=O)N[C@H]1C(=O)N2C(C(=O)O[C@H](C)OC(C)=O)=C(COC(N)=O)CS[C@@H]12)c1ccco1","0","train"
"COC(=O)C1=C(C#N)NC(C)=C(C(=O)OC(C)C)[C@H]1c1cccc([N+](=O)[O-])c1","1","train"
"COC(=O)C1=C(C)NC(C)=C(C(=O)OC(C)C)[C@H]1c1cccc2nonc12","1","train"
"COC(=O)C1=C(C)NC(C)=C(C(=O)OCC(C)C)[C@H]1c1ccccc1[N+](=O)[O-]","1","train"
"COC(=O)C1=C(C)NC(C)=C(OC(C)=O)[C@H]1c1ccccc1[N+](=O)[O-]","1","train"
"COC(=O)[C@@H](c1ccccc1)[C@H]1CCCCN1","1","train"
"COC(=O)[C@@H]1[C@@H]2C[C@@H]3c4[nH]c5ccc(Cl)cc5c4CCN3C[C@@H]2C[C@@H](OC(=O)c2cc(OC)c(OC)c(OC)c2)[C@@H]1OC","1","train"
"COC(=O)[C@@H]1[C@@H]2C[C@@H]3c4[nH]c5ccccc5c4CCN3C[C@@H]2C[C@@H](OC(=O)c2cc(OC)c(OC)c(OC)c2)[C@@H]1OC","1","train"
"COC(=O)[C@H]1[C@@H](OC)[C@@H](OC)C[C@H]2CN3CCc4c([nH]c5cc(OC)ccc45)[C@H]3C[C@H]21","1","train"
"COC(=O)c1c(C)cc([N+](=O)[O-])c(C(=O)OCCN(C)Cc2ccccc2)c1C1C=C(C)NC(C)=C1","1","train"
"COC(OC)C(=O)[C@@]12OC(C)(C)O[C@H]1C[C@H]1[C@H]3C[C@H](F)C4=CC(=O)C=C[C@@]4(C)[C@@]3(F)[C@H](O)C[C@]12C","1","train"
"COC1=CC(=O)O[C@H]1[C@H](O)c1ccccc1Cl","1","train"
"COCC(=O)O[C@@]1(CCN(C)CCCc2nc3ccccc3[nH]2)CCc2cc(F)ccc2[C@H]1C(C)C","0","train"
"COCC1=C(C(=O)O[C@H](C)OC(=O)OC(C)C)N2C(=O)[C@H](NC(=O)C(=NOC)c3csc(N)n3)[C@@H]2SC1","1","train"
"COCOC(=O)[C@H]1N2C(=O)[C@@H](N3C(=O)[C@H](c4ccc(O)cc4)NC3(C)C)[C@H]2SC1(C)C","0","train"
"COC[C@H]1CN(c2ccc(OCC[C@H](O)C(F)(F)F)cc2)C(=O)O1","1","train"
"COC[C@H]1CN=C(c2ccccc2Cl)c2cc(Br)ccc2N1C","1","train"
"CON=C(C(=O)N[C@H]1C(=O)N2C(C(=O)O)=C(CSc3nc(C)c(CC(=O)O)s3)CS[C@@H]12)c1csc(N)n1","0","train"
"CO[C@@]1(NC(=O)C2SC(=C(C#N)C(=O)O)S2)C(=O)N2C(C(=O)O)=C(CSc3nnnn3C)CS[C@H]21","0","train"
"CO[C@@]1(NC(=O)C2SC(=C(C(N)=O)C(=O)O)S2)C(=O)N2C(C(=O)O)=C(CSc3nnnn3C)CS[C@H]21","0","train"
"CO[C@@]1(NC(=O)CSC[C@H](N)C(=O)O)C(=O)N2C(C(=O)O)=C(CSc3nnnn3C)CS[C@H]21","0","train"
"CO[C@@]1(NC(=O)Cc2cccs2)C(=O)N2C(C(=O)O)=C(COC(N)=O)CS[C@H]21","0","train"
"CO[C@@]1(NC(=O)[C@@H](C(=O)O)c2ccsc2)C(=O)N2[C@H]1SC(C)(C)[C@H]2C(=O)O","0","train"
"CO[C@@]12C=C[C@@]3(C[C@H]1C(C)(C)O)[C@H]1Cc4ccc(O)c5c4[C@]3(CCN1CC1CC1)[C@@H]2O5","1","train"
"CO[C@@]12CC[C@@]3(C[C@H]1C(C)(C)O)[C@H]1Cc4ccc(O)c5c4[C@]3(CCN1CC1CC1)[C@@H]2O5","1","train"
"CO[C@@]12CC[C@@]3(C[C@H]1[C@@](C)(O)C(C)(C)C)[C@H]1Cc4ccc(O)c5c4[C@]3(CCN1CC1CC1)[C@@H]2O5","1","train"
"CO[C@@]12[C@H](COC(N)=O)C3=C(C(=O)C(C)=C(N)C3=O)N1C[C@H]1N[C@H]12","0","train"
"CO[C@H]1C=CO[C@@]2(C)Oc3c(C)c(O)c4c(O)c(c(/C=N/N5CCN(C)CC5)c(O)c4c3C2=O)NC(=O)C(C)=CC=C[C@H](C)[C@H](O)[C@H](C)[C@H](O)[C@H](C)[C@@H](OC(C)=O)[C@@H]1C","0","train"
"CO[C@H]1C=CO[C@@]2(C)Oc3c(C)c(O)c4c(O)c(c(/C=N/N5CCN(C6CCCC6)CC5)c(O)c4c3C2=O)NC(=O)C(C)=CC=C[C@H](C)[C@H](O)[C@H](C)[C@H](O)[C@H](C)[C@@H](OC(C)=O)[C@@H]1C","0","train"
"CO[C@H]1C=CO[C@@]2(C)Oc3c(C)c(O)c4c(O)c(c5c(nc6cc(C)ccn65)c4c3C2=O)NC(=O)C(C)=CC=C[C@H](C)[C@H](O)[C@H](C)[C@H](O)[C@H](C)[C@@H](OC(C)=O)[C@@H]1C","0","train"
"CO[C@H]1C=CO[C@@]2(C)Oc3c(C)c(O)c4c(O)c(cc(O)c4c3C2=O)NC(=O)C(C)=CC=C[C@H](C)[C@H](O)[C@H](C)[C@H](O)[C@H](C)[C@@H](OC(C)=O)[C@@H]1C","0","train"
"CO[C@H]1C=CO[C@@]2(C)Oc3c(C)c(O)c4c(c3C2=O)C2=NC3(CCN(CC(C)C)CC3)NC2=C(NC(=O)C(C)=CC=C[C@H](C)[C@H](O)[C@H](C)[C@H](O)[C@H](C)[C@@H](OC(C)=O)[C@@H]1C)C4=O","0","train"
"CO[C@H]1CCC[C@H]2C1=C(C=O)N1C(=O)[C@H]([C@@H](C)O)[C@@H]21","0","train"
"CO[C@H]1C[C@H](O[C@@H]2[C@@H](C)C(=O)O[C@@H](C)[C@@H](C)[C@@H](O)[C@@H](C)C(=O)[C@]3(CO3)C[C@@H](C)[C@H](O[C@H]3O[C@H](C)C[C@@H](N(C)C)[C@@H]3O)[C@H]2C)O[C@H](C)[C@@H]1O","0","train"
"CO[C@H]1C[C@H](O[C@@H]2[C@@H](C)C(=O)O[C@@H](C)[C@@H](C)[C@H](OC(C)=O)[C@@H](C)C(=O)[C@]3(CO3)C[C@@H](C)[C@H](O[C@H]3O[C@H](C)C[C@@H](N(C)C)[C@H]3OC(C)=O)[C@H]2C)O[C@H](C)[C@H]1OC(C)=O","0","train"
"CO[C@H]1O[C@H]2O[C@@]3(CN4CCCCC4)[C@H](O)C[C@@H]([C@@H]2C)[C@@H]13","1","train"
"CO[C@H]1[C@H](O)CC(=O)O[C@H](C)CC=CC=C[C@@H](O[C@H]2CC[C@@H](N(C)C)[C@H](C)O2)[C@H](C)C[C@@H](CC=O)[C@H]1O[C@H]1O[C@H](C)[C@@H](O[C@H]2C[C@@](C)(O)[C@H](O)[C@H](C)O2)[C@@H](N(C)C)[C@@H]1O","0","train"
"CO[C@H]1[C@H](O)CC(=O)O[C@H](C)CC=CC=C[C@H](O)[C@H](C)C[C@@H](CC=O)[C@H]1O[C@H]1O[C@H](C)[C@@H](O[C@H]2C[C@@](C)(O)[C@H](O)[C@H](C)O2)[C@@H](N(C)C)[C@@H]1O","0","train"
"CO[C@H]1[C@H](O)[C@H](N)[C@@H](O[C@H]2O[C@H]([C@@H](C)N)CC[C@@H]2N)[C@H](O)[C@H]1N(C)C(=O)CN","0","train"
"CO[C@H]1[C@H](OC(C)=O)CC(=O)O[C@H](C)CC=CC=C[C@H](O)[C@H](C)C[C@@H](CC=O)[C@H]1O[C@H]1O[C@H](C)[C@@H](O[C@H]2C[C@@](C)(O)[C@@H](OC(=O)CC(C)C)[C@H](C)O2)[C@@H](N(C)C)[C@@H]1O","0","train"
"COc1c(N2CCN[C@@H](C)C2)c(F)cc2c(=O)c(C(=O)O)cn(C3CC3)c12","1","train"
"COc1cc([C@H]2c3cc4c(cc3[C@@H](O[C@H]3O[C@H]5CO[C@H](C)O[C@H]5[C@H](O)[C@@H]3O)[C@H]3COC(=O)[C@@H]23)OCO4)cc(OC)c1O","0","train"
"COc1cc([C@H]2c3cc4c(cc3[C@@H](O[C@H]3O[C@H]5CO[C@H](c6cccs6)O[C@H]5[C@H](O)[C@@H]3O)[C@H]3COC(=O)[C@@H]23)OCO4)cc(OC)c1OC","0","train"
"COc1cc2c(cc1OC)CN(C(=O)[C@@H](C)N[C@H](CCc1ccccc1)C(=O)O)[C@@H](C(=O)O)C2","0","train"
"COc1cc2c(cc1OC)S(=O)(=O)O[C@@H](C(=O)N[C@H](C)CC(C)(C)N(C)C)C2","1","train"
"COc1cc2c3cc1Oc1cc(ccc1O)C[C@@H]1c4c(cc(OC)c(O)c4Oc4ccc(cc4)C[C@@H]3[N+](C)(C)CC2)CC[N+]1(C)C","0","train"
"COc1cc2nc(N3CCN(C(=O)[C@@H]4CCCO4)CC3)nc(N)c2cc1OC","1","train"
"COc1cc2nc(N3CCN(C(=O)[C@@H]4COc5ccccc5O4)CC3)nc(N)c2cc1OC","1","train"
"COc1ccc(-c2cc(=O)c3c(O)cc(O[C@H]4O[C@@H](CO[C@H]5O[C@H](C)[C@H](O)[C@H](O)[C@@H]5O)[C@H](O)[C@H](O)[C@@H]4O)cc3o2)cc1O","0","train"
"COc1ccc(C2(C#N)CCC(C(=O)O)CC2)cc1OC1CCCC1","1","train"
"COc1ccc(C[C@H]2c3cc(OC)c(OC)cc3CC[N@@+]2(C)CCC(=O)OCCCCCOC(=O)CC[N@+]2(C)CCc3cc(OC)c(OC)cc3[C@@H]2Cc2ccc(OC)c(OC)c2)cc1OC","0","train"
"COc1ccc(Cl)c2c1CCC[C@H]2N(C)C","1","train"
"COc1ccc([C@H]2Sc3ccccc3N(CCN(C)C)C(=O)[C@H]2OC(C)=O)cc1","0","train"
"COc1ccc2c(c1)N(CC[C@H]1CCCCN1C)c1ccccc1S2","1","train"
"COc1ccc2c(c1)[C@](O)(CCCN(C)C)c1ccccc1S2","1","train"
"COc1ccc2c(c1)c(CC(=O)O)cn2C(=O)c1ccccc1","1","train"
"COc1ccc2c3c([nH]c2c1)[C@H]1C[C@@H]2[C@@H](C[C@@H](OC(=O)c4cc(OC)c(OC)c(OC)c4)[C@H](OC)[C@@H]2OC(C)=O)CN1CC3","1","train"
"COc1ccc2c3c1O[C@@H]1C(=O)CC[C@]4(O)[C@H](C2)N(C)CC[C@@]314","1","train"
"COc1ccc2c3c1O[C@@H]1C[C@@H](O)C=C[C@@]31CCN(C)C2","1","train"
"COc1ccc2c3c1O[C@@H]1C[C@@H](O)C=C[C@]31CCN(C)C2","1","train"
"COc1ccc2c3c1O[C@H]1C(OC(C)=O)=CC[C@H]4[C@@H](C2)N(C)CC[C@@]314","1","train"
"COc1ccc2c3c1O[C@H]1[C@@H](O)C=C[C@@H]4[C@H](C2)N(C)CC[C@]341","1","train"
"COc1ccc2c3c1O[C@H]1[C@@H](O)CC[C@@H]4[C@H](C2)N(C)CC[C@]341","1","train"
"COc1ccc2c3c1O[C@H]1[C@H](O)C=C[C@H]4[C@@H](C2)N(C)CC[C@]341","1","train"
"COc1ccc2c3c1O[C@H]1[C@H](O)C=C[C@H]4[C@@H](C2)NCC[C@]341","1","train"
"COc1ccc2c3c1O[C@H]1[C@H](O)CC[C@H]4[C@@H](C2)N(C)CC[C@]341","1","train"
"COc1ccc2c3c1O[C@H]1[C@H](OC(=O)c4cccnc4)CC[C@H]4[C@@H](C2)N(C)CC[C@]341","1","train"
"COc1cccc([C@@]2(O)CCCC[C@H]2CN(C)C)c1","1","train"
"COc1cccc2c1C(=O)c1c(O)c3c(c(O)c1C2=O)C[C@](O)(C(=O)CO)C[C@H]3O[C@H]1C[C@@H](NC(=O)[C@H](N)CC(C)C)[C@H](O)[C@H](C)O1","0","train"
"COc1cccc2c1C(=O)c1c(O)c3c(c(O)c1C2=O)C[C@](O)(C(=O)CO)C[C@H]3O[C@H]1C[C@H](N)C[C@H](C)O1","0","train"
"COc1cccc2c1C(=O)c1c(O)c3c(c(O)c1C2=O)C[C@](O)(C(=O)CO)C[C@H]3O[C@H]1C[C@H](N)[C@@H](O[C@H]2CCCCO2)[C@H](C)O1","0","train"
"COc1cccc2c1C(=O)c1c(O)c3c(c(O)c1C2=O)C[C@](O)(C(=O)CO)C[C@H]3O[C@H]1C[C@H](N)[C@H](O)[C@H](C)O1","0","train"
"COc1cccc2c1C(=O)c1c(O)c3c(c(O)c1C2=O)C[C@](O)(C(C)=O)C[C@H]3O[C@H]1C[C@H](N)[C@H](O)[C@H](C)O1","0","train"
"COc1ccccc1N1CCN(CCCCN2C(=O)[C@H]3C(=O)N(C(C)(C)C)C(=O)[C@@H](C2=O)C3(C)C)CC1","1","train"
"COc1ccccc1OCCNC[C@@H](O)OCc1cccc2[nH]c3ccccc3c12","1","train"
"COc1ccccc1OCCNC[C@@H](O)c1ccc(C)cc1S(N)(=O)=O","1","train"
"CSc1ccc2c(c1)N(C[C@H](C)CN(C)C)c1ccccc1S2","1","train"
"C[C@@H](CN(C)C)O[C@@](C)(c1ccccc1)c1ccc(Cl)cc1","0","train"
"C[C@@H](CNC(=O)c1ccccc1)C(=O)OCC(=O)[C@@]12OC(C)(C)O[C@H]1C[C@H]1[C@H]3CCC4=CC(=O)C=C[C@@]4(C)[C@@]3(F)[C@H](O)C[C@]12C","1","train"
"C[C@@H](Cc1ccc(O)cc1)N[C@@H](O)Cc1cc(O)cc(O)c1","1","train"
"C[C@@H](Cc1ccccc1)[N@@+](C)([O-])Cc1ccccc1","1","train"
"C[C@@H](NCCn1cnc2c1c(=O)n(C)c(=O)n2C)[C@H](O)c1ccccc1","1","train"
"C[C@@H](Oc1ccccc1)C(=O)N[C@H]1C(=O)N2[C@H]1SC(C)(C)[C@H]2C(=O)O","0","train"
"C[C@@H]([C@](O)(Cn1cncn1)c1ccc(F)cc1F)S(C)(=O)=O","1","train"
"C[C@@H]1C[C@@H]2[C@@H]3CCC4=CC(=O)C=C[C@]4(C)[C@]3(F)[C@@H](O)C[C@]2(C)[C@@]1(O)C(=O)CO","1","train"
"C[C@@H]1NC(=O)[C@@H](NC(=O)c2ncccc2O)[C@@H](C)OC(=O)[C@H](c2ccccc2)NC(=O)[C@H]2CC(=O)CCN2C(=O)[C@@H](Cc2ccc(N(C)C)cc2)N(C)C(=O)[C@H]2CCCN2C1=O","0","train"
"C[C@@H]1O[C@@H](O[C@H]2[C@@H](O)[C@H](O)[C@H](O[C@H]3[C@@H](O)[C@H](O)[C@@H](O)O[C@@H]3CO)O[C@@H]2CO)[C@@H](O)[C@@H](O)[C@@H]1N[C@@H]1C=C(CO)[C@H](O)[C@H](O)[C@H]1O","0","train"
"C[C@@H]1[C@@H](NC(=O)/C(=N/OC(C)(C)C(=O)O)c2csc(N)n2)C(=O)N1S(=O)(=O)O","0","train"
"C[C@@H]1[C@H](NC(=O)C(=NOC(C)(C)C(=O)O)c2csc(N)n2)C(=O)N1S(=O)(=O)O","0","train"
"C[C@@](O)(CS(=O)(=O)c1ccc(F)cc1)C(=O)Nc1ccc(C#N)c(C(F)(F)F)c1","1","train"
"C[C@@]12C=CC(=O)C=C1C(Cl)=C[C@@H]1[C@H]2[C@@H](O)C[C@@]2(C)[C@@H]1CC[C@@]2(O)C(=O)CO","1","train"
"C[C@@]12C=CC(=O)C=C1CC[C@@H]1[C@H]2C(=O)C[C@@]2(C)[C@@H]1CC[C@@]2(O)C(=O)CO","1","train"
"C[C@@]12C=CC(=O)C=C1CC[C@@H]1[C@H]2[C@@H](O)C[C@@]2(C)[C@@H]1CC[C@@]2(O)C(=O)CO","1","train"
"C[C@@]12C=CC(=O)C=C1CC[C@@H]1[C@H]3C[C@@H](O)[C@@](O)(C(=O)CO)[C@]3(C)C[C@@H](O)[C@@]12F","1","train"
"C[C@@]12C=CC(=O)C=C1CC[C@H]1[C@H]3C[C@H](O)[C@@](O)(C(=O)CO)[C@]3(C)C[C@H](O)[C@@]12F","1","train"
"C[C@@]12C=CC(=O)C=C1[C@@H](F)C[C@H]1[C@H]3C[C@H](O)[C@@](O)(C(=O)CO)[C@]3(C)C[C@H](O)[C@@]12F","1","train"
"C[C@@]12C=CC(=O)C=C1[C@H](Cl)C[C@@H]1[C@H]2C(=O)C[C@@]2(C)[C@@H]1CC[C@@]2(O)C(=O)CO","1","train"
"C[C@@]12C=CC(=O)C=C1[C@H](F)C[C@@H]1[C@H]2[C@@H](O)C[C@@]2(C)[C@@H]1CC[C@@]2(O)C(=O)CO","1","train"
"C[C@@]12C=CC(=O)[C@H]1C(=O)CC[C@@H]1[C@H]2[C@@H](O)C[C@@]2(C)[C@@H]1CC[C@@]2(O)C(=O)CO","1","train"
"C[C@@]12CCC(=O)C=C1CC[C@@H]1[C@H]2C(=O)C[C@@]2(C)[C@@H]1CC[C@@]2(O)C(=O)CO","1","train"
"C[C@@]12CCC(=O)C=C1CC[C@@H]1[C@H]2[C@@H](O)C[C@@]2(C)[C@@H]1CC[C@@]2(O)C(=O)COC(=O)CCC(=O)O","1","train"
"C[C@@]12CCC(=O)C=C1CC[C@@H]1[C@H]2[C@@H](O)C[C@@]2(C)[C@@H]1CC[C@@]2(O)C(=O)COC(=O)CCC1CCCC1","1","train"
"C[C@@]12CCC(=O)C=C1CC[C@@H]1[C@H]2[C@@H](O)C[C@@]2(C)[C@@H]1CC[C@@]2(O)C(=O)C[S]","1","train"
"C[C@@]12CCC(=O)C=C1CC[C@H]1[C@H]2CC[C@@]2(C)[C@H](O)CC[C@H]12","1","train"
"C[C@@]12CCC(=O)C=C1CC[C@H]1[C@H]2[C@H](O)C[C@@]2(C)[C@@H](C(=O)CO)CC[C@H]12","1","train"
"C[C@@]12CCC(=O)C=C1CC[C@H]1[C@H]2[C@H](O)C[C@]2(C)[C@@H]1CC[C@@]2(O)C(=O)CO","1","train"
"C[C@@]12CCC3=C4CCC(=O)C=C4CC[C@@H]3[C@H]1CC[C@]2(O)CC#N","1","train"
"C[C@@]12CC[C@@H]3c4ccc(OC(=O)N(CCCl)CCCl)cc4CC[C@@H]3[C@H]1CC[C@@H]2O","1","train"
"C[C@@]12C[C@H](Cl)[C@@]3(Cl)[C@@H](CCC4=CC(=O)C=C[C@]43C)[C@H]1CC[C@@]2(O)C(=O)CO","1","train"
"C[C@@]12C[C@H](N)[C@H]1CN(c1nc3c(cc1F)c(=O)c(C(=O)O)cn3C1CC1)C2","0","train"
"C[C@@]12C[C@H](O)[C@@]3(F)[C@@H](CCC4=CC(=O)C=C[C@]43C)[C@H]1CC[C@@]2(O)C(=O)CO","1","train"
"C[C@@]12C[C@H](O)[C@@]3(F)[C@@H](CCC4=CC(=O)C=C[C@]43C)[C@H]1C[C@H]1Cc3ccccc3C[C@]12C(=O)CO","1","train"
"C[C@@]12C[C@H](O)[C@@]3(F)[C@@H](CCC4=CC(=O)CC[C@]43C)[C@H]1CC[C@@]2(O)C(=O)CO","1","train"
"C[C@@]12N[C@@H](Cc3ccccc31)c1ccccc12","1","train"
"C[C@H](C(=O)O)c1ccc(N2Cc3ccccc3C2=O)cc1","1","train"
"C[C@H](C(=O)O)c1ccc([C@@H]2CCCC(=NO)C2)cc1","1","train"
"C[C@H](C(=O)O)c1cccc(Oc2ccccc2)c1","1","train"
"C[C@H](NCCc1ccc(O)cc1)[C@@H](O)c1ccc(O)cc1","1","train"
"C[C@H](O)[C@@H]1C(=O)N2C(C(=O)O)=C(SCCN=CN)C[C@@H]12","0","train"
"C[C@H](O)[C@H]1C(=O)N2C(C(=O)O)=C(COC(N)=O)S[C@@H]12","0","train"
"C[C@H](O)[C@H]1C(=O)N2C(C(=O)O)=C(F)S[C@@H]12","0","train"
"C[C@H](O)[C@H]1C(=O)N2C(C(=O)O)=C(SCCN=CN)C[C@@H]12","0","train"
"C[C@H](O)[C@H]1C(=O)N2C(C(=O)O)=C(S[C@@H]3CC[C@H](C(=O)N(C)C)N3)[C@@H](C)[C@H]12","0","train"
"C[C@H](O)[C@H]1C(=O)N2C(C(=O)O)=C(S[C@H]3CN[C@H](C(=O)N(C)C)C3)[C@H](C)[C@@H]12","0","train"
"C[C@H](O)[C@H]1C(=O)N2C(C(=O)O)=C([C@H]3CCCO3)S[C@@H]12","0","train"
"C[C@H](c1cc2ccccc2s1)N(O)C(N)=O","1","train"
"C[C@H]1C=CC=CC=CC=CC=CC=CC=C[C@H](O[C@H]2O[C@H](C)[C@H](O)[C@H](N)[C@@H]2O)C[C@H]2O[C@](O)(C[C@H](O)[C@H]2C(=O)O)C[C@@H](O)[C@@H](O)CC[C@@H](O)C[C@@H](O)C[C@@H](O)CC(=O)O[C@H](C)[C@@H](C)[C@H]1O","0","train"
"C[C@H]1CC(=O)NN=C1c1ccc(NN=C(C#N)C#N)cc1","1","train"
"C[C@H]1CCCC[C@]1(c1cccs1)N1CCCCC1","1","train"
"C[C@H]1CO[C@@]2(c3ccccc3Cl)c3cc(Cl)ccc3NC(=O)CN12","1","train"
"C[C@H]1C[C@H]2[C@@H]3[C@H]([C@H](O)C[C@@]2(C)[C@@]1(O)C(=O)CO)[C@]1(C)C=CC(=O)C=C1C[C@H]3Cl","1","train"
"C[C@H]1C[C@H]2[C@H]3CCC4=CC(=O)C=C[C@@]4(C)[C@@]3(F)C(=O)C[C@@]2(C)[C@@]1(O)C(=O)CCl","1","train"
"C[C@H]1C[C@H]2[C@H]3CCC4=CC(=O)C=C[C@@]4(C)[C@@]3(F)[C@H](O)C[C@@]2(C)[C@@]1(OC(=O)c1ccccc1)C(=O)CO","1","train"
"C[C@H]1C[C@H]2[C@H]3CC[C@@H](C(=O)O)[C@@]3(C)C[C@H](O)[C@H]2[C@@]2(C)CCC(=O)C=C12","1","train"
"C[C@H]1C[C@H]2[C@H]3CC[C@@](O)(C(=O)CO)[C@@]3(C)C[C@H](O)[C@H]2[C@@]2(C)C=CC(=O)C=C12","1","train"
"C[C@H]1C[C@H]2[C@H]3CC[C@@](O)(C(=O)COC(=O)CCC(=O)O)[C@@]3(C)C[C@H](O)[C@H]2[C@@]2(C)C=CC(=O)C=C12","1","train"
"C[C@H]1C[C@H]2[C@H]3C[C@H](F)C4=CC(=O)C=C[C@@]4(C)[C@H]3[C@H](O)C[C@@]2(C)[C@@]1(O)C(=O)CO","1","train"
"C[C@H]1C[C@H]2[C@H]3C[C@H](F)C4=CC(=O)C=C[C@@]4(C)[C@H]3[C@H](O)C[C@@]2(C)[C@H]1C(=O)CO","1","train"
"C[C@H]1O[C@@]2(CCCC[C@H]2Oc2cccc(Cl)c2)NC1=O","1","train"
"C[C@H]1O[C@H](O[C@H]2C[C@](O)(C(=O)CO)Cc3c(O)c4c(c(O)c32)C(=O)c2ccccc2C4=O)C[C@H](N)[C@@H]1O","0","train"
"C[C@H]1O[C@H](O[C@H]2[C@H](O)C[C@H](O[C@H]3[C@H](O)C[C@@H](O[C@H]4CC[C@@]5(C)[C@@H](CC[C@H]6[C@H]5C[C@H](O)[C@@]5(C)[C@H](C7=CC(=O)OC7)CC[C@@]65O)C4)O[C@@H]3C)O[C@@H]2C)C[C@H](O)[C@@H]1O","0","train"
"C[C@H]1[C@@H]2C(=O)c3ccc(O)cc3[C@]1(C)CCN2CC1CC1","1","train"
"C[C@H]1[C@H]2Cc3ccc(O)cc3[C@@]1(C)CCN2C","1","train"
"C[C@H]1[C@H]2Cc3ccc(O)cc3[C@@]1(C)CCN2CC1CC1","1","train"
"C[C@H]1[C@H]2Cc3ccc(O)cc3[C@@]1(C)CCN2CCc1ccccc1","1","train"
"C[C@H]1c2cccc(O)c2C(O)=C2C(=O)[C@@]3(O)C(O)=C(C(N)=O)C(=O)[C@@H](N(C)C)[C@H]3[C@H](O)[C@H]21","0","train"
"C[C@]1(c2ccccc2)CC(=O)N(CN2CCOCC2)C1=O","1","train"
"C[C@]1(c2ccccc2)O[C@H]2C[C@H]3[C@H]4CCC5=CC(=O)C=C[C@@]5(C)[C@@]4(F)[C@H](O)C[C@@]3(C)[C@]2(C(=O)CO)O1","1","train"
"C[C@]12CC(=O)[C@@H]3[C@@H](CC[C@@H]4C[C@@H](O)CC[C@]43C)[C@H]1CC[C@H]2C(=O)CO","1","train"
"C[N+](C)(CCOc1ccccc1)Cc1ccccc1","0","train"
"C[N+]1(C)CC[C@H](OC(=O)[C@@](O)(c2ccccc2)C2CCCC2)C1","0","train"
"C[N+]1([O-])[C@H]2CC[C@H]1CC(OC(=O)[C@@H](CO)c1ccccc1)C2","1","train"
"Cc1c(N(C)C)c(=N)n(-c2ccccc2)n1C","1","train"
"Cc1cc(NC(=O)C2=C(O)c3ccccc3S(=O)(=O)[C@@H]2C)no1","1","train"
"Cc1cc(NS(=O)(=O)c2ccc(N)cc2)nc(C)n1","1","train"
"Cc1cc(O)c(C(=O)N[C@@H](C(=O)N[C@H]2C(=O)N3C(C(=O)O)=C(CSc4nnnn4C)CS[C@@H]23)c2ccc(O)cc2)cn1","0","train"
"Cc1cc2nc3c(=O)[nH]c(=O)nc-3n(C[C@@H](O)[C@H](O)[C@H](O)CO)c2cc1C","1","train"
"Cc1ccc(-c2c(-c3ccc(S(C)(=O)=O)cc3)cc(Cl)c[n+]2[O-])cn1","1","train"
"Cc1ccc(C(=CCN2CCCC2)c2cccc(/C=C/C(=O)O)n2)cc1","1","train"
"Cc1ccc(O)c([C@@H](CCN(C(C)C)C(C)C)c2ccccc2)c1","1","train"
"Cc1ccc(S(=O)(=O)NC(=O)NN2C[C@H]3CCC[C@H]3C2)cc1","1","train"
"Cc1ccc(S(=O)(=O)NC(=O)N[C@@H]2[C@H]3CC[C@](C)([C@H]2O)C3(C)C)cc1","1","train"
"Cc1ccc2c(c1)[C@H]1CN(C)CC[C@H]1N2","1","train"
"Cc1ccc2c(c1)[C@]13CCCC[C@H]1[C@@H](C2)N(C)CC3","1","train"
"Cc1cccc2c1Oc1ccccc1[C@]1(O)CCN(C)C[C@H]21","1","train"
"Cc1ccccc1N1C(=O)c2cc(S(N)(=O)=O)c(Cl)cc2N[C@@H]1C","1","train"
"Cc1cn([C@H]2C=C[C@H](CO)O2)c(=O)nc1N","1","train"
"Cc1cnc(C(=O)O)c[n+]1[O-]","1","train"
"Cc1cnn(-c2c(Cl)cccc2Cl)c1C(=O)N[C@H]1C(=O)N2[C@H]1SC(C)(C)[C@H]2C(=O)O","0","train"
"Cc1nc(NCc2cccnc2)c(C#N)c(=O)[nH]1","1","train"
"Cc1nnc(SCC2=C(C(=O)OCc3oc(=O)oc3C)N3C(=O)[C@H](NC(=O)[C@H](OC(=O)[C@H](C)N)c4ccccc4)[C@@H]3SC2)s1","0","train"
"Cc1nsc(NS(=O)(=O)c2ccc(N)cc2)c1C","1","train"
"Cc1oc(=O)oc1COC(=O)[C@H]1N2C(=O)[C@@H](NC(=O)[C@H](N)c3ccccc3)[C@H]2SC1(C)C","0","train"
"Cc1onc(-c2c(Cl)cccc2Cl)c1C(=O)N[C@H]1C(=O)N2[C@H]1SC(C)(C)[C@H]2C(=O)O","0","train"
"Cc1onc(-c2c(F)cccc2Cl)c1C(=O)N[C@@H]1C(=O)N2[C@H]1SC(C)(C)[C@H]2C(=O)O","1","train"
"Cc1onc(-c2c(F)cccc2Cl)c1C(=O)N[C@H]1C(=O)N2[C@H]1SC(C)(C)[C@H]2C(=O)O","0","train"
"Cc1onc(-c2ccccc2)c1C(=O)N[C@H]1C(=O)N2[C@H]1SC(C)(C)[C@H]2C(=O)O","0","train"
"Cc1onc(-c2ccccc2Cl)c1C(=O)N[C@H]1C(=O)N2[C@H]1SC(C)(C)[C@H]2C(=O)O","0","train"
"Cn1c(=O)c2c(ncn2CCCNC[C@@H](O)c2cc(O)cc(O)c2)n(C)c1=O","1","train"
"Cn1nnnc1SCC1=C(C(=O)O)N2C(=O)[C@@H](NC(=O)CS/C=C/C#N)[C@H]2SC1","0","train"
"FC(F)O[C@H](F)C(F)(F)F","1","train"
"N#CC(=Cc1ccc(O)cc1)/C(C#N)=C\c1ccc(O)cc1","0","train"
"N#C[C@H](O[C@@H]1O[C@@H](CO[C@@H]2O[C@@H](CO)[C@@H](O)[C@H](O)[C@@H]2O)[C@@H](O)[C@H](O)[C@@H]1O)c1ccccc1","0","train"
"N=C(NCCCCNC(=N)NC(=N)Nc1ccc(Cl)cc1)NC(=N)Nc1ccc(Cl)cc1","0","train"
"N=c1nc(N2CCCCC2)ccn1O","1","train"
"N=c1nc2n(cc1F)[C@H]1O[C@@H](CO)[C@H](O)[C@H]1O2","1","train"
"NC(=O)CN1C[C@H](O)CC1=O","1","train"
"NC(=O)N1C(=O)[C@@H](C(=O)c2cccs2)c2cc(Cl)ccc21","1","train"
"NC(=O)OC[C@@H]1[C@H](NC(=O)C(=NOCC(=O)O)c2csc(N)n2)C(=O)N1S(=O)(=O)O","0","train"
"NC(N)=NC[C@@H]1COC2(CCCCC2)O1","1","train"
"NC1=NC(=O)N([C@H]2CS[C@H](CO)O2)CC1","1","train"
"NCCC[C@](N)(C(=O)O)C(F)F","1","train"
"NC[C@@H]1O[C@@H](O[C@H]2[C@@H](N)C[C@H](N)[C@H](O)[C@H]2O[C@@H]2O[C@H](CO)[C@H](OC[C@@H]3O[C@@H](CN)[C@@H](O)[C@@H](O)[C@@H]3N)[C@H]2O)[C@@H](N)[C@H](O)[C@@H]1O","0","train"
"NC[C@@H]1O[C@H](O[C@@H]2[C@@H](N)C[C@@H](N)[C@@H](O)[C@@H]2O[C@@H]2O[C@H](CO)[C@H](O[C@@H]3O[C@H](CN)[C@@H](O)[C@@H](O)[C@H]3N)[C@H]2O)[C@@H](N)[C@@H](O)[C@H]1O","0","train"
"NC[C@H]1CC[C@H](N)[C@H](O[C@H]2[C@H](N)C[C@H](N)[C@@H](O[C@H]3O[C@@H](CO)[C@H](O)[C@H](N)[C@@H]3O)[C@@H]2O)O1","0","train"
"NC[C@H]1O[C@@H](O[C@@H]2[C@@H](O)[C@H](O[C@H]3O[C@@H](CO)[C@H](O)[C@H](N)[C@@H]3O)[C@@H](N)C[C@H]2N)[C@H](O)[C@H](O)[C@@H]1O","0","train"
"NC[C@H]1O[C@@H](O[C@H]2[C@H](N)C[C@@H](NC(CO)CO)[C@@H](O[C@H]3O[C@@H](CO)[C@H](O)[C@H](N)[C@@H]3O)[C@@H]2O)[C@H](N)[C@H](O)[C@@H]1O","0","train"
"NC[C@H]1O[C@@H](O[C@H]2[C@H](N)C[C@H](N)[C@@H](O[C@H]3O[C@@H](CO)[C@H](O)[C@H](N)[C@@H]3O)[C@@H]2O)[C@H](N)C[C@@H]1O","0","train"
"NC[C@H]1O[C@@H](O[C@H]2[C@H](N)C[C@H](N)[C@@H](O[C@H]3O[C@@H](CO)[C@H](O)[C@H](N)[C@@H]3O)[C@@H]2O)[C@H](N)[C@H](O)[C@@H]1O","0","train"
"NNC(=O)NNN1C(=O)c2cc(S(=O)(=O)O)cc3c(N)c(S(=O)(=O)O)cc(c23)C1=O","0","train"
"NS(=O)(=O)c1cc(C(=O)O)cc(N2CCCC2)c1Oc1ccccc1","1","train"
"NS(=O)(=O)c1cc2c(cc1C(F)(F)F)N[C@H](Cc1ccccc1)NS2(=O)=O","1","train"
"NS(=O)(=O)c1cc2c(cc1Cl)N[C@H](CN1CCCC1)NS2(=O)=O","1","train"
"N[C@@H](C(=O)N[C@H]1C(=O)N2C(C(=O)O)=C(CSc3cn[nH]n3)CS[C@@H]12)c1ccc(O)cc1","0","train"
"N[C@@H](C(=O)N[C@H]1C(=O)N2C(C(=O)O)=C(Cl)CC[C@@H]12)c1ccccc1","0","train"
"N[C@@H](C(=O)N[C@H]1C(=O)N2C(C(=O)O)=C(Cl)CS[C@@H]12)c1ccccc1","0","train"
"Nc1ccc(S(=O)(=O)c2ccc(O)cc2)cc1","1","train"
"Nc1ccn([C@H]2CC[C@H](CO)O2)c(=O)n1","1","train"
"Nc1nc(C(=CCC(=O)O)C(=O)N[C@H]2C(=O)N3C(C(=O)O)=CCS[C@@H]23)cs1","0","train"
"O=C(CCCN1CCC(O)(c2cccc(Cl)c2)CC1)c1ccc(F)cc1","1","train"
"O=C(COCCOCCOCC(=O)Nc1c(I)cc(I)c(C(=O)O)c1I)Nc1c(I)cc(I)c(C(=O)O)c1I","0","train"
"O=C(O)Cc1ccc2c(c1)C(=O)c1ccccc1CO2","1","train"
"O=C(O)Cc1ccccc1Oc1ccc(Cl)cc1Cl","1","train"
"O=C(O)[C@H]1CCN1C12CC3CC(CC(C3)C1)C2","1","train"
"O=C(O)c1ccccc1C(=O)Nc1ccc(S(=O)(=O)Nc2nccs2)cc1","0","train"
"O=C(O[C@H]1CN2CCC1CC2)c1ccccc1","1","train"
"O=C(c1ccc(F)cc1)C1CCN(CCn2c(=O)[nH]c3ccccc3c2=O)CC1","1","train"
"O=C1CC[C@@H](N2C(=O)[C@H]3[C@H]4CC[C@@H](C4)[C@H]3C2=O)C(=O)N1","1","train"
"O=C1CC[C@@H](N2C(=O)c3ccccc3C2=O)C(=O)N1","1","train"
"O=C1CC[C@@]2(O)[C@H]3Cc4ccc(O)c5c4[C@]2(CCN3CC2CC2)[C@H]1O5","1","train"
"O=C1CC[C@H](C(=O)N[C@H]2C[C@H]2c2ccccc2)N1","1","train"
"O=C1CC[C@]2(O)[C@H]3Cc4ccc(O)c5c4[C@]2(CCN3CC2CC2)[C@@H]1O5","1","train"
"O=C1CN(/N=C\c2ccc([N+](=O)[O-])o2)C(=O)N1","1","train"
"O=C1CN2CCO[C@@]2(c2ccccc2F)c2cc(Br)ccc2N1","1","train"
"O=C1CN2CCO[C@@]2(c2ccccc2F)c2cc(Cl)ccc2N1CCO","1","train"
"O=C1C[C@H](c2cccc(Br)c2)C(=O)N1","1","train"
"O=C1C[C@H]2c3cc(Cl)ccc3O[C@]3(CCNC[C@@H]23)N1","1","train"
"O=C1NC(=O)C(C[C@H]2CCCCN2)(c2ccccc2)C(=O)N1","1","train"
"O=C1NNC(=O)C1(c1ccccc1)c1ccccc1","1","train"
"O=C1NS(=O)(=O)c2ccccc21","1","train"
"O=C1OCC[C@@H]1C1(O)CCN(CCCN2c3ccccc3Sc3ccc(Cl)cc32)CC1","1","train"
"O=C1[C@@H]2[C@H]3C=C[C@@H]([C@@H]4C=C[C@@H]43)[C@H]2C(=O)N1CCCCN1CCN(c2ncccn2)CC1","1","train"
"O=C1[C@@H]2[C@H]3CC[C@@H](C3)[C@H]2C(=O)N1CCCCN1CCN(c2ncccn2)CC1","1","train"
"O=CN(O)CCCP(=O)(O)O","0","train"
"O=[N+]([O-])O[C@@H]1CO[C@@H]2[C@@H]1OC[C@H]2O[N+](=O)[O-]","1","train"
"O=[N+]([O-])O[C@H]1CO[C@@H]2[C@H](O)CO[C@@H]12","1","train"
"O=c1[nH]c2ccccc2n1C1CCN(CCC(c2ccc(F)cc2)c2ccc(F)cc2)CC1","1","train"
"O=c1[nH]c2ccccc2n1CCCN1CCN(C(c2ccccc2)c2ccccc2)CC1","1","train"
"OC(c1ccccc1)(c1ccccc1)[C@H]1C[C@H]1c1ccncc1","1","train"
"OCCN1CCN([C@H]2C[C@@H](c3ccc(F)cc3)c3ccc(C(F)(F)F)cc32)CC1","1","train"
"OC[C@@H]1O[C@@H](O[C@@H]2[C@H](CO)O[C@@](O)(CO)[C@H]2O)[C@@H](O)[C@@H](O)[C@@H]1O","0","train"
"ON=Cc1cc[n+](COC[n+]2ccc(/C=N/O)cc2)cc1","0","train"
"O[C@@](CCN1CCCC1)(c1ccccc1)C1CCCCC1","1","train"
"O[C@@]1(c2ccc(Cl)cc2)c2ccccc2C2=NCCN21","1","train"
"O[C@](CCN1CCCCC1)(c1ccccc1)C1CCCCC1","1","train"
"O[C@](CCN1CCCCC1)(c1ccccc1)[C@@H]1C[C@H]2C=C[C@H]1C2","1","train"
"Oc1ccc2c3c1O[C@@H]1[C@@H](O)C=C[C@H]4[C@@H](C2)NCC[C@@]314","1","train"
"Oc1ccc2c3c1O[C@@H]1[C@@H](O)CC[C@@]4(O)[C@@H](C2)N(CC2CCC2)CC[C@@]314","1","train"
"Oc1ccc2c3c1O[C@@H]1[C@@H](O)CC[C@]4(O)[C@@H](C2)N(CC2CCC2)CC[C@@]314","1","train"
"c1ccc(C2(c3ccccc3)OC[C@H]([C@H]3CCCCN3)O2)cc1","1","train"
"c1ccc([C@H]2CCN(C[C@H]3CCCc4c3ccc3c4OCO3)C2)cc1","1","train"
"c1ccc2c(c1)Sc1ccccc1N2C[C@@H]1CN2CCC1CC2","1","train"
"C/C(=C\C(N)C(=O)O)CP(=O)(O)O","1","train"
"CN1CCc2cc(Cl)c(O)cc2C(c2ccccc2)C1","1","train"
"Clc1cccc(N2CCNCC2)c1","1","train"
"O=C(O)[C@@H]1C[C@H](CP(=O)(O)O)CCN1","1","train"
"CC(C)c1nc(N(C)S(C)(=O)=O)nc(-c2ccc(F)cc2)c1/C=C/[C@@H](O)C[C@@H](O)CC(=O)O","1","train"
"CCC(C)(C)C(=O)O[C@H]1C[C@@H](C)C=C2C=C[C@H](C)[C@H](CC[C@@H](O)C[C@@H](O)CC(=O)O)[C@H]21","1","train"
"CN1CCC[C@@H]1Cc1c[nH]c2ccc(CCS(=O)(=O)c3ccccc3)cc12","1","train"
"CN1[C@H]2CC[C@@H]1CC(OC(=O)c1c[nH]c3ccccc13)C2","1","train"
"C[C@@H](O[C@H]1OCCN(Cc2n[nH]c(=O)[nH]2)[C@H]1c1ccc(F)cc1)c1cc(C(F)(F)F)cc(C(F)(F)F)c1","1","train"
"c1cnc2cc3c(cc2n1)C1CNCC3C1","1","train"
"COc1cc(C2c3cc4c(cc3C(OC3OC5COC(c6cccs6)OC5C(O)C3O)C3COC(=O)C23)OCO4)cc(O)c1O","1","train"
"COc1cccc(CC(=O)N2CCN(C(C)=O)CC2CN2CCC(O)C2)c1","0","train"
"C[N+]1(C)CCCC(OC(=O)[C+](O)(c2ccccc2)c2ccccc2)C1","0","train"
"C[N+]12CCC(CC1)C(OC(=O)C(O)(c1ccccc1)[C+]1CCCCC1)C2","0","train"
"CN1CC[C@@]23c4c5ccc(O)c4O[C@@H]2[C@H](O)C=C[C@@H]3[C@@H]1C5","1","train"
"CO[C@]12C[C@@H](COC(=O)c3cncc(Br)c3)CN(C)[C@@H]1Cc1cn(C)c3cccc2c13","1","train"
"COc1ccc2c3c1O[C@H]1C(=O)CCC4[C@@H](C2)N(C)CC[C@@]341","1","train"
"COc1ccc2c3c1O[C@H]1C[C@@H](O)C=C[C@@]31CCCC2","1","train"
"Cc1c(C(=O)NN2CCCCC2)nn(-c2ccc(Cl)cc2Cl)c1-c1ccc(Cl)cc1","1","train"
"Oc1cc2cc(CCN3CCN(c4nsc5ccccc45)CC3)c(Cl)cc2[nH]1","1","train"
"CC(C1=C(CCN(C)C)Cc2ccccc21)c1ccccn1","1","train"
"CCCCCOC(=O)Nc1nc(=O)n([C@@H]2O[C@H](C)[C@@H](O)[C@H]2O)cc1F","1","train"
"CN1CCN(CCCN2c3ccccc3Sc3ccccc32)CC1","1","train"
"COc1ccc2[nH]ccc2c1","1","train"
"O=C(N/N=C/c1ccc([N+](=O)[O-])o1)c1ccc(O)cc1","0","train"
"Oc1cc(Cl)ccc1Oc1ccc(Cl)cc1Cl","1","train"
"c1ccc2[nH]c(-c3cscn3)nc2c1","0","train"
"CC(C)(C)c1ccc([C@H](O)CCCN2CCC(C(O)(c3ccccc3)c3ccccc3)CC2)cc1","0","train"
"CC(=O)CC(c1ccc([N+](=O)[O-])cc1)c1c(O)c2ccccc2oc1=O","0","train"
"CC(C)(C#N)c1cc(Cn2cncn2)cc(C(C)(C)C#N)c1","0","train"
"CC(C)(C(=O)c1cccnc1)c1cccnc1","0","train"
"CC1(C)NC(=O)N(c2ccc([N+](=O)[O-])c(C(F)(F)F)c2)C1=O","0","train"
"CC1=Nc2ccc(Cl)cc2S(=O)(=O)N1","0","train"
"CCC1=C(C)CN(C(=O)NCCc2ccc(S(=O)(=O)NC(=O)NC3CCC(C)CC3)cc2)C1=O","0","train"
"CCCCC1=NC2(CCCC2)C(=O)N1Cc1ccc(-c2ccccc2-c2nn[nH]n2)cc1","0","train"
"CCCCCc1cc(O)c2c(c1)OC(C)(C)C1CCC(C)=CC21","1","train"
"CCCCNc1cc(C(=O)O)cc(S(N)(=O)=O)c1Oc1ccccc1","0","train"
"CCCc1cc(=O)[nH]c(=S)[nH]1","0","train"
"CCCc1nc2c(C)cc(-c3nc4ccccc4n3C)cc2n1Cc1ccc(-c2ccccc2C(=O)O)cc1","0","train"
"CCOC(=O)Nc1ccc2c(c1)N(C(=O)CCN1CCOCC1)c1ccccc1S2","0","train"
"CCn1nc(C(=O)O)c(=O)c2cc3c(cc21)OCO3","0","train"
"CN(CCOc1ccc(NS(C)(=O)=O)cc1)CCc1ccc(NS(C)(=O)=O)cc1","0","train"
"COc1ccc2c(c1)C(=O)N(CCc1ccc(S(=O)(=O)NC(=O)NC3CCCCC3)cc1)C(=O)C2(C)C","0","train"
"CSc1ccc(C(=O)c2[nH]c(=O)[nH]c2C)cc1","0","train"
"Cc1ccc(S(=O)(=O)NC(=O)NN2CC3CCCC3C2)cc1","0","train"
"Cc1cccc(Nc2ccncc2S(=O)(=O)NC(=O)NC(C)C)c1","0","train"
"Cc1cnc(C(=O)NCCc2ccc(S(=O)(=O)NC(=O)NC3CCCCC3)cc2)cn1","0","train"
"Cc1nnc(NS(=O)(=O)c2ccc(N)cc2)s1","0","train"
"Clc1ccc2c(c1)CCc1cccnc1C2=C1CCNCC1","0","train"
"N#Cc1ccc(C(c2ccc(C#N)cc2)n2cncn2)cc1","0","train"
"O=C(NCCO[N+](=O)[O-])c1cccnc1","0","train"
"O=C(O)c1cccnc1","0","train"
"O=C1C(CC[S+]([O-])c2ccccc2)C(=O)N(c2ccccc2)N1c1ccccc1","0","train"
"O=C1CN2Cc3c(ccc(Cl)c3Cl)N=C2N1","0","train"
"CCOCCn1c(N2CCCN(C)CC2)nc2ccccc21","1","train"
"CN1CCC(=C2c3ccccc3CC(=O)c3sccc32)CC1","1","train"
